"reason","sku","nikProductId","nikSourceId","normalizedStockQty","published","sourcePrice"
"not_found_by_sku","163AC02OR","69b43ca6c23d34935c3ab072","637","22","true","16.5"
"not_found_by_sku","163ID04","69b43cb1c23d34935c3ab1d1","863","0","true","19.43"
"not_found_by_sku","304CU09","69b43d3ec23d34935c3ac2b9","2401","24","true","5.11"
"not_found_by_sku","119CY05","69b43d4ac23d34935c3ac42a","2533","1","true","6.39"
"not_found_by_sku","162AE00","69b43d82c23d34935c3acae0","3051","21","true","4.09"
"not_found_by_sku","305CU00","69b43d99c23d34935c3acd9d","3239","9","true","6.14"
"not_found_by_sku","300CU60OR","69b43dcac23d34935c3ad397","3643","5","true","4.86"
"not_found_by_sku","149SM01","69b43e0bc23d34935c3adb6d","4185","1","true","14.57"
"not_found_by_sku","305CU01","69b43e37c23d34935c3ae09e","4615","14","true","7.41"
"not_found_by_sku","312CU250","69b43e3bc23d34935c3ae113","4673","9","true","4.35"
"not_found_by_sku","800PE112","69b43e7cc23d34935c3ae8ed","5547","1","true","34.77"
"not_found_by_sku","811PE350OR","69b43e7fc23d34935c3ae94f","5587","32","true","8.4"
"not_found_by_sku","210FR23OR","69b43eb4c23d34935c3aefa8","6074","33","true","2.8"
"not_found_by_sku","301GR03OR","69b43ef6c23d34935c3af78e","6666","22","true","11.5"
"not_found_by_sku","803RO05","69b43f01c23d34935c3af8e3","6756","5","true","9.46"
"not_found_by_sku","125AK00","69b43f09c23d34935c3af9dc","6822","1","true","6.39"
"not_found_by_sku","168LG00","69b43f19c23d34935c3afbb8","6976","22","true","0.41"
"not_found_by_sku","210FR01OR","69b43f1dc23d34935c3afc36","7010","2","true","2.8"
"not_found_by_sku","113ZN25","69b43f31c23d34935c3afea1","7232","7","true","7.16"
"not_found_by_sku","804PE01","69b43f5dc23d34935c3b03f8","7682","1","true","2.3"
"not_found_by_sku","146GR01","69b43faec23d34935c3b0daf","8493","4","true","9.46"
"not_found_by_sku","103AC00","69b44001c23d34935c3b17b5","9357","0","true","7.41"
"not_found_by_sku","312CU85","69b4400fc23d34935c3b195a","9483","1","true","11.25"
"not_found_by_sku","301CU40","69b44018c23d34935c3b1a87","9581","3","true","4.35"
"not_found_by_sku","326CU11OR","69b4401ec23d34935c3b1b3b","9641","44","true","4.4"
"not_found_by_sku","166ZN02OR","69b44035c23d34935c3b1de9","9857","33","true","10.5"
"not_found_by_sku","139EG08","69b44039c23d34935c3b1e78","9897","91","true","3.32"
"not_found_by_sku","308MC01OR","69b44057c23d34935c3b2210","10167","2","true","16"
"not_found_by_sku","806PE502","69b44067c23d34935c3b23ee","10325","0","true","0.77"
"not_found_by_sku","174LG56OR","69b4409bc23d34935c3b2a16","10852","161","true","1.8"
"not_found_by_sku","174LG17OR","69b4409bc23d34935c3b2a1e","10854","1","true","5.52"
"not_found_by_sku","174LG19OR","69b4409bc23d34935c3b2a26","10858","15","true","6.5"
"not_found_by_sku","800PE118OR","69b440a8c23d34935c3b2ba8","11004","0","true","21.47"
"not_found_by_sku","161CY01","69b440c7c23d34935c3b2f70","11278","1","true","11.25"
"not_found_by_sku","139EG03","69b440eec23d34935c3b3402","11596","10","true","5.11"
"not_found_by_sku","308CU80OR","69b44135c23d34935c3b3c79","12226","16","true","5.5"
"not_found_by_sku","326CU143","69b44150c23d34935c3b3fb3","12438","0","true","4.7"
"not_found_by_sku","116LG651OR","69b4415ec23d34935c3b4152","12572","15","true","10"
"not_found_by_sku","308AC11OR","69b4416ec23d34935c3b432e","12706","18","true","12.5"
"not_found_by_sku","200AC05OR","69b44185c23d34935c3b45fe","12883","3","true","14.5"
"not_found_by_sku","148ID06OR","69b441a0c23d34935c3b4927","13075","5","true","19.68"
"not_found_by_sku","167GR02OR","69b441adc23d34935c3b4ab0","13158","75","true","6.5"
"not_found_by_sku","811PE53OR","69b441b1c23d34935c3b4b2e","13190","10","true","9.5"
"not_found_by_sku","143AC08OR","69b4425fc23d34935c3b5d2c","15860","31","true","4.5"
"not_found_by_sku","140BH01OR","69b44269c23d34935c3b5e31","16050","3","true","33.75"
"not_found_by_sku","174LG16OR","69b44278c23d34935c3b600b","16498","4","true","7.41"
"not_found_by_sku","174LG15OR","69b44279c23d34935c3b6013","16502","5","true","4.09"
"not_found_by_sku","139ZN58OR","69b44286c23d34935c3b619c","17243","3","true","26.59"
"not_found_by_sku","162AR68","69b44293c23d34935c3b6316","17714","8","true","21.47"
"not_found_by_sku","143ZN24OR","69b4429ac23d34935c3b63e5","17988","2","true","12.78"
"not_found_by_sku","312AC16OR","69b4429ec23d34935c3b6448","18105","2","true","18.5"
"not_found_by_sku","166IG05OR","69b442abc23d34935c3b65ca","18812","0","true","26.59"
"not_found_by_sku","321IG01OR","69b442aec23d34935c3b6636","18962","4","true","34.77"
"not_found_by_sku","119AC05OR","69b442bdc23d34935c3b67b8","19594","5","true","13.5"
"not_found_by_sku","140ID09OR","69b442c5c23d34935c3b685a","19807","2","true","16.5"
"not_found_by_sku","162AC26OR","69b442c8c23d34935c3b68bd","19941","2","true","98"
"not_found_by_sku","117AC13OR","69b442d0c23d34935c3b69b0","20269","2","true","24"
"not_found_by_sku","600MD75","69b442d8c23d34935c3b6a91","20710","43","true","4.09"
"not_found_by_sku","501FC07OR","69b442e6c23d34935c3b6c24","21328","2","true","47.04"
"not_found_by_sku","312AR14OR","69b442edc23d34935c3b6ce8","21777","1","true","31.7"
"not_found_by_sku","126ZN16OR","69b442ffc23d34935c3b6ee9","22511","3","true","11.25"
"not_found_by_sku","139VE20","69b44305c23d34935c3b6fbd","22742","10","true","5.5"
"not_found_by_sku","140MI08OR","69b44349c23d34935c3b777c","25407","2","true","94.59"
"not_found_by_sku","140IG35OR","69b4435ac23d34935c3b7985","25870","0","true","19.43"
"not_found_by_sku","133AC02OR","69b4436cc23d34935c3b7b98","26412","5","true","5"
"not_found_by_sku","811PE55OR","69b4437bc23d34935c3b7d59","26906","11","true","9.2"
"not_found_by_sku","168SU18OR","69b44387c23d34935c3b7ec1","27294","24","true","3.8"
"not_found_by_sku","165GR06OR","69b44392c23d34935c3b8014","27722","3","true","29.5"
"not_found_by_sku","148ZN40OR","69b4439dc23d34935c3b814f","28039","7","true","28"
"not_found_by_sku","145GR10OR","69b443b6c23d34935c3b840d","28711","4","true","19.5"
"not_found_by_sku","143AR08OR","69b443e3c23d34935c3b8922","30515","5","true","18.66"
"not_found_by_sku","116LG505OR","69b443ecc23d34935c3b8a0c","30674","1","true","12.8"
"not_found_by_sku","174LG21OR","69b443eec23d34935c3b8a54","30733","1","true","6.14"
"not_found_by_sku","174LG22OR","69b443efc23d34935c3b8a5c","30736","7","true","2.86"
"not_found_by_sku","174LG23OR","69b443efc23d34935c3b8a64","30737","8","true","99.7"
"not_found_by_sku","140IG46","69b443fac23d34935c3b8b91","31023","6","true","5.37"
"not_found_by_sku","139ZN54","69b44407c23d34935c3b8cb0","31465","11","true","4.35"
"not_found_by_sku","120AC13OR","69b44407c23d34935c3b8cb9","31542","4","true","9.5"
"not_found_by_sku","202AC01OR","69b4440fc23d34935c3b8d7f","31627","7","true","0.7"
"not_found_by_sku","162FR61","69b44417c23d34935c3b8e60","31859","0","true","11.25"
"not_found_by_sku","140IG49OR","69b44431c23d34935c3b9102","32323","2","true","9.46"
"not_found_by_sku","138GR03OR","69b4443ac23d34935c3b9207","32505","9","true","12.5"
"not_found_by_sku","140BH24","69b4447fc23d34935c3b9903","34367","4","true","29.65"
"not_found_by_sku","156GR01OR","69b44513c23d34935c3ba87a","39659","2","true","58"
"not_found_by_sku","302CU05OR","69b44530c23d34935c3bab76","41048","18","true","38"
"not_found_by_sku","327LG73","69b44542c23d34935c3bad72","41516","4","true","6.39"
"not_found_by_sku","500FC149OR","69b445d6c23d34935c3bbdec","48191","0","true","10.5"
"not_found_by_sku","229FR73OR","69b445dcc23d34935c3bbe8e","48333","6","true","5.52"
"not_found_by_sku","215FR129","69b445e3c23d34935c3bbf5d","48478","0","true","11.25"
"not_found_by_sku","159AC11OR","69b445fcc23d34935c3bc218","49473","1","true","74"
"not_found_by_sku","166ZN07OR","69b44610c23d34935c3bc465","50241","7","true","7.5"
"not_found_by_sku","143SI15","69b44620c23d34935c3bc611","50778","7","true","16.8"
"not_found_by_sku","167AR02OR","69b44645c23d34935c3bca4e","51547","2","true","14.32"
"not_found_by_sku","501FC65OR","69b446a3c23d34935c3bd49d","54068","4","true","61.36"
"not_found_by_sku","138AC03OR","69b446aac23d34935c3bd587","54239","0","true","12.5"
"not_found_by_sku","300CU61OR","69b446adc23d34935c3bd5cf","54313","8","true","7.67"
"not_found_by_sku","300CU80OR","69b446b0c23d34935c3bd61e","54400","10","true","7.67"
"not_found_by_sku","174SM01OR","69b446b4c23d34935c3bd6ad","54500","4","true","9.46"
"not_found_by_sku","140ZN100OR","69b446efc23d34935c3bdd39","55817","2","true","76.69"
"not_found_by_sku","174LG59OR","69b4478fc23d34935c3bed9f","58948","21","true","6.14"
"not_found_by_sku","174LG60OR","69b4478fc23d34935c3beda7","58956","13","true","7.5"
"not_found_by_sku","174LG61OR","69b44790c23d34935c3bedc1","58966","5","true","9.46"
"not_found_by_sku","312GR32OR","69b447a3c23d34935c3befc6","59728","16","true","32"
"not_found_by_sku","202AC05OR","69b447dfc23d34935c3bf643","61393","5","true","13.5"
"not_found_by_sku","174LG30OR","69b447e0c23d34935c3bf655","61418","4","true","12.78"
"not_found_by_sku","301SU02OR","69b447e7c23d34935c3bf720","61649","2","true","42"
"not_found_by_sku","166IG02OR","69b447eac23d34935c3bf767","61726","2","true","47.04"
"not_found_by_sku","150GR09OR","69b4480ec23d34935c3bfb40","62624","2","true","34"
"not_found_by_sku","117MD08","69b4484ec23d34935c3c01e4","64688","5","true","21.47"
"not_found_by_sku","117MD09","69b4484ec23d34935c3c01ed","64697","3","true","36.81"
"not_found_by_sku","117MD10","69b4484fc23d34935c3c01f6","64700","2","true","34.77"
"not_found_by_sku","117MD11","69b4484fc23d34935c3c01ff","64706","3","true","34.77"
"not_found_by_sku","303CU11","69b4484fc23d34935c3c0208","64712","3","true","6.14"
"not_found_by_sku","151ZN04","69b44850c23d34935c3c021a","64722","0","true","18.5"
"not_found_by_sku","140GR11OR","69b44851c23d34935c3c0235","64742","3","true","5.5"
"not_found_by_sku","150GR10OR","69b44855c23d34935c3c02aa","64941","3","true","21.5"
"not_found_by_sku","117SU27OR","69b44856c23d34935c3c02ce","64970","3","true","52"
"not_found_by_sku","163BH07OR","69b44881c23d34935c3c0742","66035","4","true","52"
"not_found_by_sku","302CU40","69d38f14aee9eefaf1f41238","","0","true","16.36"
"not_found_by_sku","161AR14","69fa02b7b6016830e5a48c94","","0","false","0"
"not_found_by_sku","120SU06OR","69fa0344b6016830e5a48cb5","68097","4","true","42"
"not_found_by_sku","325CU27","69ff0b3058138c72b910c231","68420","17","true","2.2"
"not_found_by_sku","117AC03","69ff0b3158138c72b910c241","3479","8","true","14.5"
"not_found_by_sku","159ID08OR","69ff0b3258138c72b910c249","5167","2","true","46"
"not_found_by_sku","167IG14","69ff0b3258138c72b910c251","12977","29","true","6.5"
"not_found_by_sku","167BH07","69ff0b3358138c72b910c261","34452","10","true","16.5"
"not_found_by_sku","163AC18OR","69ff0b3358138c72b910c269","68354","3","true","18.5"
"not_found_by_sku","140ZN93","69ff0b3358138c72b910c279","68497","2","true","42"
"not_found_by_sku","201ZN02","69ff0b3458138c72b910c289","68486","5","true","32"
"not_found_by_sku","167GR10OR","69ff0bf058138c72b910c317","","26","true","10.5"
"not_found_by_sku","139CY14OR","69ff10e858138c72b910c479","13170","4","true","8.5"
"not_found_by_sku","312CU109","69ff11dc58138c72b910c48b","68553","10","true","16"
"not_found_by_sku","312CU110","69ff11dd58138c72b910c493","68555","7","true","16"
"not_found_by_sku","312CU111","69ff11dd58138c72b910c49b","68557","10","true","24"
"not_found_by_sku","312CU112","69ff11dd58138c72b910c4a3","68559","10","true","24"
"not_found_by_sku","312CU113","69ff11de58138c72b910c4ab","68561","10","true","16"
"not_found_by_sku","312CU114","69ff11de58138c72b910c4b3","68563","10","true","24"
"not_found_by_sku","312CU117","69ff11de58138c72b910c4bb","68565","12","true","14"
"not_found_by_sku","312CU118","69ff11de58138c72b910c4c3","68567","12","true","18"
"not_found_by_sku","813PE404","69ff2f8958138c72b910dc01","","60","true","0.1"
"not_found_by_sku","806PE252","69ff2f8958138c72b910dc09","","9","true","2.3"
"not_found_by_sku","816PE20","6a32955863ce2a8468d9e2d3","","0","true","0"
"not_found_by_sku","322CU62","6a32955963ce2a8468d9e2db","","0","true","0"
"not_found_by_sku","803SU02","6a32955a63ce2a8468d9e2e3","","0","true","18.82"
"not_found_by_sku","210FR08","6a32bbda63ce2a8468da27f6","69337","6","true","4.2"
"not_found_by_sku","813PE401","6a33106763ce2a8468da9173","","1","true","0.1"
"not_found_by_sku","813PE405","6a33106763ce2a8468da917b","","60","true","0.1"
"not_found_by_sku","813PE408","6a33106763ce2a8468da9183","","10","true","0.15"
"not_found_by_sku","110ED13","6a33106763ce2a8468da918b","","6","true","15.5"
"not_found_by_sku","806PE199","6a33106863ce2a8468da9193","69308","19","true","3.8"
"not_found_by_sku","111LG230","6a33aaea63ce2a8468daac8d","","0","true","0"
"not_found_by_sku","803SU33","6a346fcb63ce2a8468dad34c","69341","4","true","10.5"
"not_found_by_sku","145BH08","6a346fcb63ce2a8468dad363","69344","5","true","16.5"
"not_found_by_sku","501FC47","6a347e2d63ce2a8468dae6dc","69332","10","true","32"
"not_found_by_sku","102LG200","6a39b60c63ce2a8468e0d699","","41.2","true","1.3"
"not_found_by_sku","167AR03OR","6a39b60c63ce2a8468e0d6a1","27694","50","true","12"
"not_found_by_sku","308AC13OR","6a3a427663ce2a8468e11153","14130","12","true","4"
"not_found_by_sku","147AC05OR","6a3a508a63ce2a8468e11a52","13252","10","true","4.5"
"not_found_by_sku","143AC07OR","6a3a7ab663ce2a8468e12ce2","13239","1","true","12"
"not_found_by_sku","140ID30","6a3cd75e63ce2a8468e3bd54","69484","1","true","18.5"
"not_found_by_sku","312BH27","6a3d47de63ce2a8468e4791b","","0","true","0"
"not_found_by_sku","117SI22","6a3d47df63ce2a8468e47937","","0","true","0"
"not_found_by_sku","803PE602","6a3daa8263ce2a8468e50d17","","10","false","3.3"
"not_found_by_sku","816PE50","6a3daa8263ce2a8468e50d22","","3","false","4.5"
"not_found_by_sku","810PE102","6a3e28e263ce2a8468e5358c","","120.5","true","0.92"
"not_found_by_sku","810PE103","6a3e28e263ce2a8468e53594","","160","true","1.4"
"not_found_by_sku","602BH01OR","6a3f0a0163ce2a8468e56f1d","","12","true","10"
"not_found_by_sku","302CU76","6a42398c7a812b8ec7f35a66","68713","4","true","42"
"not_found_by_sku","308AC08OR","6a4263c57a812b8ec7f36357","11404","33","true","9.5"
"not_found_by_sku","117GR00L","6a43a7299c3767f83b8001ff","","1","true","0.77"
"not_found_by_sku","114LG37","6a44dc819c3767f83b809455","69570","25","true","10.5"
"not_found_by_sku","145GR05OR","6a4506c39c3767f83b809fcc","10305","3","true","12.8"
"not_found_by_sku","601MD10OR","6a4514d09c3767f83b80a50e","9691","7","true","13.5"
"not_found_by_sku","311GR02OR","6a465ad7068fc300483ecb37","69606","10","true","7.5"
"not_found_by_sku","139GR09OR","6a465adc068fc300483ecbea","8031","9","true","5.5"
"not_found_by_sku","811PE399OR","6a469318068fc300483edd40","13377","0","true","48"
"not_found_by_sku","116LG404OR","6a469318068fc300483edd48","","6","true","11"
"not_found_by_sku","162BH25OR","6a469318068fc300483edd50","","6","true","150"
"not_found_by_sku","811PE241OR","6a469319068fc300483edd58","53509","9","true","14.5"
"not_found_by_sku","145SL04","6a473158f8704b009674d022","3491","0","false","0"
"not_found_by_sku","162AR18","6a47315df8704b009674d09a","4923","1","true","0"
"not_found_by_sku","139AC05OR","6a473160f8704b009674d0dc","6072","4","true","4.3"
"not_found_by_sku","139AC04OR","6a473160f8704b009674d0f0","6308","9","true","5.2"
"not_found_by_sku","120AC04OR","6a473163f8704b009674d13c","6850","7","true","8.5"
"not_found_by_sku","308AC04OR","6a473165f8704b009674d167","7310","11","true","7.5"
"not_found_by_sku","304GR01OR","6a473168f8704b009674d1be","8567","18","true","3.5"
"not_found_by_sku","307ZN06OR","6a47316ef8704b009674d241","9515","6","true","22"
"not_found_by_sku","119AC07OR","6a473173f8704b009674d2d0","10746","5","true","7.5"
"not_found_by_sku","301AC03OR","6a473174f8704b009674d2db","10750","22","true","6.5"
"not_found_by_sku","162AC12OR","6a473177f8704b009674d332","11436","6","true","52"
"not_found_by_sku","126AC00OR","6a473177f8704b009674d33d","11686","20","true","6.8"
"not_found_by_sku","312AC13OR","6a473178f8704b009674d353","12348","5","true","12.5"
"not_found_by_sku","307AC10OR","6a47317af8704b009674d389","12682","11","true","11.5"
"not_found_by_sku","143AC05OR","6a47317df8704b009674d3cc","13223","5","true","14.5"
"not_found_by_sku","301AC10OR","6a47317df8704b009674d3d7","13227","6","true","9.5"
"not_found_by_sku","150AC02OR","6a47317ef8704b009674d3ed","13331","7","true","6.5"
"not_found_by_sku","229FR56OR","6a47317ff8704b009674d403","13541","23","true","32"
"not_found_by_sku","165ZN09OR","6a473180f8704b009674d41a","13619","8","true","24.5"
"not_found_by_sku","140AC27OR","6a473182f8704b009674d451","14534","5","true","7.5"
"not_found_by_sku","162AC","6a473182f8704b009674d45c","14551","0","false","0"
"not_found_by_sku","148AC12OR","6a473183f8704b009674d467","15034","6","true","11.5"
"not_found_by_sku","164AC05OR","6a473183f8704b009674d472","15039","4","true","8.5"
"not_found_by_sku","117ZN43OR","6a473185f8704b009674d49f","17477","4","true","62"
"not_found_by_sku","117AR40OR","6a473185f8704b009674d4a9","18015","3","true","36"
"not_found_by_sku","140AC33OR","6a473186f8704b009674d4be","19132","11","true","7.5"
"not_found_by_sku","139AC14OR","6a47318af8704b009674d517","22766","10","true","6.5"
"not_found_by_sku","140ZN72OR","6a47318bf8704b009674d543","24704","5","true","42"
"not_found_by_sku","139AC15OR","6a47318df8704b009674d56e","26045","7","true","5.2"
"not_found_by_sku","140AC38OR","6a47318df8704b009674d579","26420","3","true","10.5"
"not_found_by_sku","200AC10OR","6a47318ff8704b009674d5a6","27559","0","true","11.5"
"not_found_by_sku","131AC05OR","6a473191f8704b009674d5d3","30395","4","true","9.5"
"not_found_by_sku","320AC04OR","6a473192f8704b009674d5e9","30621","3","true","9.5"
"not_found_by_sku","140VE13OR","6a473194f8704b009674d620","31693","22","true","4.4"
"not_found_by_sku","306CU39OR","6a473194f8704b009674d62b","31875","12","true","12.5"
"not_found_by_sku","208FR19OR","6a473195f8704b009674d641","32423","3","true","94"
"not_found_by_sku","143GR14OR","6a473195f8704b009674d64c","32454","2","true","7.5"
"not_found_by_sku","140AC50OR","6a473196f8704b009674d657","32833","14","true","2.5"
"not_found_by_sku","803PE523OR","6a473198f8704b009674d68e","34297","5","true","10.8"
"not_found_by_sku","167AC09OR","6a473199f8704b009674d6b0","35384","12","true","6.5"
"not_found_by_sku","200AC14OR","6a47319af8704b009674d6c6","36134","2","true","14.5"
"not_found_by_sku","602MD36OR","6a47319bf8704b009674d6d1","36153","12","true","2.5"
"not_found_by_sku","227FR65OR","6a47319bf8704b009674d6dc","36162","5","true","11.5"
"not_found_by_sku","140SM15OR","6a47319bf8704b009674d6e7","36321","4","true","18.5"
"not_found_by_sku","138ZN10OR","6a47319cf8704b009674d6f2","36931","1","true","113"
"not_found_by_sku","229FR70OR","6a47319ef8704b009674d733","39568","1","true","5.5"
"not_found_by_sku","151MI01OR","6a47319ff8704b009674d73e","39675","0","true","128"
"not_found_by_sku","140AC66OR","6a4731a3f8704b009674d7a9","46852","6","true","2.3"
"not_found_by_sku","167AC12OR","6a4731a3f8704b009674d7b4","47552","15","true","7.5"
"not_found_by_sku","200AC21OR","6a4731a7f8704b009674d814","51412","12","true","12.5"
"not_found_by_sku","133AC11OR","6a4731a7f8704b009674d81f","51723","3","true","10.5"
"not_found_by_sku","140AC64OR","6a4731a8f8704b009674d82a","51726","3","true","24.5"
"not_found_by_sku","165ZN20OR","6a4731a8f8704b009674d835","51742","6","true","32"
"not_found_by_sku","164AC10OR","6a4731aaf8704b009674d856","53139","11","true","12.5"
"not_found_by_sku","168AC02OR","6a4731aaf8704b009674d86c","54235","6","true","8.5"
"not_found_by_sku","107AC02OR","6a4731abf8704b009674d877","54237","6","true","4.5"
"not_found_by_sku","139ZN70OR","6a4731acf8704b009674d88d","54512","6","true","42"
"not_found_by_sku","306CU32OR","6a4731acf8704b009674d898","55017","9","true","7.5"
"not_found_by_sku","811PE339OR","6a4731aef8704b009674d8c4","56346","2","true","48"
"not_found_by_sku","811PE340OR","6a4731aef8704b009674d8cf","56348","2","true","52"
"not_found_by_sku","131CY04OR","6a4731aff8704b009674d8e5","56458","2","true","42"
"not_found_by_sku","117BY20OR","6a4731aff8704b009674d8f0","56783","1","true","82"
"not_found_by_sku","140AC75OR","6a4731b0f8704b009674d8fb","57318","3","true","22"
"not_found_by_sku","162ZN28OR","6a4731b0f8704b009674d906","58148","5","true","86"
"not_found_by_sku","162ID31OR","6a4731b1f8704b009674d911","58964","2","true","44"
"not_found_by_sku","103ZN06OR","6a4731b1f8704b009674d91c","59411","2","true","22"
"not_found_by_sku","103AC08OR","6a4731b2f8704b009674d927","59652","1","true","4.5"
"not_found_by_sku","164AC13OR","6a4731b2f8704b009674d932","59663","7","true","9.5"
"not_found_by_sku","117GR14OR","6a4731b2f8704b009674d93b","59724","2","true","62"
"not_found_by_sku","316AC59OR","6a4731b3f8704b009674d945","60261","0","true","10.5"
"not_found_by_sku","300GR01OR","6a4731b3f8704b009674d95b","61231","7","true","22.5"
"not_found_by_sku","140IG10OR","6a4731b4f8704b009674d96f","61719","2","true","22.5"
"not_found_by_sku","138SU03OR","6a4731b5f8704b009674d991","63732","4","true","34.5"
"not_found_by_sku","139AC09OR","6a4731b7f8704b009674d9bc","64046","3","true","4.2"
"not_found_by_sku","139AC19OR","6a4731b8f8704b009674d9c7","64050","2","true","4.2"
"not_found_by_sku","301AC16OR","6a4731bbf8704b009674da15","64647","4","true","32"
"not_found_by_sku","143AC14OR","6a4731bbf8704b009674da20","64653","3","true","14.5"
"not_found_by_sku","117CY49OR","6a4731bbf8704b009674da2b","64727","3","true","72"
"not_found_by_sku","138AC05OR","6a4731bdf8704b009674da4d","66906","4","true","12.5"
"not_found_by_sku","139AC01OR","6a4731bdf8704b009674da58","67011","2","true","6.5"
"not_found_by_sku","117AR55OR","6a4731d0f8704b009674dc3b","68275","2","true","48"
"not_found_by_sku","117AR55","6a4731d0f8704b009674dc45","68284","1","true","32"
"not_found_by_sku","306CU18","6a4731d0f8704b009674dc4f","68289","0","true","4.5"
"not_found_by_sku","103ZN08","6a4731d1f8704b009674dc5a","68298","4","true","0"
"not_found_by_sku","111LG64","6a4731d1f8704b009674dc65","68312","3","true","6.5"
"not_found_by_sku","159AC12","6a4731d2f8704b009674dc70","68370","1","true","74"
"not_found_by_sku","155ZN05","6a4731d2f8704b009674dc7b","68432","5","true","22"
"not_found_by_sku","167GR10","6a4731d2f8704b009674dc86","68523","20","true","0"
"not_found_by_sku","126CY01","6a4731d3f8704b009674dc91","68572","3","true","13.5"
"not_found_by_sku","117CY06","6a4731d3f8704b009674dc9c","68578","2","true","32"
"not_found_by_sku","113GR11","6a4731d4f8704b009674dca6","68656","7","true","5"
"not_found_by_sku","322CU61","6a4731d4f8704b009674dcb1","68660","10","true","9.5"
"not_found_by_sku","802PE61","6a4731d5f8704b009674dcbc","68662","4","true","32"
"not_found_by_sku","126GR07OR","6a4731d5f8704b009674dcc7","68664","6","true","4.2"
"not_found_by_sku","162AC71OR","6a4731d5f8704b009674dcd2","68720","1","true","68"
"not_found_by_sku","215FR144","6a4731d6f8704b009674dcdd","68726","9","true","15.5"
"not_found_by_sku","126ZN02OR","6a4731d6f8704b009674dce8","68729","10","true","5.5"
"not_found_by_sku","316CU118","6a4731d7f8704b009674dcf3","68733","50","true","3.8"
"not_found_by_sku","113GR10OR","6a4731d7f8704b009674dcfe","68762","0","true","11.5"
"not_found_by_sku","148ID14OR","6a4731d8f8704b009674dd09","68780","5","true","22"
"not_found_by_sku","116LG114OR","6a4731d8f8704b009674dd14","68793","10","true","12.5"
"not_found_by_sku","117HA05OR","6a4731d8f8704b009674dd1e","68796","3","true","0"
"not_found_by_sku","312ZN25OR","6a4731d9f8704b009674dd28","68807","9","true","18.5"
"not_found_by_sku","227FR29","6a4731d9f8704b009674dd33","68817","2","true","18.5"
"not_found_by_sku","103BH04OR","6a4731daf8704b009674dd3e","68823","7","true","12.5"
"not_found_by_sku","143BH02OR","6a4731daf8704b009674dd4a","68828","4","true","12.5"
"not_found_by_sku","139VE34OR","6a4731daf8704b009674dd56","68832","4","true","9"
"not_found_by_sku","166BH02","6a4731dbf8704b009674dd61","68835","5","true","18.5"
"not_found_by_sku","202ZN02","6a4731dbf8704b009674dd6d","68837","10","true","6"
"not_found_by_sku","811PE520OR","6a4731dcf8704b009674dd78","68848","1","true","150"
"not_found_by_sku","162MD02","6a4731dcf8704b009674dd84","68906","5","true","36"
"not_found_by_sku","219FR11","6a4731ddf8704b009674dd8f","68910","10","true","3.2"
"not_found_by_sku","219FR12","6a4731ddf8704b009674dd9a","68912","10","true","3.5"
"not_found_by_sku","219FR14","6a4731def8704b009674dda5","68916","10","true","3.5"
"not_found_by_sku","219FR40","6a4731def8704b009674ddb0","68919","5","true","8.5"
"not_found_by_sku","312CY10OR","6a4731def8704b009674ddbb","68924","5","true","26.5"
"not_found_by_sku","312CY11","6a4731dff8704b009674ddc5","68932","6","true","18.5"
"not_found_by_sku","312ZN26","6a4731dff8704b009674ddcf","68935","3","true","0"
"not_found_by_sku","320ZN09OR","6a4731e0f8704b009674ddd9","68938","1","true","48"
"not_found_by_sku","229FR76OR","6a4731e0f8704b009674dde4","68982","25","true","24.5"
"not_found_by_sku","820PE42","6a4731e0f8704b009674ddef","68988","17","true","3.2"
"not_found_by_sku","812PE30","6a4731e1f8704b009674ddf9","68993","5","true","24"
"not_found_by_sku","812PE31","6a4731e1f8704b009674de04","68997","8","true","42"
"not_found_by_sku","312ZN34","6a4731e2f8704b009674de0f","69002","5","true","28.5"
"not_found_by_sku","312IG01","6a4731e2f8704b009674de19","69004","2","true","22"
"not_found_by_sku","151AC17OR","6a4731e2f8704b009674de23","69018","1","true","8.5"
"not_found_by_sku","163LG34","6a4731e3f8704b009674de2e","69087","5","true","0"
"not_found_by_sku","163ZN42","6a4731e3f8704b009674de38","69093","3","true","22"
"not_found_by_sku","163ZN41","6a4731e4f8704b009674de42","69096","2","true","28.5"
"not_found_by_sku","163EG09","6a4731e4f8704b009674de4c","69099","5","true","22"
"not_found_by_sku","200AC24OR","6a4731e4f8704b009674de56","69118","2","true","14.5"
"not_found_by_sku","131AC13OR","6a4731e5f8704b009674de61","69124","3","true","9.5"
"not_found_by_sku","111LG87","6a4731e5f8704b009674de6c","69127","5","true","6.2"
"not_found_by_sku","163SU05","6a4731e6f8704b009674de77","69140","0","true","22.5"
"not_found_by_sku","202BH07","6a4731e6f8704b009674de81","69181","20","true","5.2"
"not_found_by_sku","222FR42","6a4731e6f8704b009674de8d","69220","6","true","18.5"
"not_found_by_sku","222FR43","6a4731e7f8704b009674de98","69222","5","true","21.5"
"not_found_by_sku","222FR44","6a4731e7f8704b009674dea3","69224","10","true","24.5"
"not_found_by_sku","222FR45","6a4731e8f8704b009674deae","69226","12","true","32"
"not_found_by_sku","117HI04","6a4731e8f8704b009674deb9","69228","5","true","28"
"not_found_by_sku","307GR36OR","6a4731e8f8704b009674dec3","69237","3","true","12.5"
"not_found_by_sku","150SC03","6a4731e9f8704b009674dece","69239","10","true","9.5"
"not_found_by_sku","502FC01","6a4731e9f8704b009674ded9","69258","10","true","0"
"not_found_by_sku","600MD57","6a4731eaf8704b009674dee5","69261","40","true","4.2"
"not_found_by_sku","312CU43","6a4731eaf8704b009674def0","69263","5","true","13.3"
"not_found_by_sku","110ЕD13","6a4731ebf8704b009674defa","69317","6","true","0"
"not_found_by_sku","803SU32","6a4731ebf8704b009674df05","69322","5","true","10.5"
"not_found_by_sku","143BH09","6a4731ebf8704b009674df10","69326","7","true","4.3"
"not_found_by_sku","803SU34","6a4731ecf8704b009674df1c","69349","4","true","12.5"
"not_found_by_sku","163SU06","6a4731ecf8704b009674df27","69362","3","true","48"
"not_found_by_sku","803AC12","6a4731edf8704b009674df31","69381","10","true","7.2"
"not_found_by_sku","300BH05","6a4731edf8704b009674df3c","69384","10","true","18.5"
"not_found_by_sku","139AC24OR","6a4731eef8704b009674df48","69392","10","true","6.5"
"not_found_by_sku","140BH16","6a4731eef8704b009674df53","69395","4","true","10.5"
"not_found_by_sku","326CU09OR","6a4733909e7eb5814d44bd49","9413","33","true","5.2"
"not_found_by_sku","162IG44","6a4733919e7eb5814d44bd54","10141","2","true","89.48"
"not_found_by_sku","163AC03OR","6a4733919e7eb5814d44bd5f","11412","2","true","0"
"not_found_by_sku","162IG40","6a4733929e7eb5814d44bd7f","14521","5","true","56"
"not_found_by_sku","126IG05","6a4738b6d6a38a33d1857d04","15769","4","true","7.41"
"not_found_by_sku","143AC04OR","6a4738b7d6a38a33d1857d0f","21611","1","true","16.36"
"not_found_by_sku","140IG48","6a4738b7d6a38a33d1857d1a","26386","44","true","3.32"
"not_found_by_sku","148IG40","6a4738b8d6a38a33d1857d30","37592","3","true","41.93"
"not_found_by_sku","803BH15OR","6a4738b8d6a38a33d1857d3b","38373","5","true","34.77"
"not_found_by_sku","163BH03","6a4738bad6a38a33d1857d5d","47327","0","true","26.59"
"not_found_by_sku","161ZN10","6a4738bad6a38a33d1857d68","52449","5","true","0"
"not_found_by_sku","165SK01","6a4738bad6a38a33d1857d73","65837","0","true","0"
"not_found_by_sku","143VE","6a478239068fc300483f547a","","3","true","5.11"
"not_found_by_sku","163BH12OR","6a478239068fc300483f5482","","5","true","52"
"not_found_by_sku","103GR02OR","6a47ac61068fc300483f67ea","","47","true","7.5"
"not_found_by_sku","304CU00","6a47ba7bfa3ae84745413634","","0","true","4"
"not_found_by_sku","302CU38","6a487f54f41576d1de5da4d8","","3","true","0.51"
"not_found_by_sku","110LG21","6a487f55f41576d1de5da4e0","","0","true","4.7"
"not_found_by_sku","110LG207","6a487f55f41576d1de5da4e6","","0","true","26.59"
"not_found_by_sku","110LG209","6a487f55f41576d1de5da4ec","","0","true","23.01"
"not_found_by_sku","110LG205","6a487f55f41576d1de5da4f2","","1","true","39.88"
"not_found_by_sku","110TY13","6a487f56f41576d1de5da4f8","","0","true","22.5"
"not_found_by_sku","159MI00","6a487f56f41576d1de5da4fe","","0","true","16.36"
"not_found_by_sku","159IG04","6a487f56f41576d1de5da504","","1","true","11.25"
"not_found_by_sku","159IG07","6a487f56f41576d1de5da50a","","0","true","11.25"
"not_found_by_sku","159AC01","6a487f56f41576d1de5da510","","0","true","9.46"
"not_found_by_sku","159RS03","6a487f57f41576d1de5da516","","0","true","10.69"
"not_found_by_sku","161LLG01","6a487f57f41576d1de5da51c","","1","true","15.34"
"not_found_by_sku","159IG02","6a487f57f41576d1de5da522","","0","true","8.18"
"not_found_by_sku","312ME05","6a487f57f41576d1de5da528","","0","true","5.37"
"not_found_by_sku","312ME04","6a487f58f41576d1de5da52e","","0","true","3.83"
"not_found_by_sku","325CU15","6a487f58f41576d1de5da534","","1","true","3.48"
"not_found_by_sku","320RA00","6a487f58f41576d1de5da53a","","0","true","14.57"
"not_found_by_sku","308AC05OR","6a487f58f41576d1de5da540","","6","true","7.5"
"not_found_by_sku","312CU206","6a487f58f41576d1de5da546","","1","true","3.48"
"not_found_by_sku","312CU218","6a487f59f41576d1de5da54c","","2","true","5.37"
"not_found_by_sku","312CU222","6a487f59f41576d1de5da552","","1","true","4.35"
"not_found_by_sku","312CU223","6a487f59f41576d1de5da558","","1","true","4.35"
"not_found_by_sku","312CU224","6a487f59f41576d1de5da55e","","2","true","4.35"
"not_found_by_sku","312CU233","6a487f59f41576d1de5da564","","1","true","6.54"
"not_found_by_sku","320AC03","6a487f5af41576d1de5da56a","","0","true","15.34"
"not_found_by_sku","312GR09","6a487f5af41576d1de5da570","","4","true","12.8"
"not_found_by_sku","312ZN04","6a487f5af41576d1de5da576","","1","true","19.43"
"not_found_by_sku","324VE00","6a487f5af41576d1de5da57c","","0","true","24.54"
"not_found_by_sku","325CU25","6a487f5bf41576d1de5da582","","0","true","0.61"
"not_found_by_sku","325CU21","6a487f5bf41576d1de5da588","","0","true","0.51"
"not_found_by_sku","325CU22","6a487f5bf41576d1de5da58e","","0","true","0.51"
"not_found_by_sku","325CU28","6a487f5bf41576d1de5da594","","3","true","1.28"
"not_found_by_sku","325CU29","6a487f5cf41576d1de5da59a","","5","true","1.12"
"not_found_by_sku","325CU30","6a487f5cf41576d1de5da5a0","","0","true","2.56"
"not_found_by_sku","901FA02","6a487f5cf41576d1de5da5a6","","1","true","6.39"
"not_found_by_sku","150IG04","6a487f5cf41576d1de5da5ac","","0","true","3.83"
"not_found_by_sku","817PE30","6a487f5cf41576d1de5da5b2","","8","true","1.28"
"not_found_by_sku","150CY03","6a487f5df41576d1de5da5b8","","1","true","11.25"
"not_found_by_sku","819PE28","6a487f5df41576d1de5da5be","","1","true","6.39"
"not_found_by_sku","816PE38","6a487f5df41576d1de5da5c4","","3","true","2.3"
"not_found_by_sku","150GR04","6a487f5df41576d1de5da5ca","","0","true","9.46"
"not_found_by_sku","817PE25","6a487f5ef41576d1de5da5d0","","1","true","1.28"
"not_found_by_sku","150AC01OR","6a487f5ef41576d1de5da5d6","","10","true","5"
"not_found_by_sku","163BL01","6a487f5ef41576d1de5da5dc","","1","true","15.34"
"not_found_by_sku","163LG22","6a487f5ef41576d1de5da5e2","","0","true","2.56"
"not_found_by_sku","143CY02","6a487f5ef41576d1de5da5e8","","0","true","4.35"
"not_found_by_sku","143PE04","6a487f5ff41576d1de5da5ee","","3","true","3.32"
"not_found_by_sku","163LG15","6a487f5ff41576d1de5da5f4","","0","true","56.24"
"not_found_by_sku","162AR06","6a487f5ff41576d1de5da5fa","","1","true","40.9"
"not_found_by_sku","163ID08","6a487f5ff41576d1de5da600","","0","true","23.52"
"not_found_by_sku","163AR10","6a487f60f41576d1de5da606","","1","true","12.27"
"not_found_by_sku","163BH05","6a487f60f41576d1de5da60c","","1","true","18.41"
"not_found_by_sku","143TA00","6a487f60f41576d1de5da612","","5","true","1.79"
"not_found_by_sku","143IG03","6a487f60f41576d1de5da618","","2","true","3.32"
"not_found_by_sku","163LG03","6a487f60f41576d1de5da61e","","0","true","56.24"
"not_found_by_sku","140IG14","6a487f61f41576d1de5da624","","0","true","29.65"
"not_found_by_sku","163IG37НЕ","6a487f61f41576d1de5da62a","","1","true","41.93"
"not_found_by_sku","163AR23","6a487f61f41576d1de5da630","","1","true","14.32"
"not_found_by_sku","162AR53","6a487f61f41576d1de5da636","","0","true","79.25"
"not_found_by_sku","208FR11","6a487f62f41576d1de5da63c","","0","true","12.27"
"not_found_by_sku","163VE00","6a487f62f41576d1de5da642","","0","true","19.43"
"not_found_by_sku","163LG78","6a487f62f41576d1de5da648","","1","true","7.93"
"not_found_by_sku","111LG400","6a487f62f41576d1de5da64e","","14","true","0.26"
"not_found_by_sku","111LG312","6a487f62f41576d1de5da654","","3","true","0.51"
"not_found_by_sku","111LG304","6a487f63f41576d1de5da65a","","1","true","0.31"
"not_found_by_sku","127PE00","6a487f63f41576d1de5da660","","4","true","0.77"
"not_found_by_sku","163AR09","6a487f63f41576d1de5da666","","0","true","21.47"
"not_found_by_sku","163IG17","6a487f63f41576d1de5da66c","","0","true","22.5"
"not_found_by_sku","163ZN05","6a487f64f41576d1de5da672","","5","true","19.43"
"not_found_by_sku","163ZN39","6a487f64f41576d1de5da678","","0","true","13.29"
"not_found_by_sku","163CY21","6a487f64f41576d1de5da67e","","0","true","24.54"
"not_found_by_sku","119PE05","6a487f64f41576d1de5da684","","1","true","4.35"
"not_found_by_sku","124PE00","6a487f65f41576d1de5da68a","","3","true","2.56"
"not_found_by_sku","124AC00","6a487f65f41576d1de5da690","","0","true","1.28"
"not_found_by_sku","111LG221","6a487f65f41576d1de5da696","","3","true","3.32"
"not_found_by_sku","100LG09","6a487f65f41576d1de5da69c","","2","true","0.51"
"not_found_by_sku","113LG40","6a487f65f41576d1de5da6a2","","0","true","1.02"
"not_found_by_sku","113LG50","6a487f66f41576d1de5da6a8","","0","true","1.02"
"not_found_by_sku","113LG37","6a487f66f41576d1de5da6ae","","0","true","2.3"
"not_found_by_sku","113LG122","6a487f66f41576d1de5da6b4","","1","true","4.35"
"not_found_by_sku","113SI08","6a487f66f41576d1de5da6ba","","1","true","9.46"
"not_found_by_sku","113AR10OR","6a487f67f41576d1de5da6c0","","9","true","6.14"
"not_found_by_sku","113LG140","6a487f67f41576d1de5da6c6","","0","true","4.86"
"not_found_by_sku","113LG123","6a487f67f41576d1de5da6cc","","1","true","4.35"
"not_found_by_sku","113LG71","6a487f67f41576d1de5da6d2","","2","true","2.81"
"not_found_by_sku","113LG24","6a487f68f41576d1de5da6d8","","3","true","1.28"
"not_found_by_sku","413LG01","6a487f68f41576d1de5da6de","","1","true","6.14"
"not_found_by_sku","413LG02","6a487f68f41576d1de5da6e4","","0","true","7.16"
"not_found_by_sku","413LG03","6a487f68f41576d1de5da6ea","","1","true","8.18"
"not_found_by_sku","413LG05","6a487f68f41576d1de5da6f0","","0","true","9.2"
"not_found_by_sku","413LG06","6a487f69f41576d1de5da6f6","","0","true","9.2"
"not_found_by_sku","113LG113","6a487f69f41576d1de5da6fc","","0","true","2.81"
"not_found_by_sku","113AR08OR","6a487f69f41576d1de5da702","","51","true","6.14"
"not_found_by_sku","113LG112","6a487f69f41576d1de5da708","","1","true","3.32"
"not_found_by_sku","113LG63","6a487f6af41576d1de5da70e","","0","true","1.02"
"not_found_by_sku","113LG74","6a487f6af41576d1de5da714","","18","true","3.07"
"not_found_by_sku","113LG64","6a487f6af41576d1de5da71a","","0","true","1.02"
"not_found_by_sku","114LG121","6a487f6af41576d1de5da720","","0","true","2.3"
"not_found_by_sku","114LG122","6a487f6af41576d1de5da726","","2","true","3.07"
"not_found_by_sku","116LG293","6a487f6bf41576d1de5da72c","","0","true","14.57"
"not_found_by_sku","113ID00A","6a487f6bf41576d1de5da732","","22","true","1.94"
"not_found_by_sku","113AR01","6a487f6bf41576d1de5da738","","1","true","7.41"
"not_found_by_sku","113LG73","6a487f6bf41576d1de5da73e","","3","true","3.83"
"not_found_by_sku","109LG01","6a487f6cf41576d1de5da744","","1","true","3.99"
"not_found_by_sku","111LG95","6a487f6cf41576d1de5da74a","","10","true","1.84"
"not_found_by_sku","110LG31","6a487f6cf41576d1de5da750","","3","true","19.43"
"not_found_by_sku","111LG68","6a487f6cf41576d1de5da756","","0","true","1.79"
"not_found_by_sku","111LG79","6a487f6cf41576d1de5da75c","","0","true","2.3"
"not_found_by_sku","111LG70","6a487f6df41576d1de5da762","","4","true","5.37"
"not_found_by_sku","162CY29","6a487f6df41576d1de5da768","","0","true","79.25"
"not_found_by_sku","162CY24","6a487f6df41576d1de5da76e","","0","true","43.97"
"not_found_by_sku","162SU02","6a487f6df41576d1de5da774","","1","true","51.13"
"not_found_by_sku","162AR76","6a487f6ef41576d1de5da77a","","0","true","63.91"
"not_found_by_sku","162ID01","6a487f6ef41576d1de5da780","","5","true","56.24"
"not_found_by_sku","162ID02","6a487f6ef41576d1de5da786","","9","true","43.46"
"not_found_by_sku","162ID03","6a487f6ef41576d1de5da78c","","20","true","43.46"
"not_found_by_sku","162ID04","6a487f6ef41576d1de5da792","","4","true","56.24"
"not_found_by_sku","148PH08","6a487f6ff41576d1de5da798","","1","true","8.44"
"not_found_by_sku","148ZN14","6a487f6ff41576d1de5da79e","","0","true","11.25"
"not_found_by_sku","162AK11","6a487f6ff41576d1de5da7a4","","1","true","38.35"
"not_found_by_sku","162AK04","6a487f6ff41576d1de5da7aa","","3","true","11.25"
"not_found_by_sku","148SK00","6a487f6ff41576d1de5da7b0","","8","true","8.44"
"not_found_by_sku","111LG67","6a487f70f41576d1de5da7b6","","5","true","2.3"
"not_found_by_sku","111LG14","6a487f70f41576d1de5da7bc","","0","true","8.95"
"not_found_by_sku","148ZN00","6a487f70f41576d1de5da7c2","","0","true","6.14"
"not_found_by_sku","171LG02","6a487f70f41576d1de5da7c8","","1","true","25.56"
"not_found_by_sku","146GR02","6a487f71f41576d1de5da7ce","","9","true","2.3"
"not_found_by_sku","162AK22","6a487f71f41576d1de5da7d4","","1","true","28.12"
"not_found_by_sku","146BH04","6a487f71f41576d1de5da7da","","4","true","8.95"
"not_found_by_sku","165BH00","6a487f71f41576d1de5da7e0","","1","true","13.29"
"not_found_by_sku","162AR08","6a487f71f41576d1de5da7e6","","1","true","48.57"
"not_found_by_sku","147AK01","6a487f72f41576d1de5da7ec","","0","true","4.86"
"not_found_by_sku","152CY10","6a487f72f41576d1de5da7f8","","0","true","11.25"
"not_found_by_sku","152ID00","6a487f72f41576d1de5da7fe","","0","true","9.46"
"not_found_by_sku","800EG02","6a487f72f41576d1de5da804","","0","true","8.18"
"not_found_by_sku","800PE106","6a487f73f41576d1de5da80a","","0","true","3.32"
"not_found_by_sku","800PE121","6a487f73f41576d1de5da810","","1","true","7.41"
"not_found_by_sku","152BY00","6a487f73f41576d1de5da816","","1","true","18.66"
"not_found_by_sku","800PE119","6a487f73f41576d1de5da81c","","3","true","3.32"
"not_found_by_sku","801EG01","6a487f74f41576d1de5da822","","0","true","12.53"
"not_found_by_sku","802PE44","6a487f74f41576d1de5da828","","7","true","17.9"
"not_found_by_sku","219FR54","6a487f74f41576d1de5da82e","","1","true","2.45"
"not_found_by_sku","227FR07","6a487f74f41576d1de5da834","","0","true","3.32"
"not_found_by_sku","219FR60","6a487f74f41576d1de5da83a","","12","true","3.83"
"not_found_by_sku","225FR26","6a487f75f41576d1de5da840","","2","true","0.41"
"not_found_by_sku","215FR44","6a487f75f41576d1de5da846","","8","true","4.86"
"not_found_by_sku","210FR10","6a487f75f41576d1de5da84c","","3","true","2.81"
"not_found_by_sku","150FR01","6a487f75f41576d1de5da852","","0","true","9.46"
"not_found_by_sku","229FR33","6a487f75f41576d1de5da858","","2","true","22.5"
"not_found_by_sku","806PE145","6a487f76f41576d1de5da85e","","2","true","2.05"
"not_found_by_sku","806PE121","6a487f76f41576d1de5da864","","160","true","2.56"
"not_found_by_sku","806PE11","6a487f76f41576d1de5da86a","","1","true","12.68"
"not_found_by_sku","806PE517","6a487f76f41576d1de5da870","","4","true","1.02"
"not_found_by_sku","806PE518","6a487f76f41576d1de5da876","","0","true","2.05"
"not_found_by_sku","806PE519","6a487f77f41576d1de5da87c","","3","true","1.53"
"not_found_by_sku","811PE364","6a487f77f41576d1de5da882","","8","true","1.84"
"not_found_by_sku","215FR38","6a487f77f41576d1de5da888","","2","true","7.41"
"not_found_by_sku","806PE172","6a487f77f41576d1de5da88e","","1","true","2.56"
"not_found_by_sku","806PE91","6a487f78f41576d1de5da894","","2","true","12.27"
"not_found_by_sku","806PE92","6a487f78f41576d1de5da89a","","1","true","14.32"
"not_found_by_sku","806PE163","6a487f78f41576d1de5da8a0","","7","true","2.05"
"not_found_by_sku","806PE522","6a487f78f41576d1de5da8a6","","4","true","0.92"
"not_found_by_sku","806PE520","6a487f78f41576d1de5da8ac","","9","true","0.61"
"not_found_by_sku","820PE90","6a487f79f41576d1de5da8b2","","0","true","1.64"
"not_found_by_sku","162AR69","6a487f79f41576d1de5da8b8","","0","true","84.36"
"not_found_by_sku","806PE140","6a487f79f41576d1de5da8be","","5","true","3.07"
"not_found_by_sku","806PE532","6a487f79f41576d1de5da8c4","","10","true","2.05"
"not_found_by_sku","316CU506","6a487f79f41576d1de5da8ca","","13","true","0.51"
"not_found_by_sku","303CU12","6a487f7af41576d1de5da8d0","","0","true","1.79"
"not_found_by_sku","316CU01","6a487f7af41576d1de5da8d6","","0","true","0.51"
"not_found_by_sku","316CU02","6a487f7af41576d1de5da8dc","","0","true","1.12"
"not_found_by_sku","316CU03","6a487f7af41576d1de5da8e2","","0","true","0.51"
"not_found_by_sku","316CU04","6a487f7bf41576d1de5da8e8","","10","true","0.51"
"not_found_by_sku","316CU06","6a487f7bf41576d1de5da8ee","","2","true","0.51"
"not_found_by_sku","303CU20","6a487f7bf41576d1de5da8f4","","0","true","0.61"
"not_found_by_sku","316ZN11","6a487f7bf41576d1de5da8fa","","0","true","2.81"
"not_found_by_sku","316AC10","6a487f7bf41576d1de5da900","","1","true","2.3"
"not_found_by_sku","316VE00","6a487f7cf41576d1de5da906","","2","true","3.07"
"not_found_by_sku","316AC11","6a487f7cf41576d1de5da90c","","1","true","3.07"
"not_found_by_sku","806PE177","6a487f7cf41576d1de5da912","","3","true","2.81"
"not_found_by_sku","806PE141","6a487f7cf41576d1de5da918","","0","true","2.56"
"not_found_by_sku","806PE107","6a487f7df41576d1de5da91e","","12","true","3.32"
"not_found_by_sku","162GR05","6a487f7df41576d1de5da924","","4","true","11.25"
"not_found_by_sku","140ID06","6a487f7df41576d1de5da92a","","0","true","8.44"
"not_found_by_sku","806PE61","6a487f7df41576d1de5da930","","10","true","9.46"
"not_found_by_sku","162CY19","6a487f7df41576d1de5da936","","0","true","11.25"
"not_found_by_sku","311CU74","6a487f7ef41576d1de5da93c","","1","true","12.27"
"not_found_by_sku","316MC01","6a487f7ef41576d1de5da942","","9","true","2.66"
"not_found_by_sku","316MC02","6a487f7ef41576d1de5da948","","7","true","1.94"
"not_found_by_sku","316MC00","6a487f7ef41576d1de5da94e","","0","true","2.3"
"not_found_by_sku","803PE500","6a487f7ef41576d1de5da954","","0","true","2.3"
"not_found_by_sku","500FC58","6a487f7ff41576d1de5da95a","","0","true","8.59"
"not_found_by_sku","803PE604","6a487f7ff41576d1de5da960","","0","true","2.05"
"not_found_by_sku","813PE208","6a487f7ff41576d1de5da966","","25","true","1.28"
"not_found_by_sku","813PE437","6a487f7ff41576d1de5da96c","","10","true","0.41"
"not_found_by_sku","813PE206","6a487f80f41576d1de5da972","","31","true","1.28"
"not_found_by_sku","811PE200","6a487f80f41576d1de5da978","","3","true","12.78"
"not_found_by_sku","811PE50","6a487f80f41576d1de5da97e","","0","true","3.07"
"not_found_by_sku","811PE51","6a487f80f41576d1de5da984","","0","true","3.07"
"not_found_by_sku","811PE159","6a487f80f41576d1de5da98a","","3","true","6.14"
"not_found_by_sku","811PE209","6a487f81f41576d1de5da990","","1","true","12.78"
"not_found_by_sku","811PE305","6a487f81f41576d1de5da996","","22","true","1.84"
"not_found_by_sku","811PE303","6a487f81f41576d1de5da99c","","0","true","9.46"
"not_found_by_sku","813PE450","6a487f81f41576d1de5da9a2","","267","true","0.2"
"not_found_by_sku","811PE152","6a487f81f41576d1de5da9a8","","1","true","5.52"
"not_found_by_sku","813PE410","6a487f82f41576d1de5da9ae","","0","true","0"
"not_found_by_sku","813PE402","6a487f82f41576d1de5da9b4","","51","true","0.1"
"not_found_by_sku","813PE403","6a487f82f41576d1de5da9ba","","53","true","0.1"
"not_found_by_sku","813PE426","6a487f82f41576d1de5da9c0","","41","true","0.26"
"not_found_by_sku","813PE428","6a487f82f41576d1de5da9c6","","47","true","0.26"
"not_found_by_sku","813PE430","6a487f83f41576d1de5da9cc","","38","true","0.26"
"not_found_by_sku","813PE431","6a487f83f41576d1de5da9d2","","7","true","0.31"
"not_found_by_sku","813PE433","6a487f83f41576d1de5da9d8","","14","true","0.36"
"not_found_by_sku","813PE434","6a487f83f41576d1de5da9de","","53","true","0.36"
"not_found_by_sku","813PE416","6a487f84f41576d1de5da9e4","","10","true","0.18"
"not_found_by_sku","813PE417","6a487f84f41576d1de5da9ea","","10","true","0.18"
"not_found_by_sku","813PE427","6a487f84f41576d1de5da9f0","","10","true","0.26"
"not_found_by_sku","813PE429","6a487f84f41576d1de5da9f6","","9","true","0.2"
"not_found_by_sku","811PE253","6a487f84f41576d1de5da9fc","","1","true","3.83"
"not_found_by_sku","811PE261","6a487f85f41576d1de5daa02","","9","true","3.32"
"not_found_by_sku","811PE262","6a487f85f41576d1de5daa08","","5","true","3.32"
"not_found_by_sku","022034","6a487f85f41576d1de5daa0e","","0","true","0.77"
"not_found_by_sku","146AR09","6a487f85f41576d1de5daa14","","2","true","4.6"
"not_found_by_sku","502FC06","6a487f85f41576d1de5daa1a","","0","true","3.32"
"not_found_by_sku","820PE600","6a487f86f41576d1de5daa20","","10","true","4.09"
"not_found_by_sku","813PE406","6a487f86f41576d1de5daa26","","3","true","0.13"
"not_found_by_sku","813PE407","6a487f86f41576d1de5daa2c","","8","true","0.13"
"not_found_by_sku","813PE409","6a487f86f41576d1de5daa32","","13","true","0.13"
"not_found_by_sku","813PE411","6a487f86f41576d1de5daa38","","0","true","0.13"
"not_found_by_sku","813PE412","6a487f87f41576d1de5daa3e","","25","true","0.15"
"not_found_by_sku","813PE413","6a487f87f41576d1de5daa44","","33","true","0.15"
"not_found_by_sku","813PE414","6a487f87f41576d1de5daa4a","","27","true","0.15"
"not_found_by_sku","813PE415","6a487f87f41576d1de5daa50","","42","true","0.15"
"not_found_by_sku","813PE418","6a487f88f41576d1de5daa56","","14","true","0.18"
"not_found_by_sku","813PE419","6a487f88f41576d1de5daa5c","","23","true","0.18"
"not_found_by_sku","813PE420","6a487f88f41576d1de5daa62","","12","true","0.18"
"not_found_by_sku","813PE421","6a487f88f41576d1de5daa68","","43","true","0.2"
"not_found_by_sku","813PE422","6a487f88f41576d1de5daa6e","","0","true","0.2"
"not_found_by_sku","813PE423","6a487f89f41576d1de5daa74","","44","true","0.23"
"not_found_by_sku","813PE424","6a487f89f41576d1de5daa7a","","3","true","0.23"
"not_found_by_sku","813PE425","6a487f89f41576d1de5daa80","","58","true","0.23"
"not_found_by_sku","813PE432","6a487f89f41576d1de5daa86","","8","true","0.31"
"not_found_by_sku","813PE435","6a487f89f41576d1de5daa8c","","100","true","0.41"
"not_found_by_sku","813PE436","6a487f8af41576d1de5daa92","","5","true","0.41"
"not_found_by_sku","813PE438","6a487f8af41576d1de5daa98","","7","true","0.41"
"not_found_by_sku","813PE439","6a487f8af41576d1de5daa9e","","7","true","0.46"
"not_found_by_sku","813PE440","6a487f8af41576d1de5daaa4","","3","true","0.46"
"not_found_by_sku","307AC02","6a487f8af41576d1de5daaaa","","0","true","19.43"
"not_found_by_sku","818LG40","6a487f8bf41576d1de5daab0","","60","true","0.77"
"not_found_by_sku","327LG46","6a487f8bf41576d1de5daab6","","22","true","3.32"
"not_found_by_sku","307MK02","6a487f8bf41576d1de5daabc","","6","true","13.29"
"not_found_by_sku","502FC08","6a487f8bf41576d1de5daac2","","0","true","2.76"
"not_found_by_sku","820PE130","6a487f8cf41576d1de5daac8","","6","true","1.79"
"not_found_by_sku","146IG07","6a487f8cf41576d1de5daace","","2","true","5.11"
"not_found_by_sku","147AC02","6a487f8cf41576d1de5daad4","","19","true","4.09"
"not_found_by_sku","307ID02","6a487f8cf41576d1de5daada","","1","true","8.59"
"not_found_by_sku","307LG14","6a487f8cf41576d1de5daae0","","0","true","23.52"
"not_found_by_sku","501FC40","6a487f8df41576d1de5daae6","","2","true","17.64"
"not_found_by_sku","146CY04","6a487f8df41576d1de5daaec","","2","true","24.8"
"not_found_by_sku","307LG43","6a487f8df41576d1de5daaf2","","6","true","3.83"
"not_found_by_sku","307FA03","6a487f8df41576d1de5daaf8","","1","true","13.29"
"not_found_by_sku","307ED05","6a487f8ef41576d1de5daafe","","0","true","6.39"
"not_found_by_sku","810PE02","6a487f8ef41576d1de5dab04","","0","true","3.32"
"not_found_by_sku","810PE03","6a487f8ef41576d1de5dab0a","","8","true","1.12"
"not_found_by_sku","106LG54","6a487f8ef41576d1de5dab10","","79","true","0.05"
"not_found_by_sku","106LG53","6a487f8ef41576d1de5dab16","","58","true","0.05"
"not_found_by_sku","301CU80","6a487f8ff41576d1de5dab1c","","0","true","0.51"
"not_found_by_sku","301CU81","6a487f8ff41576d1de5dab22","","5","true","1.02"
"not_found_by_sku","301CU82","6a487f8ff41576d1de5dab28","","1","true","0.77"
"not_found_by_sku","301CU84","6a487f8ff41576d1de5dab2e","","11","true","1.02"
"not_found_by_sku","324AR01","6a487f90f41576d1de5dab34","","0","true","33.23"
"not_found_by_sku","802PE70","6a487f90f41576d1de5dab3a","","0","true","3.32"
"not_found_by_sku","102LG00","6a487f90f41576d1de5dab46","","0","true","0.51"
"not_found_by_sku","101LG30","6a487f90f41576d1de5dab4c","","78","true","0.08"
"not_found_by_sku","101LG31","6a487f91f41576d1de5dab52","","43","true","0.05"
"not_found_by_sku","101LG32","6a487f91f41576d1de5dab58","","72","true","0.08"
"not_found_by_sku","173LG09","6a487f91f41576d1de5dab5e","","0","true","0.51"
"not_found_by_sku","108LG11","6a487f91f41576d1de5dab64","","2","true","0.82"
"not_found_by_sku","208FR08","6a487f91f41576d1de5dab6a","","0","true","1.53"
"not_found_by_sku","311CU46","6a487f92f41576d1de5dab70","","5","true","6.39"
"not_found_by_sku","311CU47","6a487f92f41576d1de5dab76","","0","true","7.16"
"not_found_by_sku","310CU44","6a487f92f41576d1de5dab7c","","0","true","3.48"
"not_found_by_sku","310CU43","6a487f92f41576d1de5dab82","","0","true","3.48"
"not_found_by_sku","311CU201","6a487f92f41576d1de5dab88","","1","true","7.41"
"not_found_by_sku","306CU93","6a487f93f41576d1de5dab8e","","1","true","5.11"
"not_found_by_sku","600PA02","6a487f93f41576d1de5dab9a","","1","true","33.23"
"not_found_by_sku","600MD05","6a487f93f41576d1de5daba0","","0","true","33.23"
"not_found_by_sku","600MD51","6a487f94f41576d1de5daba6","","6","true","13.29"
"not_found_by_sku","602MD18","6a487f94f41576d1de5dabac","","0","true","2.45"
"not_found_by_sku","602MD19","6a487f94f41576d1de5dabb2","","1","true","2.45"
"not_found_by_sku","810PE101","6a487f94f41576d1de5dabb8","","0","true","0.61"
"not_found_by_sku","311CU03","6a487f94f41576d1de5dabbe","","1","true","22.5"
"not_found_by_sku","602MD28","6a487f95f41576d1de5dabc4","","0","true","2.56"
"not_found_by_sku","325CU37","6a487f95f41576d1de5dabca","","0","true","2.56"
"not_found_by_sku","810PE104","6a487f95f41576d1de5dabd0","","90","true","1.43"
"not_found_by_sku","420RG02","6a487f95f41576d1de5dabd6","","2","true","0.77"
"not_found_by_sku","420RG03","6a487f95f41576d1de5dabdc","","1","true","4.35"
"not_found_by_sku","420RG04","6a487f96f41576d1de5dabe2","","1","true","1.28"
"not_found_by_sku","420RG06","6a487f96f41576d1de5dabe8","","4","true","0.1"
"not_found_by_sku","420RG05","6a487f96f41576d1de5dabee","","1","true","2.86"
"not_found_by_sku","108LG17","6a487f96f41576d1de5dabf4","","3","true","1.43"
"not_found_by_sku","109LG07","6a487f97f41576d1de5dabfa","","0","true","3.99"
"not_found_by_sku","113TM00","6a487f97f41576d1de5dac00","","7","true","2.56"
"not_found_by_sku","171PE04","6a487f97f41576d1de5dac06","","3","true","3.32"
"not_found_by_sku","171TM01","6a487f97f41576d1de5dac0c","","1","true","3.32"
"not_found_by_sku","116LG616","6a487f97f41576d1de5dac12","","0","true","8.44"
"not_found_by_sku","116LG198","6a487f98f41576d1de5dac18","","4","true","8.44"
"not_found_by_sku","116LG621","6a487f98f41576d1de5dac1e","","1","true","9.46"
"not_found_by_sku","116LG628","6a487f98f41576d1de5dac24","","0","true","10.99"
"not_found_by_sku","117BL02","6a487f98f41576d1de5dac2a","","1","true","16.36"
"not_found_by_sku","117ZP00","6a487f99f41576d1de5dac30","","1","true","12.78"
"not_found_by_sku","117AR01","6a487f99f41576d1de5dac36","","1","true","11.25"
"not_found_by_sku","117SG05","6a487f99f41576d1de5dac3c","","0","true","11.25"
"not_found_by_sku","117ZW05","6a487f99f41576d1de5dac42","","0","true","11.25"
"not_found_by_sku","117ZW06","6a487f99f41576d1de5dac48","","0","true","19.43"
"not_found_by_sku","117AR03","6a487f9af41576d1de5dac4e","","1","true","2.3"
"not_found_by_sku","117ZW13","6a487f9af41576d1de5dac54","","0","true","17.9"
"not_found_by_sku","120CY04","6a487f9af41576d1de5dac5a","","0","true","9.46"
"not_found_by_sku","120EN01","6a487f9af41576d1de5dac60","","1","true","5.37"
"not_found_by_sku","120PH07","6a487f9bf41576d1de5dac66","","1","true","9.46"
"not_found_by_sku","119PH04","6a487f9bf41576d1de5dac6c","","3","true","8.44"
"not_found_by_sku","129ZN01","6a487f9bf41576d1de5dac72","","18","true","1.79"
"not_found_by_sku","139AR02","6a487f9bf41576d1de5dac78","","0","true","4.6"
"not_found_by_sku","119CY07","6a487f9bf41576d1de5dac7e","","0","true","4.35"
"not_found_by_sku","119GR01","6a487f9cf41576d1de5dac84","","0","true","7.26"
"not_found_by_sku","119GR04","6a487f9cf41576d1de5dac8a","","0","true","6.14"
"not_found_by_sku","120ZN17","6a487f9cf41576d1de5dac90","","0","true","8.44"
"not_found_by_sku","120IG13","6a487f9cf41576d1de5dac96","","0","true","11.25"
"not_found_by_sku","120GR06","6a487f9cf41576d1de5dac9c","","0","true","14.62"
"not_found_by_sku","138AR01","6a487f9df41576d1de5daca2","","1","true","23.52"
"not_found_by_sku","138GR01","6a487f9df41576d1de5daca8","","1","true","8.18"
"not_found_by_sku","139GR05","6a487f9df41576d1de5dacae","","0","true","8.44"
"not_found_by_sku","139ID12OR","6a487f9df41576d1de5dacb4","","1","true","12.53"
"not_found_by_sku","139IG21","6a487f9ef41576d1de5dacba","","0","true","11.5"
"not_found_by_sku","139CY11","6a487f9ef41576d1de5dacc0","","11","true","1.02"
"not_found_by_sku","139EI00","6a487f9ef41576d1de5dacc6","","1","true","2.3"
"not_found_by_sku","140IG12","6a487f9ef41576d1de5daccc","","0","true","31.7"
"not_found_by_sku","141ZN05","6a487f9ef41576d1de5dacd2","","1","true","2.56"
"not_found_by_sku","144AR03","6a487f9ff41576d1de5dacd8","","0","true","43.97"
"not_found_by_sku","144VE00","6a487f9ff41576d1de5dacde","","0","true","25.56"
"not_found_by_sku","144AR04","6a487f9ff41576d1de5dace4","","0","true","42.95"
"not_found_by_sku","145ID07","6a487f9ff41576d1de5dacea","","0","true","19.43"
"not_found_by_sku","149AR05","6a487fa0f41576d1de5dacf0","","1","true","12.53"
"not_found_by_sku","153IG00","6a487fa0f41576d1de5dacf6","","0","true","8.44"
"not_found_by_sku","139PL02","6a487fa0f41576d1de5dacfc","","0","true","1.79"
"not_found_by_sku","139GR06","6a487fa0f41576d1de5dad02","","0","true","8.44"
"not_found_by_sku","139GR07","6a487fa0f41576d1de5dad08","","0","true","7.98"
"not_found_by_sku","141BY00","6a487fa1f41576d1de5dad0e","","48","true","2.56"
"not_found_by_sku","143GR06","6a487fa1f41576d1de5dad14","","5","true","4.35"
"not_found_by_sku","164BH00","6a487fa1f41576d1de5dad1a","","0","true","10.23"
"not_found_by_sku","165ID10","6a487fa1f41576d1de5dad20","","0","true","16.36"
"not_found_by_sku","165IG03","6a487fa1f41576d1de5dad26","","0","true","18.41"
"not_found_by_sku","165CY02","6a487fa2f41576d1de5dad2c","","0","true","19.43"
"not_found_by_sku","165PL00","6a487fa2f41576d1de5dad32","","0","true","17.38"
"not_found_by_sku","165TM01","6a487fa2f41576d1de5dad38","","3","true","1.53"
"not_found_by_sku","166CY04","6a487fa2f41576d1de5dad3e","","0","true","17.9"
"not_found_by_sku","167AR","6a487fa2f41576d1de5dad44","","0","true","5.11"
"not_found_by_sku","167HP00","6a487fa3f41576d1de5dad4a","","0","true","16.36"
"not_found_by_sku","167IG05","6a487fa3f41576d1de5dad50","","0","true","7.67"
"not_found_by_sku","167AR10","6a487fa3f41576d1de5dad56","","0","true","2.3"
"not_found_by_sku","167AK00","6a487fa3f41576d1de5dad5c","","3","true","6.14"
"not_found_by_sku","168AR17","6a487fa4f41576d1de5dad62","","0","true","21.47"
"not_found_by_sku","162AR40","6a487fa4f41576d1de5dad68","","1","true","94.59"
"not_found_by_sku","162SU05","6a487fa4f41576d1de5dad6e","","1","true","43.46"
"not_found_by_sku","163ZN37","6a487fa4f41576d1de5dad74","","0","true","23.52"
"not_found_by_sku","164ZN00","6a487fa4f41576d1de5dad7a","","0","true","19.43"
"not_found_by_sku","164PL00","6a487fa5f41576d1de5dad80","","0","true","14.32"
"not_found_by_sku","165AK03","6a487fa5f41576d1de5dad86","","0","true","18.41"
"not_found_by_sku","165CY01","6a487fa5f41576d1de5dad8c","","0","true","19.43"
"not_found_by_sku","165GR00","6a487fa5f41576d1de5dad92","","0","true","12.78"
"not_found_by_sku","165GR03","6a487fa6f41576d1de5dad98","","0","true","15.34"
"not_found_by_sku","165ID03","6a487fa6f41576d1de5dad9e","","0","true","18.41"
"not_found_by_sku","167AE00","6a487fa6f41576d1de5dada4","","0","true","8.44"
"not_found_by_sku","168ID09","6a487fa6f41576d1de5dadaa","","0","true","28.12"
"not_found_by_sku","170ID06","6a487fa6f41576d1de5dadb0","","0","true","58.8"
"not_found_by_sku","171GR13","6a487fa7f41576d1de5dadb6","","1","true","47.04"
"not_found_by_sku","171SL23","6a487fa7f41576d1de5dadbc","","4","true","47.04"
"not_found_by_sku","171SL42","6a487fa7f41576d1de5dadc2","","1","true","38.35"
"not_found_by_sku","171LG01","6a487fa7f41576d1de5dadc8","","2","true","25.56"
"not_found_by_sku","171MO01","6a487fa7f41576d1de5dadce","","2","true","23.01"
"not_found_by_sku","171LG07","6a487fa8f41576d1de5dadd4","","1","true","21.47"
"not_found_by_sku","171AR06","6a487fa8f41576d1de5dadda","","1","true","74.14"
"not_found_by_sku","171CY15","6a487fa8f41576d1de5dade0","","1","true","43.46"
"not_found_by_sku","171CY19","6a487fa8f41576d1de5dade6","","1","true","63.91"
"not_found_by_sku","171AR00","6a487fa9f41576d1de5dadec","","2","true","28.12"
"not_found_by_sku","171AR04","6a487fa9f41576d1de5dadf2","","1","true","17.9"
"not_found_by_sku","171AR02","6a487fa9f41576d1de5dadf8","","1","true","23.01"
"not_found_by_sku","171LG06","6a487fa9f41576d1de5dadfe","","1","true","28.12"
"not_found_by_sku","171BH01","6a487fa9f41576d1de5dae04","","1","true","28.12"
"not_found_by_sku","171BH02","6a487faaf41576d1de5dae0a","","1","true","28.12"
"not_found_by_sku","171AC00","6a487faaf41576d1de5dae10","","1","true","36.81"
"not_found_by_sku","171AC01","6a487faaf41576d1de5dae16","","1","true","31.7"
"not_found_by_sku","316CU107","6a487faaf41576d1de5dae1c","","4","true","2.45"
"not_found_by_sku","116LG444","6a487faaf41576d1de5dae22","","0","true","8.44"
"not_found_by_sku","803LG01","6a487fabf41576d1de5dae28","","0","true","14.32"
"not_found_by_sku","803LG02","6a487fabf41576d1de5dae2e","","0","true","7.41"
"not_found_by_sku","803LG04","6a487fabf41576d1de5dae34","","0","true","9.97"
"not_found_by_sku","803SU01","6a487fabf41576d1de5dae3a","","0","true","16.36"
"not_found_by_sku","803SU03","6a487fabf41576d1de5dae40","","0","true","17.38"
"not_found_by_sku","803SU04","6a487facf41576d1de5dae46","","1","true","10.12"
"not_found_by_sku","803SU05","6a487facf41576d1de5dae4c","","1","true","19.43"
"not_found_by_sku","803DA01","6a487facf41576d1de5dae52","","0","true","14.32"
"not_found_by_sku","803SU06","6a487facf41576d1de5dae58","","0","true","11.25"
"not_found_by_sku","602MD21","6a487fadf41576d1de5dae5e","","0","true","3.48"
"not_found_by_sku","312GR10","6a487fadf41576d1de5dae64","","1","true","12.78"
"not_found_by_sku","159GR04","6a487fadf41576d1de5dae6a","","0","true","49.08"
"not_found_by_sku","141GR00","6a487fadf41576d1de5dae70","","0","true","7.41"
"not_found_by_sku","141GR01","6a487fadf41576d1de5dae76","","0","true","7.41"
"not_found_by_sku","313CU14","6a487faef41576d1de5dae7c","","0","true","11.25"
"not_found_by_sku","313CU15","6a487faef41576d1de5dae82","","0","true","9.46"
"not_found_by_sku","313CU16","6a487faef41576d1de5dae88","","0","true","6.14"
"not_found_by_sku","307GR09","6a487faef41576d1de5dae8e","","0","true","17.38"
"not_found_by_sku","116LG230","6a487faef41576d1de5dae94","","3","true","5.11"
"not_found_by_sku","171SL44","6a487faff41576d1de5dae9a","","1","true","33.23"
"not_found_by_sku","171IG85","6a487faff41576d1de5daea0","","1","true","74.14"
"not_found_by_sku","171IG72","6a487faff41576d1de5daea6","","1","true","69.02"
"not_found_by_sku","110ED15","6a487faff41576d1de5daeac","","0","true","13.55"
"not_found_by_sku","819PE38","6a487fb0f41576d1de5daeb2","","0","true","7.57"
"not_found_by_sku","114LG43","6a487fb0f41576d1de5daeb8","","1","true","4.6"
"not_found_by_sku","802PE39","6a487fb0f41576d1de5daebe","","1","true","16.36"
"not_found_by_sku","301FA06","6a487fb0f41576d1de5daec4","","1","true","19.43"
"not_found_by_sku","309CU113","6a487fb0f41576d1de5daeca","","55","true","0.77"
"not_found_by_sku","309CU115","6a487fb1f41576d1de5daed0","","1","true","1.02"
"not_found_by_sku","162VE01","6a487fb1f41576d1de5daed6","","0","true","23.01"
"not_found_by_sku","148AE03","6a487fb1f41576d1de5daedc","","0","true","29.65"
"not_found_by_sku","110LG206","6a487fb1f41576d1de5daee2","","1","true","26.59"
"not_found_by_sku","113GR06","6a487fb1f41576d1de5daee8","","0","true","7.16"
"not_found_by_sku","162AR52","6a487fb2f41576d1de5daeee","","0","true","92.03"
"not_found_by_sku","132MA01","6a487fb2f41576d1de5daef4","","0","true","2.3"
"not_found_by_sku","307LG20","6a487fb2f41576d1de5daefa","","0","true","29.65"
"not_found_by_sku","806PE65","6a487fb2f41576d1de5daf00","","11","true","6.14"
"not_found_by_sku","143GR05","6a487fb3f41576d1de5daf06","","8","true","5.37"
"not_found_by_sku","165VE01","6a487fb3f41576d1de5daf0c","","0","true","14.32"
"not_found_by_sku","120ZN19","6a487fb3f41576d1de5daf12","","1","true","11.25"
"not_found_by_sku","141ZN03","6a487fb3f41576d1de5daf18","","0","true","4.09"
"not_found_by_sku","815PE162","6a487fb3f41576d1de5daf1e","","3","true","5.37"
"not_found_by_sku","171AK04","6a487fb4f41576d1de5daf24","","1","true","48.57"
"not_found_by_sku","146AK15","6a487fb4f41576d1de5daf2a","","2","true","3.07"
"not_found_by_sku","803MA01","6a487fb4f41576d1de5daf30","","0","true","3.48"
"not_found_by_sku","321AC01","6a487fb4f41576d1de5daf36","","0","true","10.23"
"not_found_by_sku","162VE02","6a487fb4f41576d1de5daf3c","","5","true","23.01"
"not_found_by_sku","148AK04","6a487fb5f41576d1de5daf42","","2","true","9.46"
"not_found_by_sku","165AR14","6a487fb5f41576d1de5daf48","","0","true","19.43"
"not_found_by_sku","162AR54","6a487fb5f41576d1de5daf4e","","0","true","107.37"
"not_found_by_sku","302CU13","6a487fb5f41576d1de5daf54","","5","true","11.25"
"not_found_by_sku","120ID13","6a487fb5f41576d1de5daf5a","","0","true","12.27"
"not_found_by_sku","164ID09","6a487fb6f41576d1de5daf60","","1","true","6.39"
"not_found_by_sku","149ZN03","6a487fb6f41576d1de5daf66","","0","true","19.43"
"not_found_by_sku","149ZN05","6a487fb6f41576d1de5daf6c","","1","true","23.01"
"not_found_by_sku","171PH20","6a487fb6f41576d1de5daf72","","1","true","61.36"
"not_found_by_sku","145CY03","6a487fb7f41576d1de5daf78","","0","true","43.97"
"not_found_by_sku","129SL02","6a487fb7f41576d1de5daf7e","","9","true","2.86"
"not_found_by_sku","110LG25","6a487fb7f41576d1de5daf84","","1","true","10.12"
"not_found_by_sku","163ID10","6a487fb7f41576d1de5daf8a","","0","true","36.81"
"not_found_by_sku","167GR06","6a487fb7f41576d1de5daf90","","0","true","9.97"
"not_found_by_sku","125AK03","6a487fb8f41576d1de5daf96","","1","true","4.35"
"not_found_by_sku","130AK01","6a487fb8f41576d1de5daf9c","","3","true","3.83"
"not_found_by_sku","145GR04","6a487fb8f41576d1de5dafa2","","0","true","17.9"
"not_found_by_sku","146AR10","6a487fb8f41576d1de5dafa8","","0","true","6.14"
"not_found_by_sku","162PH01","6a487fb8f41576d1de5dafae","","2","true","33.23"
"not_found_by_sku","162PH02","6a487fb9f41576d1de5dafb4","","1","true","46.02"
"not_found_by_sku","162PH03","6a487fb9f41576d1de5dafba","","1","true","38.35"
"not_found_by_sku","162PH04","6a487fb9f41576d1de5dafc0","","1","true","48.57"
"not_found_by_sku","150LG56","6a487fb9f41576d1de5dafc6","","4","true","4.09"
"not_found_by_sku","165GR04","6a487fb9f41576d1de5dafcc","","0","true","21.47"
"not_found_by_sku","103LG05","6a487fbaf41576d1de5dafd2","","0","true","0.51"
"not_found_by_sku","162EG00","6a487fbaf41576d1de5dafd8","","0","true","107.37"
"not_found_by_sku","321AC03","6a487fbaf41576d1de5dafde","","0","true","12.78"
"not_found_by_sku","803SU08","6a487fbaf41576d1de5dafe4","","0","true","11.25"
"not_found_by_sku","139BH05","6a487fbbf41576d1de5dafea","","0","true","10.12"
"not_found_by_sku","164ZN01","6a487fbbf41576d1de5daff0","","0","true","19.43"
"not_found_by_sku","165AE01","6a487fbbf41576d1de5daff6","","0","true","23.52"
"not_found_by_sku","803DA02","6a487fbbf41576d1de5daffc","","0","true","6.54"
"not_found_by_sku","133AR00","6a487fbbf41576d1de5db002","","0","true","6.14"
"not_found_by_sku","162AR36","6a487fbcf41576d1de5db008","","0","true","77.72"
"not_found_by_sku","806PE162","6a487fbcf41576d1de5db00e","","1","true","2.81"
"not_found_by_sku","165GR05","6a487fbcf41576d1de5db014","","0","true","14.32"
"not_found_by_sku","116LG69","6a487fbcf41576d1de5db01a","","0","true","6.14"
"not_found_by_sku","162AC10","6a487fbcf41576d1de5db020","","0","true","33.23"
"not_found_by_sku","140MA04","6a487fbdf41576d1de5db026","","1","true","4.09"
"not_found_by_sku","117ZW08","6a487fbdf41576d1de5db02c","","0","true","18.41"
"not_found_by_sku","159IG05","6a487fbdf41576d1de5db032","","0","true","10.12"
"not_found_by_sku","307LG17","6a487fbdf41576d1de5db038","","1","true","7.16"
"not_found_by_sku","133SM00","6a487fbef41576d1de5db03e","","0","true","6.14"
"not_found_by_sku","600MD44","6a487fbef41576d1de5db044","","2","true","3.32"
"not_found_by_sku","803LG06","6a487fbef41576d1de5db04a","","0","true","16.36"
"not_found_by_sku","307LG49","6a487fbef41576d1de5db050","","2","true","13.29"
"not_found_by_sku","143ID00","6a487fbef41576d1de5db056","","0","true","4.35"
"not_found_by_sku","165AK04","6a487fbff41576d1de5db05c","","0","true","17.38"
"not_found_by_sku","815PE161","6a487fbff41576d1de5db062","","1","true","4.35"
"not_found_by_sku","171LG00","6a487fbff41576d1de5db068","","2","true","14.32"
"not_found_by_sku","215FR46","6a487fbff41576d1de5db06e","","7","true","6.14"
"not_found_by_sku","215FR43","6a487fbff41576d1de5db074","","7","true","7.41"
"not_found_by_sku","167GR07","6a487fc0f41576d1de5db07a","","0","true","6.39"
"not_found_by_sku","162ID07","6a487fc0f41576d1de5db080","","0","true","99.7"
"not_found_by_sku","803PH06","6a487fc0f41576d1de5db086","","1","true","3.83"
"not_found_by_sku","803DE01","6a487fc0f41576d1de5db08c","","0","true","15.34"
"not_found_by_sku","803LG07","6a487fc1f41576d1de5db092","","0","true","3.83"
"not_found_by_sku","803VW01","6a487fc1f41576d1de5db098","","2","true","14.32"
"not_found_by_sku","803VW02","6a487fc1f41576d1de5db09e","","2","true","14.32"
"not_found_by_sku","119BH00","6a487fc1f41576d1de5db0a4","","0","true","16.36"
"not_found_by_sku","120AR21","6a487fc1f41576d1de5db0aa","","0","true","31.7"
"not_found_by_sku","150AC00OR","6a487fc2f41576d1de5db0b0","","6","true","6.5"
"not_found_by_sku","120ZN06","6a487fc2f41576d1de5db0b6","","1","true","19.43"
"not_found_by_sku","327LG35","6a487fc2f41576d1de5db0bc","","1","true","3.32"
"not_found_by_sku","327LG36","6a487fc2f41576d1de5db0c2","","3","true","3.32"
"not_found_by_sku","162SM13","6a487fc2f41576d1de5db0c8","","0","true","127.82"
"not_found_by_sku","171IG01","6a487fc3f41576d1de5db0ce","","1","true","61.36"
"not_found_by_sku","171AR03","6a487fc3f41576d1de5db0d4","","1","true","63.91"
"not_found_by_sku","171LG05","6a487fc3f41576d1de5db0da","","1","true","25.56"
"not_found_by_sku","171AR01","6a487fc3f41576d1de5db0e0","","0","true","33.23"
"not_found_by_sku","171LG04","6a487fc4f41576d1de5db0e6","","1","true","43.46"
"not_found_by_sku","171AK00","6a487fc4f41576d1de5db0ec","","1","true","33.23"
"not_found_by_sku","171LG03","6a487fc4f41576d1de5db0f2","","1","true","28.12"
"not_found_by_sku","119OB00","6a487fc4f41576d1de5db0f8","","1","true","4.09"
"not_found_by_sku","130AK02","6a487fc4f41576d1de5db0fe","","1","true","1.53"
"not_found_by_sku","162SU03","6a487fc5f41576d1de5db104","","1","true","51.13"
"not_found_by_sku","148AK03","6a487fc5f41576d1de5db10a","","0","true","4.35"
"not_found_by_sku","164HP01","6a487fc5f41576d1de5db110","","8","true","2.86"
"not_found_by_sku","320ZN00","6a487fc5f41576d1de5db116","","0","true","21.47"
"not_found_by_sku","320AR01","6a487fc5f41576d1de5db11c","","0","true","26.59"
"not_found_by_sku","320AR02","6a487fc6f41576d1de5db122","","0","true","26.59"
"not_found_by_sku","141GR02","6a487fc6f41576d1de5db128","","0","true","7.41"
"not_found_by_sku","171SM04","6a487fc6f41576d1de5db12e","","1","true","58.8"
"not_found_by_sku","111LG37","6a487fc6f41576d1de5db134","","5","true","2.3"
"not_found_by_sku","320GR05","6a487fc7f41576d1de5db140","","0","true","14.32"
"not_found_by_sku","320GR06","6a487fc7f41576d1de5db146","","0","true","14.32"
"not_found_by_sku","308CU39","6a487fc7f41576d1de5db14c","","0","true","11.25"
"not_found_by_sku","803RO01","6a487fc7f41576d1de5db152","","0","true","12.58"
"not_found_by_sku","316CU105","6a487fc8f41576d1de5db158","","0","true","1.79"
"not_found_by_sku","159ZN05","6a487fc8f41576d1de5db164","","0","true","6.14"
"not_found_by_sku","321FA01","6a487fc8f41576d1de5db16a","","0","true","17.9"
"not_found_by_sku","167AE02OR","6a487fc8f41576d1de5db170","","15","true","9.97"
"not_found_by_sku","307LG19","6a487fc9f41576d1de5db176","","0","true","12.27"
"not_found_by_sku","309CU63","6a487fc9f41576d1de5db17c","","0","true","17.38"
"not_found_by_sku","309CU64","6a487fc9f41576d1de5db182","","0","true","17.38"
"not_found_by_sku","323CU03","6a487fc9f41576d1de5db188","","1","true","24.54"
"not_found_by_sku","316CU104","6a487fc9f41576d1de5db18e","","0","true","4.86"
"not_found_by_sku","316CU507","6a487fcaf41576d1de5db194","","4","true","1.79"
"not_found_by_sku","316CU508","6a487fcaf41576d1de5db19a","","4","true","1.79"
"not_found_by_sku","131IG01OR","6a487fcaf41576d1de5db1a0","","1","true","41.93"
"not_found_by_sku","162LG04","6a487fcaf41576d1de5db1a6","","0","true","3.32"
"not_found_by_sku","602MD25","6a487fcbf41576d1de5db1ac","","0","true","3.07"
"not_found_by_sku","600PA01","6a487fcbf41576d1de5db1b2","","0","true","21.47"
"not_found_by_sku","162AR44","6a487fcbf41576d1de5db1b8","","0","true","84.36"
"not_found_by_sku","710AR01","6a487fcbf41576d1de5db1be","","0","true","15.34"
"not_found_by_sku","209FR01","6a487fcbf41576d1de5db1c4","","0","true","14.32"
"not_found_by_sku","312CU242","6a487fccf41576d1de5db1ca","","0","true","11.25"
"not_found_by_sku","307VE01","6a487fccf41576d1de5db1d0","","0","true","16.36"
"not_found_by_sku","802PE36","6a487fccf41576d1de5db1d6","","1","true","18.41"
"not_found_by_sku","710LG21","6a487fccf41576d1de5db1dc","","7","true","1.28"
"not_found_by_sku","168IG04","6a487fccf41576d1de5db1e2","","0","true","4.09"
"not_found_by_sku","901MG01","6a487fcdf41576d1de5db1e8","","0","true","4.35"
"not_found_by_sku","901CU08","6a487fcdf41576d1de5db1ee","","2","true","4.35"
"not_found_by_sku","501FC34","6a487fcdf41576d1de5db1f4","","3","true","27.61"
"not_found_by_sku","156HA00","6a487fcdf41576d1de5db1fa","","0","true","21.47"
"not_found_by_sku","170AK04","6a487fcdf41576d1de5db200","","1","true","43.46"
"not_found_by_sku","162AK50","6a487fcef41576d1de5db206","","1","true","71.58"
"not_found_by_sku","803PH07","6a487fcef41576d1de5db20c","","0","true","9.46"
"not_found_by_sku","803LG08","6a487fcef41576d1de5db212","","0","true","3.83"
"not_found_by_sku","162BH01","6a487fcef41576d1de5db218","","75","true","3.07"
"not_found_by_sku","308CU21","6a487fcff41576d1de5db21e","","3","true","9.46"
"not_found_by_sku","162AR67","6a487fcff41576d1de5db224","","0","true","49.08"
"not_found_by_sku","144ID03","6a487fcff41576d1de5db22a","","0","true","86.92"
"not_found_by_sku","119BH01","6a487fcff41576d1de5db230","","0","true","21.47"
"not_found_by_sku","312BH02","6a487fcff41576d1de5db236","","2","true","26.59"
"not_found_by_sku","326CU02","6a487fd0f41576d1de5db23c","","0","true","4.35"
"not_found_by_sku","320AE00","6a487fd0f41576d1de5db242","","0","true","22.5"
"not_found_by_sku","309CU33","6a487fd0f41576d1de5db248","","0","true","3.32"
"not_found_by_sku","803DE04","6a487fd0f41576d1de5db24e","","0","true","4.35"
"not_found_by_sku","116LG315","6a487fd0f41576d1de5db254","","0","true","5.11"
"not_found_by_sku","816PE18","6a487fd1f41576d1de5db25a","","1","true","6.39"
"not_found_by_sku","501FC31","6a487fd1f41576d1de5db266","","1","true","16.36"
"not_found_by_sku","113AR07OR","6a487fd1f41576d1de5db26c","","19","true","6.39"
"not_found_by_sku","602MD29","6a487fd2f41576d1de5db272","","0","true","2.45"
"not_found_by_sku","602MD30","6a487fd2f41576d1de5db278","","2","true","2.56"
"not_found_by_sku","602MD31","6a487fd2f41576d1de5db27e","","2","true","2.45"
"not_found_by_sku","165LG00","6a487fd2f41576d1de5db284","","4","true","10.23"
"not_found_by_sku","818LG50","6a487fd2f41576d1de5db28a","","9","true","1.02"
"not_found_by_sku","818LG51","6a487fd3f41576d1de5db290","","5","true","1.02"
"not_found_by_sku","117IG13","6a487fd3f41576d1de5db296","","0","true","18.41"
"not_found_by_sku","320VE01","6a487fd3f41576d1de5db29c","","0","true","9.46"
"not_found_by_sku","307MA02","6a487fd3f41576d1de5db2a2","","0","true","7.41"
"not_found_by_sku","126MA02","6a487fd4f41576d1de5db2a8","","0","true","4.09"
"not_found_by_sku","154CY05","6a487fd4f41576d1de5db2ae","","1","true","21.47"
"not_found_by_sku","316GR11","6a487fd4f41576d1de5db2b4","","0","true","3.07"
"not_found_by_sku","803DA04","6a487fd4f41576d1de5db2ba","","0","true","10.12"
"not_found_by_sku","119CY10","6a487fd4f41576d1de5db2c0","","1","true","13.29"
"not_found_by_sku","165MC01","6a487fd5f41576d1de5db2c6","","0","true","16.36"
"not_found_by_sku","803ET01","6a487fd5f41576d1de5db2cc","","0","true","9.46"
"not_found_by_sku","803ET02","6a487fd5f41576d1de5db2d2","","0","true","4.35"
"not_found_by_sku","161MI02","6a487fd5f41576d1de5db2d8","","0","true","27.61"
"not_found_by_sku","153MI01","6a487fd5f41576d1de5db2de","","3","true","8.44"
"not_found_by_sku","312CU265","6a487fd6f41576d1de5db2e4","","2","true","10.23"
"not_found_by_sku","168VE01","6a487fd6f41576d1de5db2ea","","0","true","43.46"
"not_found_by_sku","307GR15","6a487fd6f41576d1de5db2f0","","0","true","16.62"
"not_found_by_sku","806PE35","6a487fd6f41576d1de5db2f6","","1","true","5.37"
"not_found_by_sku","806PE36","6a487fd6f41576d1de5db2fc","","1","true","5.37"
"not_found_by_sku","321LG01","6a487fd7f41576d1de5db302","","0","true","13.29"
"not_found_by_sku","802PE94","6a487fd7f41576d1de5db308","","1","true","33.23"
"not_found_by_sku","168FA02","6a487fd7f41576d1de5db30e","","0","true","17.38"
"not_found_by_sku","151CY01","6a487fd7f41576d1de5db314","","0","true","9.46"
"not_found_by_sku","163BH08","6a487fd8f41576d1de5db31a","","0","true","19.43"
"not_found_by_sku","312CU267","6a487fd8f41576d1de5db320","","1","true","8.18"
"not_found_by_sku","162FR13","6a487fd8f41576d1de5db326","","4","true","13.55"
"not_found_by_sku","162MA12","6a487fd8f41576d1de5db32c","","1","true","43.46"
"not_found_by_sku","162MA13","6a487fd8f41576d1de5db332","","1","true","43.46"
"not_found_by_sku","150MA01","6a487fd9f41576d1de5db338","","0","true","4.09"
"not_found_by_sku","164MA01","6a487fd9f41576d1de5db33e","","2","true","11.25"
"not_found_by_sku","140MA07","6a487fd9f41576d1de5db344","","2","true","6.39"
"not_found_by_sku","163IG11","6a487fd9f41576d1de5db34a","","0","true","23.52"
"not_found_by_sku","159IG10","6a487fd9f41576d1de5db350","","0","true","14.32"
"not_found_by_sku","159IG31","6a487fdaf41576d1de5db356","","2","true","12.27"
"not_found_by_sku","159IG32","6a487fdaf41576d1de5db35c","","0","true","12.27"
"not_found_by_sku","159IG33","6a487fdaf41576d1de5db362","","2","true","12.27"
"not_found_by_sku","316ZN00","6a487fdaf41576d1de5db368","","0","true","3.07"
"not_found_by_sku","316ZN01","6a487fdaf41576d1de5db36e","","0","true","3.07"
"not_found_by_sku","316ZN02","6a487fdbf41576d1de5db374","","2","true","3.07"
"not_found_by_sku","316ZN03","6a487fdbf41576d1de5db37a","","1","true","3.07"
"not_found_by_sku","316AE00","6a487fdbf41576d1de5db380","","1","true","3.83"
"not_found_by_sku","316AE02","6a487fdbf41576d1de5db386","","1","true","3.83"
"not_found_by_sku","316AE03","6a487fdcf41576d1de5db38c","","2","true","4.35"
"not_found_by_sku","316VE10","6a487fdcf41576d1de5db392","","2","true","2.56"
"not_found_by_sku","316ZN04","6a487fdcf41576d1de5db398","","1","true","3.07"
"not_found_by_sku","316CW05","6a487fdcf41576d1de5db39e","","0","true","1.79"
"not_found_by_sku","307VE05","6a487fdcf41576d1de5db3a4","","1","true","11.5"
"not_found_by_sku","307ZN09","6a487fddf41576d1de5db3aa","","0","true","19.43"
"not_found_by_sku","307ZN10","6a487fddf41576d1de5db3b0","","0","true","19.43"
"not_found_by_sku","307ZN07","6a487fddf41576d1de5db3b6","","0","true","13.29"
"not_found_by_sku","307TR22","6a487fddf41576d1de5db3bc","","0","true","16.36"
"not_found_by_sku","307ZN08","6a487fddf41576d1de5db3c2","","0","true","33.23"
"not_found_by_sku","312NE07","6a487fdef41576d1de5db3c8","","0","true","17.9"
"not_found_by_sku","312CU268","6a487fdef41576d1de5db3ce","","0","true","8.18"
"not_found_by_sku","312ZN11","6a487fdef41576d1de5db3d4","","2","true","21.47"
"not_found_by_sku","312ZN14","6a487fdef41576d1de5db3da","","2","true","16.36"
"not_found_by_sku","117DA03","6a487fdff41576d1de5db3e0","","4","true","31.7"
"not_found_by_sku","307ZN03","6a487fdff41576d1de5db3e6","","0","true","31.7"
"not_found_by_sku","162MA04","6a487fdff41576d1de5db3ec","","1","true","43.46"
"not_found_by_sku","159MA00","6a487fdff41576d1de5db3f2","","0","true","7.16"
"not_found_by_sku","326CU10OR","6a487fdff41576d1de5db3f8","","51","true","4.5"
"not_found_by_sku","326CU14","6a487fe0f41576d1de5db3fe","","1","true","12.27"
"not_found_by_sku","312ZN16","6a487fe0f41576d1de5db404","","1","true","14.32"
"not_found_by_sku","307ZN11","6a487fe0f41576d1de5db40a","","0","true","19.43"
"not_found_by_sku","308VE03","6a487fe0f41576d1de5db410","","1","true","7.67"
"not_found_by_sku","119ZN20","6a487fe0f41576d1de5db416","","1","true","14.32"
"not_found_by_sku","119ZN22","6a487fe1f41576d1de5db41c","","2","true","14.32"
"not_found_by_sku","165ZN12","6a487fe1f41576d1de5db422","","0","true","17.38"
"not_found_by_sku","165ZN13","6a487fe1f41576d1de5db428","","0","true","19.43"
"not_found_by_sku","140VE01OR","6a487fe1f41576d1de5db42e","","26","true","4.35"
"not_found_by_sku","116LG422","6a487fe2f41576d1de5db434","","0","true","9.46"
"not_found_by_sku","301SU03OR","6a487fe2f41576d1de5db43a","","1","true","42"
"not_found_by_sku","326CU17","6a487fe2f41576d1de5db440","","1","true","18.41"
"not_found_by_sku","326CU18","6a487fe2f41576d1de5db446","","0","true","4.09"
"not_found_by_sku","326CU19","6a487fe2f41576d1de5db44c","","0","true","4.09"
"not_found_by_sku","806PE21","6a487fe3f41576d1de5db452","","5","true","7.41"
"not_found_by_sku","111LG401","6a487fe3f41576d1de5db458","","10","true","0.26"
"not_found_by_sku","164CY05/OR","6a487fe3f41576d1de5db45e","","1","true","18.41"
"not_found_by_sku","324ZN02","6a487fe3f41576d1de5db464","","0","true","8.44"
"not_found_by_sku","307AR07","6a487fe4f41576d1de5db46a","","0","true","24.54"
"not_found_by_sku","316ZN12","6a487fe4f41576d1de5db470","","0","true","3.07"
"not_found_by_sku","500FC104","6a487fe4f41576d1de5db476","","0","true","9.46"
"not_found_by_sku","120ZN07","6a487fe4f41576d1de5db47c","","0","true","16.36"
"not_found_by_sku","120ZN09","6a487fe4f41576d1de5db482","","5","true","16.36"
"not_found_by_sku","119MC00","6a487fe5f41576d1de5db488","","3","true","9.46"
"not_found_by_sku","117ZN28","6a487fe5f41576d1de5db48e","","0","true","41.93"
"not_found_by_sku","304GR00","6a487fe5f41576d1de5db494","","0","true","9.46"
"not_found_by_sku","120SU00","6a487fe5f41576d1de5db49a","","0","true","16.36"
"not_found_by_sku","148ZN06","6a487fe5f41576d1de5db4a0","","1","true","24.54"
"not_found_by_sku","148IG15","6a487fe6f41576d1de5db4a6","","0","true","19.43"
"not_found_by_sku","148ZW12","6a487fe6f41576d1de5db4ac","","1","true","9.46"
"not_found_by_sku","159ZN03","6a487fe6f41576d1de5db4b2","","0","true","43.97"
"not_found_by_sku","312CU263","6a487fe6f41576d1de5db4b8","","0","true","9.46"
"not_found_by_sku","806PE234","6a487fe6f41576d1de5db4be","","23","true","3.07"
"not_found_by_sku","806PE237","6a487fe7f41576d1de5db4c4","","8","true","3.07"
"not_found_by_sku","806PE223","6a487fe7f41576d1de5db4ca","","1","true","2.56"
"not_found_by_sku","806PE228","6a487fe7f41576d1de5db4d0","","0","true","2.56"
"not_found_by_sku","806PE244","6a487fe7f41576d1de5db4d6","","6","true","4.09"
"not_found_by_sku","322CU05","6a487fe8f41576d1de5db4dc","","0","true","6.39"
"not_found_by_sku","111LG94","6a487fe8f41576d1de5db4e2","","1","true","6.14"
"not_found_by_sku","301GR04","6a487fe8f41576d1de5db4ee","","0","true","13.5"
"not_found_by_sku","167CY07","6a487fe8f41576d1de5db4f4","","0","true","5.11"
"not_found_by_sku","167ID00","6a487fe9f41576d1de5db4fa","","0","true","7.41"
"not_found_by_sku","803SU13","6a487fe9f41576d1de5db500","","7","true","7.41"
"not_found_by_sku","113CY09","6a487fe9f41576d1de5db506","","19","true","3.07"
"not_found_by_sku","312CU288","6a487fe9f41576d1de5db50c","","0","true","6.54"
"not_found_by_sku","312CU289","6a487fe9f41576d1de5db512","","0","true","6.54"
"not_found_by_sku","216FR04","6a487feaf41576d1de5db518","","2","true","4.35"
"not_found_by_sku","216FR13","6a487feaf41576d1de5db51e","","0","true","9.46"
"not_found_by_sku","301VE03","6a487feaf41576d1de5db524","","0","true","16.36"
"not_found_by_sku","802PE51","6a487feaf41576d1de5db52a","","0","true","17.9"
"not_found_by_sku","327LG18","6a487febf41576d1de5db530","","8","true","2.76"
"not_found_by_sku","806PE81","6a487febf41576d1de5db536","","4","true","6.14"
"not_found_by_sku","107LG14","6a487febf41576d1de5db53c","","1","true","2.15"
"not_found_by_sku","807PE51","6a487febf41576d1de5db542","","0","true","7.41"
"not_found_by_sku","803DE06","6a487febf41576d1de5db548","","0","true","6.14"
"not_found_by_sku","326CU23","6a487fecf41576d1de5db54e","","1","true","14.32"
"not_found_by_sku","316CU500","6a487fecf41576d1de5db554","","2","true","1.94"
"not_found_by_sku","162AR39","6a487fecf41576d1de5db55a","","0","true","74.14"
"not_found_by_sku","806PE260","6a487fecf41576d1de5db560","","1","true","2.3"
"not_found_by_sku","815PE120","6a487fecf41576d1de5db566","","0","true","3.99"
"not_found_by_sku","815PE123","6a487fedf41576d1de5db56c","","4","true","4.35"
"not_found_by_sku","820PE406","6a487fedf41576d1de5db572","","0","true","1.02"
"not_found_by_sku","316CU504","6a487fedf41576d1de5db578","","9","true","1.79"
"not_found_by_sku","316CU505","6a487fedf41576d1de5db57e","","11","true","1.79"
"not_found_by_sku","307NE02","6a487fedf41576d1de5db584","","1","true","6.54"
"not_found_by_sku","316NE01","6a487feef41576d1de5db58a","","4","true","2.3"
"not_found_by_sku","316NE02","6a487feef41576d1de5db590","","1","true","2.3"
"not_found_by_sku","306CU95","6a487feef41576d1de5db596","","2","true","9.46"
"not_found_by_sku","324GR00","6a487feef41576d1de5db59c","","2","true","23.01"
"not_found_by_sku","164GR04","6a487feff41576d1de5db5a2","","2","true","9.46"
"not_found_by_sku","307LG34","6a487feff41576d1de5db5a8","","1","true","6.54"
"not_found_by_sku","326CU26","6a487feff41576d1de5db5ae","","0","true","21.47"
"not_found_by_sku","326CU27","6a487feff41576d1de5db5b4","","0","true","19.43"
"not_found_by_sku","326CU28","6a487feff41576d1de5db5ba","","0","true","4.35"
"not_found_by_sku","326CU30","6a487ff0f41576d1de5db5c0","","0","true","4.35"
"not_found_by_sku","174LG18","6a487ff0f41576d1de5db5c6","","0","true","5.11"
"not_found_by_sku","803DE08","6a487ff0f41576d1de5db5cc","","0","true","11.25"
"not_found_by_sku","800EG03","6a487ff0f41576d1de5db5d2","","0","true","3.48"
"not_found_by_sku","800SU01","6a487ff1f41576d1de5db5d8","","0","true","3.48"
"not_found_by_sku","173LG14","6a487ff1f41576d1de5db5de","","61","true","0.31"
"not_found_by_sku","803ZL12A","6a487ff1f41576d1de5db5e4","","4","true","0.61"
"not_found_by_sku","811PE224","6a487ff1f41576d1de5db5ea","","1","true","2.45"
"not_found_by_sku","312SU02","6a487ff1f41576d1de5db5f0","","0","true","14.32"
"not_found_by_sku","308CU24","6a487ff2f41576d1de5db5f6","","2","true","10.12"
"not_found_by_sku","215FR50","6a487ff2f41576d1de5db5fc","","1","true","5.37"
"not_found_by_sku","315TG20","6a487ff2f41576d1de5db602","","4","true","17.38"
"not_found_by_sku","307TR02","6a487ff2f41576d1de5db608","","3","true","4.35"
"not_found_by_sku","324MA01","6a487ff2f41576d1de5db60e","","0","true","5.37"
"not_found_by_sku","152AK01","6a487ff3f41576d1de5db614","","0","true","8.44"
"not_found_by_sku","326LG200","6a487ff3f41576d1de5db61a","","0","true","4.35"
"not_found_by_sku","326LG201","6a487ff3f41576d1de5db620","","0","true","3.48"
"not_found_by_sku","113ZN36","6a487ff3f41576d1de5db626","","0","true","7.41"
"not_found_by_sku","306CU94","6a487ff4f41576d1de5db62c","","5","true","7.57"
"not_found_by_sku","162AC16","6a487ff4f41576d1de5db632","","0","true","35.79"
"not_found_by_sku","501FC04","6a487ff4f41576d1de5db638","","0","true","39.88"
"not_found_by_sku","151AC01","6a487ff4f41576d1de5db63e","","2","true","8.44"
"not_found_by_sku","219AC03","6a487ff4f41576d1de5db644","","2","true","8.44"
"not_found_by_sku","820PE606","6a487ff5f41576d1de5db64a","","1","true","3.48"
"not_found_by_sku","500AC01","6a487ff5f41576d1de5db650","","0","true","9.46"
"not_found_by_sku","500CY01","6a487ff5f41576d1de5db656","","0","true","9.46"
"not_found_by_sku","167GR08","6a487ff5f41576d1de5db65c","","1","true","9.46"
"not_found_by_sku","111LG104","6a487ff6f41576d1de5db662","","4","true","1.94"
"not_found_by_sku","110AR11","6a487ff6f41576d1de5db668","","4","true","9.46"
"not_found_by_sku","111LG105","6a487ff6f41576d1de5db66e","","0","true","0.61"
"not_found_by_sku","131AC02OR","6a487ff6f41576d1de5db674","","3","true","9.46"
"not_found_by_sku","139AR32O","6a487ff6f41576d1de5db67a","","0","true","21.73"
"not_found_by_sku","159IG34","6a487ff7f41576d1de5db680","","0","true","34.77"
"not_found_by_sku","301EG01","6a487ff7f41576d1de5db686","","0","true","6.39"
"not_found_by_sku","316CU10","6a487ff7f41576d1de5db68c","","3","true","1.02"
"not_found_by_sku","600MD09","6a487ff7f41576d1de5db692","","0","true","19.43"
"not_found_by_sku","301AC04","6a487ff7f41576d1de5db698","","0","true","18.41"
"not_found_by_sku","316AC08","6a487ff8f41576d1de5db69e","","0","true","1.94"
"not_found_by_sku","165IG07","6a487ff8f41576d1de5db6a4","","0","true","28.63"
"not_found_by_sku","806PE262","6a487ff8f41576d1de5db6aa","","2","true","2.56"
"not_found_by_sku","118LG04","6a487ff8f41576d1de5db6b0","","0","true","16.36"
"not_found_by_sku","308CU101","6a487ff8f41576d1de5db6b6","","2","true","8.44"
"not_found_by_sku","819PE49","6a487ff9f41576d1de5db6bc","","2","true","8.44"
"not_found_by_sku","227FR08","6a487ff9f41576d1de5db6c2","","3","true","9.46"
"not_found_by_sku","320CU520","6a487ff9f41576d1de5db6c8","","3","true","15.34"
"not_found_by_sku","806PE536","6a487ff9f41576d1de5db6ce","","2","true","1.02"
"not_found_by_sku","806PE99","6a487ffaf41576d1de5db6d4","","0","true","6.14"
"not_found_by_sku","168CY35","6a487ffaf41576d1de5db6da","","0","true","37.84"
"not_found_by_sku","107LG16","6a487ffaf41576d1de5db6e0","","6","true","2.15"
"not_found_by_sku","325CU38","6a487ffaf41576d1de5db6e6","","0","true","10.12"
"not_found_by_sku","307LG35","6a487ffaf41576d1de5db6ec","","0","true","6.39"
"not_found_by_sku","307LG36","6a487ffbf41576d1de5db6f2","","0","true","6.39"
"not_found_by_sku","139ZW01","6a487ffbf41576d1de5db6f8","","1","true","1.53"
"not_found_by_sku","139VE11","6a487ffbf41576d1de5db6fe","","1","true","7.16"
"not_found_by_sku","811PE231","6a487ffbf41576d1de5db70a","","1","true","11.25"
"not_found_by_sku","802PE402","6a487ffcf41576d1de5db710","","0","true","1.79"
"not_found_by_sku","139GR00","6a487ffcf41576d1de5db716","","4","true","4.35"
"not_found_by_sku","803PH10","6a487ffcf41576d1de5db71c","","1","true","14.32"
"not_found_by_sku","803ZL18","6a487ffcf41576d1de5db722","","0","true","16.62"
"not_found_by_sku","600MD11","6a487ffcf41576d1de5db728","","0","true","21.47"
"not_found_by_sku","600MD13","6a487ffdf41576d1de5db72e","","0","true","19.43"
"not_found_by_sku","301VE04","6a487ffdf41576d1de5db734","","0","true","17.9"
"not_found_by_sku","170AK06","6a487ffdf41576d1de5db73a","","1","true","41.93"
"not_found_by_sku","800ZL05","6a487ffdf41576d1de5db740","","1","true","4.35"
"not_found_by_sku","803PE603","6a487ffef41576d1de5db746","","0","true","8.44"
"not_found_by_sku","117EGOR","6a487ffef41576d1de5db74c","","1","true","31.7"
"not_found_by_sku","113PE00","6a487ffef41576d1de5db752","","9","true","0.92"
"not_found_by_sku","500FC75","6a487ffef41576d1de5db758","","0","true","8.18"
"not_found_by_sku","125PE00","6a487ffef41576d1de5db75e","","3","true","4.35"
"not_found_by_sku","600MD14","6a487ffff41576d1de5db764","","0","true","19.43"
"not_found_by_sku","312CU300","6a487ffff41576d1de5db76a","","2","true","3.99"
"not_found_by_sku","806PE263","6a487ffff41576d1de5db770","","1","true","2.05"
"not_found_by_sku","111LG90","6a487ffff41576d1de5db776","","0","true","2.05"
"not_found_by_sku","806PE264","6a487ffff41576d1de5db77c","","2","true","2.81"
"not_found_by_sku","312CU197","6a488000f41576d1de5db782","","0","true","13.55"
"not_found_by_sku","600MD124","6a488000f41576d1de5db788","","1","true","2.05"
"not_found_by_sku","803SU12","6a488000f41576d1de5db78e","","0","true","16.36"
"not_found_by_sku","165ZN14","6a488000f41576d1de5db794","","1","true","19.43"
"not_found_by_sku","813PE91","6a488001f41576d1de5db79a","","7","true","1.28"
"not_found_by_sku","162AC00","6a488001f41576d1de5db7a0","","1","true","24.54"
"not_found_by_sku","162AR10","6a488001f41576d1de5db7a6","","1","true","23.01"
"not_found_by_sku","820PE229","6a488001f41576d1de5db7ac","","0","true","0.92"
"not_found_by_sku","811PE391","6a488001f41576d1de5db7b2","","2","true","2.05"
"not_found_by_sku","806PE54","6a488002f41576d1de5db7b8","","0","true","4.09"
"not_found_by_sku","162MI11","6a488002f41576d1de5db7be","","2","true","5.01"
"not_found_by_sku","162MI12","6a488002f41576d1de5db7c4","","0","true","5.01"
"not_found_by_sku","803PE506","6a488002f41576d1de5db7ca","","2","true","3.48"
"not_found_by_sku","110LG29","6a488003f41576d1de5db7d0","","1","true","16.36"
"not_found_by_sku","110LG30","6a488003f41576d1de5db7d6","","2","true","8.18"
"not_found_by_sku","803PE507","6a488003f41576d1de5db7dc","","0","true","5.01"
"not_found_by_sku","905LG01","6a488003f41576d1de5db7e2","","1","true","24.54"
"not_found_by_sku","905LG02","6a488003f41576d1de5db7e8","","1","true","28.63"
"not_found_by_sku","326CU140","6a488004f41576d1de5db7ee","","0","true","2.97"
"not_found_by_sku","326CU141","6a488004f41576d1de5db7f4","","5","true","7.41"
"not_found_by_sku","312CW12","6a488004f41576d1de5db7fa","","0","true","11.25"
"not_found_by_sku","307CW04","6a488004f41576d1de5db800","","0","true","6.14"
"not_found_by_sku","111LG217","6a488004f41576d1de5db806","","36","true","1.28"
"not_found_by_sku","818LG100","6a488005f41576d1de5db80c","","67","true","0.26"
"not_found_by_sku","818LG101","6a488005f41576d1de5db812","","340","true","0.26"
"not_found_by_sku","818LG102","6a488005f41576d1de5db818","","61","true","0.26"
"not_found_by_sku","818LG103","6a488005f41576d1de5db81e","","149","true","0.26"
"not_found_by_sku","818LG104","6a488005f41576d1de5db824","","65","true","0.26"
"not_found_by_sku","307CW05","6a488006f41576d1de5db82a","","0","true","8.44"
"not_found_by_sku","161CW01","6a488006f41576d1de5db830","","0","true","11.5"
"not_found_by_sku","316CU503","6a488006f41576d1de5db836","","3","true","1.28"
"not_found_by_sku","316CU509","6a488006f41576d1de5db83c","","8","true","2.05"
"not_found_by_sku","316CU510","6a488007f41576d1de5db842","","0","true","2.3"
"not_found_by_sku","308CU41","6a488007f41576d1de5db848","","1","true","6.54"
"not_found_by_sku","162AE07","6a488007f41576d1de5db84e","","3","true","10.12"
"not_found_by_sku","302CU44","6a488007f41576d1de5db854","","6","true","10.23"
"not_found_by_sku","820PE35","6a488007f41576d1de5db85a","","0","true","1.02"
"not_found_by_sku","820PE36","6a488008f41576d1de5db860","","0","true","1.02"
"not_found_by_sku","600MD45","6a488008f41576d1de5db866","","10","true","4.35"
"not_found_by_sku","122GR01","6a488008f41576d1de5db86c","","1","true","4.35"
"not_found_by_sku","803EL05","6a488008f41576d1de5db872","","2","true","7.41"
"not_found_by_sku","125DA01","6a488009f41576d1de5db878","","4","true","4.35"
"not_found_by_sku","116LG649","6a488009f41576d1de5db87e","","1","true","9.46"
"not_found_by_sku","326CU145","6a488009f41576d1de5db884","","2","true","5.11"
"not_found_by_sku","326CU147","6a488009f41576d1de5db88a","","11","true","4.35"
"not_found_by_sku","307CW06","6a488009f41576d1de5db890","","1","true","4.09"
"not_found_by_sku","327LG40","6a48800af41576d1de5db896","","3","true","9.46"
"not_found_by_sku","110ED51","6a48800af41576d1de5db89c","","1","true","24.54"
"not_found_by_sku","327LG42","6a48800af41576d1de5db8a2","","5","true","3.32"
"not_found_by_sku","813PE92","6a48800af41576d1de5db8a8","","1","true","2.05"
"not_found_by_sku","150MA05","6a48800af41576d1de5db8ae","","0","true","4.6"
"not_found_by_sku","215FR106","6a48800bf41576d1de5db8b4","","2","true","7.41"
"not_found_by_sku","312CU105","6a48800bf41576d1de5db8ba","","0","true","2.56"
"not_found_by_sku","312CU106","6a48800bf41576d1de5db8c0","","10","true","5.37"
"not_found_by_sku","312CU108","6a48800bf41576d1de5db8c6","","6","true","3.48"
"not_found_by_sku","320MA01","6a48800cf41576d1de5db8cc","","9","true","11.25"
"not_found_by_sku","139ID19OR","6a48800cf41576d1de5db8d2","","6","true","13.55"
"not_found_by_sku","811PE324","6a48800cf41576d1de5db8d8","","2","true","31.7"
"not_found_by_sku","112LG204","6a48800cf41576d1de5db8de","","2","true","2.3"
"not_found_by_sku","316CU511","6a48800cf41576d1de5db8e4","","10","true","1.53"
"not_found_by_sku","139AR33O","6a48800df41576d1de5db8ea","","0","true","16.62"
"not_found_by_sku","301GR05","6a48800df41576d1de5db8f0","","0","true","6.14"
"not_found_by_sku","312SU03","6a48800df41576d1de5db8f6","","5","true","11.25"
"not_found_by_sku","600IG01","6a48800df41576d1de5db8fc","","0","true","23.01"
"not_found_by_sku","813PE121","6a48800df41576d1de5db902","","1","true","1.28"
"not_found_by_sku","309CU105","6a48800ef41576d1de5db908","","1","true","1.02"
"not_found_by_sku","811PE393","6a48800ef41576d1de5db90e","","1","true","9.1"
"not_found_by_sku","307AC08OR","6a48800ef41576d1de5db914","","5","true","12.5"
"not_found_by_sku","150AC41","6a48800ef41576d1de5db91a","","0","true","14.57"
"not_found_by_sku","117ID11","6a48800ff41576d1de5db920","","0","true","16.36"
"not_found_by_sku","803PE606","6a48800ff41576d1de5db926","","0","true","2.8"
"not_found_by_sku","803PE512","6a48800ff41576d1de5db92c","","9","true","3.32"
"not_found_by_sku","119AE01","6a48800ff41576d1de5db932","","0","true","0"
"not_found_by_sku","600MD15","6a48800ff41576d1de5db938","","0","true","19.43"
"not_found_by_sku","806PE45","6a488010f41576d1de5db93e","","3","true","7.41"
"not_found_by_sku","110ED28","6a488010f41576d1de5db944","","0","true","12.53"
"not_found_by_sku","815PE131","6a488010f41576d1de5db94a","","3","true","2.86"
"not_found_by_sku","815PE511","6a488010f41576d1de5db950","","19","true","1.53"
"not_found_by_sku","146BH10","6a488011f41576d1de5db956","","1","true","7.41"
"not_found_by_sku","320NA04","6a488011f41576d1de5db95c","","0","true","39.88"
"not_found_by_sku","600GL01","6a488011f41576d1de5db962","","0","true","23.01"
"not_found_by_sku","200FR41","6a488011f41576d1de5db968","","1","true","3.32"
"not_found_by_sku","312CU258","6a488011f41576d1de5db96e","","0","true","5.37"
"not_found_by_sku","320AE03","6a488012f41576d1de5db974","","0","true","0"
"not_found_by_sku","813PE217","6a488012f41576d1de5db97a","","13","true","0.92"
"not_found_by_sku","111LG112","6a488012f41576d1de5db980","","0","true","14.57"
"not_found_by_sku","110ED30","6a488012f41576d1de5db986","","0","true","12.68"
"not_found_by_sku","110ED31","6a488012f41576d1de5db98c","","3","true","9.46"
"not_found_by_sku","110ED53","6a488013f41576d1de5db992","","1","true","13.09"
"not_found_by_sku","106LG55","6a488013f41576d1de5db998","","249","true","0.08"
"not_found_by_sku","325CU42","6a488013f41576d1de5db99e","","2","true","19.68"
"not_found_by_sku","325CU43","6a488013f41576d1de5db9a4","","2","true","19.68"
"not_found_by_sku","113AR12OR","6a488014f41576d1de5db9aa","","10","true","4.35"
"not_found_by_sku","110LG35","6a488014f41576d1de5db9b0","","3","true","11.5"
"not_found_by_sku","110LG36","6a488014f41576d1de5db9b6","","2","true","12.53"
"not_found_by_sku","110LG38","6a488014f41576d1de5db9bc","","3","true","12.53"
"not_found_by_sku","110LG39","6a488014f41576d1de5db9c2","","1","true","11.5"
"not_found_by_sku","110LG41","6a488015f41576d1de5db9c8","","1","true","9.97"
"not_found_by_sku","110LG42","6a488015f41576d1de5db9ce","","2","true","12.53"
"not_found_by_sku","110LG43","6a488015f41576d1de5db9d4","","1","true","12.53"
"not_found_by_sku","110LG44","6a488015f41576d1de5db9da","","2","true","13.55"
"not_found_by_sku","110LG45","6a488016f41576d1de5db9e0","","4","true","14.57"
"not_found_by_sku","110LG46","6a488016f41576d1de5db9e6","","1","true","21.47"
"not_found_by_sku","111LG49","6a488016f41576d1de5db9ec","","10","true","4.86"
"not_found_by_sku","819PE53","6a488016f41576d1de5db9f2","","1","true","44.99"
"not_found_by_sku","167AC06OR","6a488016f41576d1de5db9f8","","24","true","5.37"
"not_found_by_sku","600SU03","6a488017f41576d1de5db9fe","","0","true","21.47"
"not_found_by_sku","162BH23OR","6a488017f41576d1de5dba04","","4","true","168.73"
"not_found_by_sku","309CU20","6a488017f41576d1de5dba0a","","0","true","3.32"
"not_found_by_sku","309CU21","6a488017f41576d1de5dba10","","4","true","3.32"
"not_found_by_sku","309CU22","6a488018f41576d1de5dba16","","0","true","3.32"
"not_found_by_sku","309CU26","6a488018f41576d1de5dba1c","","20","true","3.32"
"not_found_by_sku","309CU28","6a488018f41576d1de5dba22","","3","true","3.32"
"not_found_by_sku","322CU19","6a488018f41576d1de5dba28","","3","true","3.32"
"not_found_by_sku","901FA16","6a488018f41576d1de5dba2e","","3","true","9.46"
"not_found_by_sku","901FA17","6a488019f41576d1de5dba34","","2","true","9.46"
"not_found_by_sku","110LG47","6a488019f41576d1de5dba3a","","2","true","14.32"
"not_found_by_sku","304CU14","6a488019f41576d1de5dba40","","1","true","2.45"
"not_found_by_sku","215FR107","6a488019f41576d1de5dba46","","1","true","8.59"
"not_found_by_sku","811PE233OR","6a488019f41576d1de5dba4c","","2","true","26"
"not_found_by_sku","215FR00","6a48801af41576d1de5dba52","","1","true","11.5"
"not_found_by_sku","230FR28","6a48801af41576d1de5dba58","","8","true","10.23"
"not_found_by_sku","312BP05","6a48801af41576d1de5dba5e","","1","true","19.43"
"not_found_by_sku","168EG07","6a48801af41576d1de5dba64","","2","true","36.81"
"not_found_by_sku","811PE266","6a48801af41576d1de5dba6a","","4","true","11.5"
"not_found_by_sku","139AC12","6a48801bf41576d1de5dba70","","0","true","6.14"
"not_found_by_sku","139SL18","6a48801bf41576d1de5dba76","","0","true","3.48"
"not_found_by_sku","808PE14","6a48801bf41576d1de5dba7c","","10","true","8.59"
"not_found_by_sku","326CU48","6a48801bf41576d1de5dba82","","4","true","5"
"not_found_by_sku","324CU12","6a48801cf41576d1de5dba88","","1","true","3.48"
"not_found_by_sku","324CU13","6a48801cf41576d1de5dba8e","","0","true","4.35"
"not_found_by_sku","162SM22","6a48801cf41576d1de5dba94","","1","true","84.36"
"not_found_by_sku","811PE550","6a48801cf41576d1de5dba9a","","1","true","12.78"
"not_found_by_sku","600MD85","6a48801cf41576d1de5dbaa0","","0","true","0.61"
"not_found_by_sku","167LG05","6a48801df41576d1de5dbaa6","","4","true","0.92"
"not_found_by_sku","803ZN08OR","6a48801df41576d1de5dbaac","","23","true","9.46"
"not_found_by_sku","810PE10","6a48801df41576d1de5dbab2","","9","true","2.56"
"not_found_by_sku","800PE127","6a48801df41576d1de5dbab8","","2","true","6.54"
"not_found_by_sku","162ID08A","6a48801df41576d1de5dbabe","","10","true","9.46"
"not_found_by_sku","150LG66","6a48801ef41576d1de5dbac4","","1","true","10.02"
"not_found_by_sku","168EG05","6a48801ef41576d1de5dbaca","","0","true","38.86"
"not_found_by_sku","230FR21","6a48801ef41576d1de5dbad0","","1","true","10.23"
"not_found_by_sku","162AC17","6a48801ef41576d1de5dbad6","","5","true","34.77"
"not_found_by_sku","151LG101","6a48801ff41576d1de5dbadc","","0","true","0.92"
"not_found_by_sku","803TR02","6a48801ff41576d1de5dbae2","","0","true","24.54"
"not_found_by_sku","803TR04","6a48801ff41576d1de5dbae8","","1","true","13.55"
"not_found_by_sku","803TR07","6a48801ff41576d1de5dbaee","","2","true","24.54"
"not_found_by_sku","114LG123","6a48801ff41576d1de5dbaf4","","4","true","3.32"
"not_found_by_sku","326CU49","6a488020f41576d1de5dbafa","","1","true","21.47"
"not_found_by_sku","326CU50","6a488020f41576d1de5dbb00","","0","true","19.68"
"not_found_by_sku","802PE67","6a488020f41576d1de5dbb06","","2","true","17.38"
"not_found_by_sku","802PE68","6a488020f41576d1de5dbb0c","","1","true","17.38"
"not_found_by_sku","600MD128","6a488020f41576d1de5dbb12","","1","true","7.41"
"not_found_by_sku","140VE09OR","6a488021f41576d1de5dbb18","","15","true","4.09"
"not_found_by_sku","800PE130","6a488021f41576d1de5dbb1e","","9","true","2.86"
"not_found_by_sku","202FR04","6a488021f41576d1de5dbb24","","0","true","15.34"
"not_found_by_sku","174LG58","6a488021f41576d1de5dbb2a","","6","true","34.77"
"not_found_by_sku","811PE326","6a488022f41576d1de5dbb30","","1","true","23.01"
"not_found_by_sku","120AR15A","6a488022f41576d1de5dbb36","","5","true","10.12"
"not_found_by_sku","307AC11","6a488022f41576d1de5dbb3c","","2","true","7.41"
"not_found_by_sku","820PE32","6a488022f41576d1de5dbb42","","0","true","0"
"not_found_by_sku","153IG02","6a488022f41576d1de5dbb48","","1","true","6.39"
"not_found_by_sku","113BH07OR","6a488023f41576d1de5dbb4e","","0","true","16.36"
"not_found_by_sku","813PE220","6a488023f41576d1de5dbb54","","19","true","3.68"
"not_found_by_sku","140BH12OR","6a488023f41576d1de5dbb5a","","1","true","48.06"
"not_found_by_sku","226FR10","6a488023f41576d1de5dbb60","","0","true","29.65"
"not_found_by_sku","148HA03","6a488023f41576d1de5dbb66","","6","true","6.54"
"not_found_by_sku","811PE328","6a488024f41576d1de5dbb6c","","2","true","23.01"
"not_found_by_sku","502FC17","6a488024f41576d1de5dbb72","","1","true","4.35"
"not_found_by_sku","215FR110","6a488024f41576d1de5dbb78","","3","true","9.2"
"not_found_by_sku","162AR07","6a488024f41576d1de5dbb7e","","1","true","74.14"
"not_found_by_sku","116LG658OR","6a488025f41576d1de5dbb84","","4","true","16.36"
"not_found_by_sku","819PE55","6a488025f41576d1de5dbb8a","","3","true","3.89"
"not_found_by_sku","301CU24","6a488025f41576d1de5dbb90","","17","true","4.09"
"not_found_by_sku","600MD89","6a488025f41576d1de5dbb96","","0","true","0.72"
"not_found_by_sku","312BP07","6a488025f41576d1de5dbb9c","","0","true","15.34"
"not_found_by_sku","162AR61","6a488026f41576d1de5dbba2","","0","true","11.5"
"not_found_by_sku","320CW01","6a488026f41576d1de5dbba8","","12","true","14.57"
"not_found_by_sku","161SM02","6a488026f41576d1de5dbbae","","3","true","21.47"
"not_found_by_sku","501FC48","6a488026f41576d1de5dbbb4","","7","true","16.36"
"not_found_by_sku","501FC49","6a488026f41576d1de5dbbba","","4","true","16.36"
"not_found_by_sku","302CU48","6a488027f41576d1de5dbbc0","","6","true","10.23"
"not_found_by_sku","803PE513","6a488027f41576d1de5dbbc6","","5","true","2.45"
"not_found_by_sku","111LG17","6a488027f41576d1de5dbbcc","","3","true","23.52"
"not_found_by_sku","501FC43","6a488027f41576d1de5dbbd2","","1","true","34.77"
"not_found_by_sku","500FC80","6a488028f41576d1de5dbbd8","","5","true","13.29"
"not_found_by_sku","312CU302","6a488028f41576d1de5dbbde","","0","true","6.39"
"not_found_by_sku","810PE105","6a488028f41576d1de5dbbe4","","2.5","true","1.43"
"not_found_by_sku","810PE106","6a488028f41576d1de5dbbea","","5","true","5.52"
"not_found_by_sku","307SM05","6a488028f41576d1de5dbbf0","","4","true","34.77"
"not_found_by_sku","307SM06","6a488029f41576d1de5dbbf6","","5","true","19.43"
"not_found_by_sku","307SM07","6a488029f41576d1de5dbbfc","","1","true","21.47"
"not_found_by_sku","322CU22","6a488029f41576d1de5dbc02","","1","true","14.32"
"not_found_by_sku","820PE219","6a488029f41576d1de5dbc08","","4","true","1.53"
"not_found_by_sku","324SM00","6a488029f41576d1de5dbc0e","","0","true","21.47"
"not_found_by_sku","147SM00","6a48802af41576d1de5dbc14","","2","true","11.25"
"not_found_by_sku","145VE06","6a48802af41576d1de5dbc1a","","4","true","9.46"
"not_found_by_sku","307SM08","6a48802af41576d1de5dbc20","","3","true","34.77"
"not_found_by_sku","159SM01","6a48802af41576d1de5dbc26","","1","true","34.77"
"not_found_by_sku","147SM01","6a48802bf41576d1de5dbc2c","","5","true","7.16"
"not_found_by_sku","113SM01","6a48802bf41576d1de5dbc32","","0","true","6.39"
"not_found_by_sku","111LG223","6a48802bf41576d1de5dbc38","","1","true","3.32"
"not_found_by_sku","120IG14OR","6a48802bf41576d1de5dbc3e","","3","true","22.5"
"not_found_by_sku","302CU52","6a48802bf41576d1de5dbc44","","1","true","19.43"
"not_found_by_sku","302CU53","6a48802cf41576d1de5dbc4a","","1","true","24.54"
"not_found_by_sku","148BH05O","6a48802cf41576d1de5dbc50","","0","true","28.63"
"not_found_by_sku","222FR100","6a48802cf41576d1de5dbc56","","0","true","99.7"
"not_found_by_sku","162IG101","6a48802cf41576d1de5dbc5c","","0","true","109.93"
"not_found_by_sku","313ZN01","6a48802cf41576d1de5dbc62","","0","true","145.72"
"not_found_by_sku","316CU31","6a48802df41576d1de5dbc68","","8","true","2.3"
"not_found_by_sku","301CU43","6a48802df41576d1de5dbc6e","","3","true","15.34"
"not_found_by_sku","301BH05","6a48802df41576d1de5dbc74","","1","true","47.04"
"not_found_by_sku","170AR02","6a48802df41576d1de5dbc7a","","0","true","194.29"
"not_found_by_sku","803PE515","6a48802ef41576d1de5dbc80","","0","true","2.66"
"not_found_by_sku","151AC08","6a48802ef41576d1de5dbc86","","0","true","13.19"
"not_found_by_sku","170CY01","6a48802ef41576d1de5dbc8c","","0","true","56.24"
"not_found_by_sku","306AC01","6a48802ef41576d1de5dbc92","","3","true","6.54"
"not_found_by_sku","306AC02","6a48802ef41576d1de5dbc98","","2","true","6.54"
"not_found_by_sku","301CY01","6a48802ff41576d1de5dbc9e","","0","true","5.37"
"not_found_by_sku","320VE03","6a48802ff41576d1de5dbca4","","6","true","9.46"
"not_found_by_sku","170AR03","6a48802ff41576d1de5dbcaa","","0","true","178.95"
"not_found_by_sku","147ZN01","6a48802ff41576d1de5dbcb0","","3","true","18.41"
"not_found_by_sku","811PE332","6a48802ff41576d1de5dbcb6","","2","true","49.08"
"not_found_by_sku","811PE406","6a488030f41576d1de5dbcbc","","0","true","1.28"
"not_found_by_sku","145ZN01","6a488030f41576d1de5dbcc2","","0","true","31.7"
"not_found_by_sku","162LG06","6a488030f41576d1de5dbcc8","","2","true","0"
"not_found_by_sku","131BH02OR","6a488030f41576d1de5dbcce","","4","true","41.93"
"not_found_by_sku","162ZN32","6a488031f41576d1de5dbcd4","","1","true","99.7"
"not_found_by_sku","602MD34","6a488031f41576d1de5dbcda","","2","true","1.28"
"not_found_by_sku","140VE05","6a488031f41576d1de5dbce0","","2","true","12.53"
"not_found_by_sku","811PE154","6a488031f41576d1de5dbce6","","0","true","18.41"
"not_found_by_sku","803PE516","6a488031f41576d1de5dbcec","","0","true","3.58"
"not_found_by_sku","803RO15OR","6a488032f41576d1de5dbcf2","","0","true","18.41"
"not_found_by_sku","162ZN38","6a488032f41576d1de5dbcf8","","1","true","51.13"
"not_found_by_sku","324ZN04","6a488032f41576d1de5dbcfe","","1","true","43.46"
"not_found_by_sku","161CY03","6a488032f41576d1de5dbd04","","3","true","12.78"
"not_found_by_sku","162ZN49","6a488032f41576d1de5dbd0a","","1","true","100.21"
"not_found_by_sku","223FR05","6a488033f41576d1de5dbd10","","0","true","107.37"
"not_found_by_sku","170ZN01","6a488033f41576d1de5dbd16","","0","true","184.07"
"not_found_by_sku","170ZN02","6a488033f41576d1de5dbd1c","","0","true","204.52"
"not_found_by_sku","153LG09","6a488033f41576d1de5dbd22","","5","true","1.12"
"not_found_by_sku","162AR37","6a488034f41576d1de5dbd28","","0","true","122.71"
"not_found_by_sku","801PE02","6a488034f41576d1de5dbd2e","","0","true","5.11"
"not_found_by_sku","229FR21","6a488034f41576d1de5dbd34","","0","true","61.36"
"not_found_by_sku","810PE107","6a488034f41576d1de5dbd3a","","3","true","1.28"
"not_found_by_sku","170ZN03","6a488034f41576d1de5dbd40","","0","true","143.16"
"not_found_by_sku","144ID04","6a488035f41576d1de5dbd46","","0","true","76.69"
"not_found_by_sku","113EG04OR","6a488035f41576d1de5dbd4c","","19","true","7.5"
"not_found_by_sku","170ZN04","6a488035f41576d1de5dbd52","","0","true","181.51"
"not_found_by_sku","139ZN59","6a488035f41576d1de5dbd58","","1","true","39.88"
"not_found_by_sku","321AR01","6a488035f41576d1de5dbd5e","","0","true","23.52"
"not_found_by_sku","144ID05","6a488036f41576d1de5dbd64","","0","true","71.58"
"not_found_by_sku","322CU25","6a488036f41576d1de5dbd6a","","0","true","19.68"
"not_found_by_sku","801PE03","6a488036f41576d1de5dbd70","","1","true","4.09"
"not_found_by_sku","116LG302","6a488036f41576d1de5dbd76","","10","true","5.11"
"not_found_by_sku","102LG85","6a488037f41576d1de5dbd7c","","1","true","29.65"
"not_found_by_sku","143ZN99","6a488037f41576d1de5dbd82","","5","true","3.32"
"not_found_by_sku","602IG01","6a488037f41576d1de5dbd88","","1","true","50.11"
"not_found_by_sku","300CU62","6a488037f41576d1de5dbd8e","","1","true","38.86"
"not_found_by_sku","113ZN26","6a488037f41576d1de5dbd94","","8","true","5.37"
"not_found_by_sku","167ZN10","6a488038f41576d1de5dbd9a","","0","true","8.18"
"not_found_by_sku","170AR05","6a488038f41576d1de5dbda0","","0","true","194.29"
"not_found_by_sku","139ZN60OR","6a488038f41576d1de5dbda6","","0","true","39.88"
"not_found_by_sku","140AC31OR","6a488038f41576d1de5dbdac","","3","true","4.2"
"not_found_by_sku","131AC03OR","6a488038f41576d1de5dbdb2","","3","true","9.71"
"not_found_by_sku","131AC04OR","6a488039f41576d1de5dbdb8","","6","true","8.59"
"not_found_by_sku","172AR01","6a488039f41576d1de5dbdbe","","0","true","26.59"
"not_found_by_sku","201AR01","6a488039f41576d1de5dbdc4","","0","true","178.95"
"not_found_by_sku","803SU21","6a488039f41576d1de5dbdca","","5","true","9.46"
"not_found_by_sku","162ZN34","6a488039f41576d1de5dbdd0","","0","true","127.82"
"not_found_by_sku","810PE12","6a48803af41576d1de5dbdd6","","7","true","4.86"
"not_found_by_sku","307TR31","6a48803af41576d1de5dbddc","","5","true","6.14"
"not_found_by_sku","111AR05","6a48803af41576d1de5dbde2","","2","true","5.11"
"not_found_by_sku","819PE58","6a48803af41576d1de5dbde8","","0","true","6.14"
"not_found_by_sku","301CU33","6a48803bf41576d1de5dbdee","","7","true","14.57"
"not_found_by_sku","320LG04","6a48803bf41576d1de5dbdf4","","0","true","9.97"
"not_found_by_sku","320LG05","6a48803bf41576d1de5dbdfa","","1","true","13.55"
"not_found_by_sku","320LG06","6a48803bf41576d1de5dbe00","","1","true","13.55"
"not_found_by_sku","111LG113","6a48803bf41576d1de5dbe06","","23","true","2.81"
"not_found_by_sku","111LG114","6a48803cf41576d1de5dbe0c","","0","true","2.81"
"not_found_by_sku","817PE33","6a48803cf41576d1de5dbe12","","3","true","1.28"
"not_found_by_sku","817PE34","6a48803cf41576d1de5dbe18","","0","true","1.28"
"not_found_by_sku","110LG22","6a48803cf41576d1de5dbe1e","","1","true","12.78"
"not_found_by_sku","110LG23","6a48803df41576d1de5dbe24","","1","true","9.2"
"not_found_by_sku","303CU29","6a48803df41576d1de5dbe2a","","2","true","1.23"
"not_found_by_sku","117CY24","6a48803df41576d1de5dbe30","","2","true","29.65"
"not_found_by_sku","140ZN70","6a48803df41576d1de5dbe36","","0","true","39.88"
"not_found_by_sku","163LG35","6a48803df41576d1de5dbe3c","","0","true","132.94"
"not_found_by_sku","162FR35","6a48803ef41576d1de5dbe42","","0","true","39.88"
"not_found_by_sku","313IG02","6a48803ef41576d1de5dbe48","","1","true","84.87"
"not_found_by_sku","162ID12","6a48803ef41576d1de5dbe4e","","0","true","71.58"
"not_found_by_sku","326CU54","6a48803ef41576d1de5dbe54","","3","true","24.54"
"not_found_by_sku","308CY00","6a48803ef41576d1de5dbe5a","","1","true","0"
"not_found_by_sku","131CY01OR","6a48803ff41576d1de5dbe60","","2","true","16.36"
"not_found_by_sku","140ZN02","6a48803ff41576d1de5dbe66","","1","true","26.59"
"not_found_by_sku","162BH28OR","6a48803ff41576d1de5dbe6c","","2","true","110"
"not_found_by_sku","145IG16","6a48803ff41576d1de5dbe72","","0","true","29.65"
"not_found_by_sku","162ZN39","6a488040f41576d1de5dbe78","","1","true","112.48"
"not_found_by_sku","901CU12","6a488040f41576d1de5dbe7e","","10","true","7.16"
"not_found_by_sku","162ZN40","6a488040f41576d1de5dbe84","","0","true","130.38"
"not_found_by_sku","140ZN03","6a488040f41576d1de5dbe8a","","0","true","14.57"
"not_found_by_sku","170AR06","6a488040f41576d1de5dbe90","","0","true","210"
"not_found_by_sku","148ZN38","6a488041f41576d1de5dbe96","","0","true","9.2"
"not_found_by_sku","324ZN05","6a488041f41576d1de5dbe9c","","0","true","56.24"
"not_found_by_sku","325CU49","6a488041f41576d1de5dbea2","","1","true","19.43"
"not_found_by_sku","01","6a488041f41576d1de5dbea8","","0","true","0"
"not_found_by_sku","162AC29","6a488042f41576d1de5dbeae","","0","true","71.58"
"not_found_by_sku","810PE108","6a488042f41576d1de5dbeb4","","37","true","1.02"
"not_found_by_sku","140LG07","6a488042f41576d1de5dbeba","","4","true","9.46"
"not_found_by_sku","140IG01","6a488042f41576d1de5dbec0","","0","true","5.11"
"not_found_by_sku","162AR35","6a488042f41576d1de5dbec6","","0","true","112.48"
"not_found_by_sku","811PE290","6a488043f41576d1de5dbecc","","0","true","19.43"
"not_found_by_sku","145IG17","6a488043f41576d1de5dbed2","","0","true","13.29"
"not_found_by_sku","145IG18","6a488043f41576d1de5dbed8","","0","true","16.36"
"not_found_by_sku","111LG106","6a488043f41576d1de5dbede","","0","true","1.12"
"not_found_by_sku","148ZN39OR","6a488043f41576d1de5dbee4","","2","true","46"
"not_found_by_sku","162AC31","6a488044f41576d1de5dbeea","","0","true","26.59"
"not_found_by_sku","820PE59","6a488044f41576d1de5dbef0","","0","true","0"
"not_found_by_sku","161LG02","6a488044f41576d1de5dbef6","","0","true","34.77"
"not_found_by_sku","301CU02","6a488044f41576d1de5dbefc","","23","true","0.26"
"not_found_by_sku","162AC32","6a488045f41576d1de5dbf02","","0","true","24.54"
"not_found_by_sku","817PE26","6a488045f41576d1de5dbf08","","0","true","1.28"
"not_found_by_sku","162ZN41","6a488045f41576d1de5dbf0e","","0","true","81.81"
"not_found_by_sku","113AR14","6a488045f41576d1de5dbf14","","2","true","4.09"
"not_found_by_sku","162AC06OR","6a488045f41576d1de5dbf1a","","0","true","16.36"
"not_found_by_sku","803PE519","6a488046f41576d1de5dbf20","","0","true","6.39"
"not_found_by_sku","168AC01OR","6a488046f41576d1de5dbf26","","6","true","8.5"
"not_found_by_sku","162ZN42","6a488046f41576d1de5dbf2c","","0","true","101.24"
"not_found_by_sku","208VE00","6a488046f41576d1de5dbf38","","1","true","18.41"
"not_found_by_sku","811PE254","6a488047f41576d1de5dbf3e","","6","true","4.35"
"not_found_by_sku","159AE02","6a488047f41576d1de5dbf44","","2","true","0"
"not_found_by_sku","811PE500","6a488047f41576d1de5dbf4a","","17","true","2.86"
"not_found_by_sku","203AR01","6a488047f41576d1de5dbf50","","1","true","18.41"
"not_found_by_sku","203AR02","6a488048f41576d1de5dbf56","","1","true","0"
"not_found_by_sku","203AR03","6a488048f41576d1de5dbf5c","","1","true","19.43"
"not_found_by_sku","203AR04","6a488048f41576d1de5dbf62","","1","true","0"
"not_found_by_sku","203AR05","6a488048f41576d1de5dbf68","","1","true","0"
"not_found_by_sku","140AC34","6a488048f41576d1de5dbf6e","","0","true","21.47"
"not_found_by_sku","162AC33","6a488049f41576d1de5dbf74","","0","true","41.93"
"not_found_by_sku","227FR69","6a488049f41576d1de5dbf7a","","2","true","8.44"
"not_found_by_sku","216FR03","6a488049f41576d1de5dbf80","","2","true","16.36"
"not_found_by_sku","170AR07","6a488049f41576d1de5dbf86","","0","true","194.29"
"not_found_by_sku","321ZN01","6a488049f41576d1de5dbf8c","","0","true","4.09"
"not_found_by_sku","140ZN69","6a48804af41576d1de5dbf92","","0","true","16.36"
"not_found_by_sku","301ZN02","6a48804af41576d1de5dbf98","","0","true","55.22"
"not_found_by_sku","322CU27","6a48804af41576d1de5dbf9e","","0","true","7.57"
"not_found_by_sku","164SM01","6a48804af41576d1de5dbfa4","","2","true","19.43"
"not_found_by_sku","906LG01","6a48804bf41576d1de5dbfaa","","2","true","18.66"
"not_found_by_sku","162ZN43","6a48804bf41576d1de5dbfb0","","0","true","143.16"
"not_found_by_sku","131ID01OR","6a48804bf41576d1de5dbfb6","","2","true","18.41"
"not_found_by_sku","162AR77","6a48804bf41576d1de5dbfbc","","0","true","107.37"
"not_found_by_sku","170ZN05","6a48804bf41576d1de5dbfc2","","0","true","143.16"
"not_found_by_sku","301VE06","6a48804cf41576d1de5dbfc8","","0","true","18.41"
"not_found_by_sku","820PE46","6a48804cf41576d1de5dbfce","","0","true","2.86"
"not_found_by_sku","301VE00","6a48804cf41576d1de5dbfd4","","0","true","18.41"
"not_found_by_sku","309CU68","6a48804cf41576d1de5dbfda","","1","true","11.5"
"not_found_by_sku","309CU75","6a48804df41576d1de5dbfe0","","1","true","14.32"
"not_found_by_sku","307CW07","6a48804df41576d1de5dbfe6","","5","true","4.35"
"not_found_by_sku","307TR36","6a48804df41576d1de5dbff2","","0","true","4.35"
"not_found_by_sku","307VE21","6a48804df41576d1de5dbff8","","2","true","13.29"
"not_found_by_sku","162MA09","6a48804ef41576d1de5dbffe","","0","true","47.04"
"not_found_by_sku","144ZN01","6a48804ef41576d1de5dc004","","0","true","71.58"
"not_found_by_sku","811PE410","6a48804ef41576d1de5dc00a","","1","true","13.55"
"not_found_by_sku","819PE63","6a48804ef41576d1de5dc010","","19","true","6.54"
"not_found_by_sku","300CU63","6a48804ef41576d1de5dc016","","0","true","9.46"
"not_found_by_sku","140MA16","6a48804ff41576d1de5dc01c","","0","true","11.25"
"not_found_by_sku","143MA02","6a48804ff41576d1de5dc022","","3","true","8.44"
"not_found_by_sku","143MA03","6a48804ff41576d1de5dc028","","4","true","8.44"
"not_found_by_sku","126MA04","6a48804ff41576d1de5dc02e","","0","true","7.41"
"not_found_by_sku","227AC00","6a48804ff41576d1de5dc034","","2","true","6.39"
"not_found_by_sku","307ZN18","6a488050f41576d1de5dc03a","","0","true","26.59"
"not_found_by_sku","162AC34","6a488050f41576d1de5dc040","","1","true","26.59"
"not_found_by_sku","148MA10","6a488050f41576d1de5dc046","","0","true","0"
"not_found_by_sku","307SM11","6a488050f41576d1de5dc04c","","4","true","12.27"
"not_found_by_sku","307LG51","6a488051f41576d1de5dc052","","2","true","12.27"
"not_found_by_sku","307LG52","6a488051f41576d1de5dc058","","1","true","12.27"
"not_found_by_sku","307SM12","6a488051f41576d1de5dc05e","","2","true","12.27"
"not_found_by_sku","307SM13","6a488051f41576d1de5dc064","","4","true","12.27"
"not_found_by_sku","151CY08","6a488051f41576d1de5dc06a","","1","true","9.46"
"not_found_by_sku","151LG08","6a488052f41576d1de5dc070","","2","true","13.29"
"not_found_by_sku","151LG09","6a488052f41576d1de5dc076","","1","true","13.29"
"not_found_by_sku","152LG12","6a488052f41576d1de5dc07c","","1","true","13.29"
"not_found_by_sku","152LG13","6a488052f41576d1de5dc082","","1","true","13.29"
"not_found_by_sku","164ZN13","6a488052f41576d1de5dc088","","0","true","19.43"
"not_found_by_sku","312ZN26OR","6a488053f41576d1de5dc08e","","3","true","42"
"not_found_by_sku","811PE503","6a488053f41576d1de5dc094","","1","true","7.67"
"not_found_by_sku","325CU80","6a488053f41576d1de5dc09a","","1","true","1.84"
"not_found_by_sku","170ZN06","6a488053f41576d1de5dc0a0","","0","true","127.82"
"not_found_by_sku","313ZN02","6a488054f41576d1de5dc0a6","","0","true","79.25"
"not_found_by_sku","215IG01","6a488054f41576d1de5dc0ac","","0","true","49.08"
"not_found_by_sku","144AR01","6a488054f41576d1de5dc0b2","","0","true","71.58"
"not_found_by_sku","117AR02","6a488054f41576d1de5dc0b8","","1","true","21.47"
"not_found_by_sku","312CU307","6a488054f41576d1de5dc0be","","1","true","5.01"
"not_found_by_sku","312CU308","6a488055f41576d1de5dc0c4","","1","true","5.01"
"not_found_by_sku","162ID14","6a488055f41576d1de5dc0ca","","0","true","86.92"
"not_found_by_sku","144IG03","6a488055f41576d1de5dc0d0","","0","true","91.01"
"not_found_by_sku","138ZN07","6a488055f41576d1de5dc0d6","","0","true","127.82"
"not_found_by_sku","302CU42","6a488056f41576d1de5dc0dc","","0","true","10.23"
"not_found_by_sku","162ZN101","6a488056f41576d1de5dc0e2","","0","true","77.72"
"not_found_by_sku","120AC12OR","6a488056f41576d1de5dc0e8","","1","true","9.46"
"not_found_by_sku","140AC40","6a488056f41576d1de5dc0ee","","0","true","16.36"
"not_found_by_sku","120ZN33","6a488056f41576d1de5dc0f4","","0","true","19.43"
"not_found_by_sku","164ZN14","6a488057f41576d1de5dc0fa","","0","true","16.36"
"not_found_by_sku","139ZN55","6a488057f41576d1de5dc100","","0","true","9.2"
"not_found_by_sku","116LG80","6a488057f41576d1de5dc106","","0","true","9.46"
"not_found_by_sku","162ZN44","6a488057f41576d1de5dc10c","","1","true","63.91"
"not_found_by_sku","170AR08","6a488057f41576d1de5dc112","","0","true","194.29"
"not_found_by_sku","144AR02","6a488058f41576d1de5dc118","","0","true","69.02"
"not_found_by_sku","312CU279OR","6a488058f41576d1de5dc11e","","14","true","9.46"
"not_found_by_sku","162AR28","6a488058f41576d1de5dc124","","0","true","97.15"
"not_found_by_sku","140ZN7","6a488058f41576d1de5dc12a","","0","true","43.97"
"not_found_by_sku","139ZN57OR","6a488059f41576d1de5dc130","","1","true","55.22"
"not_found_by_sku","300CU55","6a488059f41576d1de5dc136","","0","true","21.47"
"not_found_by_sku","102LG81","6a488059f41576d1de5dc13c","","2","true","24.54"
"not_found_by_sku","313ZN03","6a488059f41576d1de5dc142","","0","true","94.59"
"not_found_by_sku","162IG54","6a488059f41576d1de5dc148","","0","true","0"
"not_found_by_sku","162ZN50","6a48805af41576d1de5dc14e","","0","true","43.46"
"not_found_by_sku","162ZN51","6a48805af41576d1de5dc154","","0","true","49.08"
"not_found_by_sku","307AR15","6a48805af41576d1de5dc15a","","0","true","61.36"
"not_found_by_sku","201IG01","6a48805af41576d1de5dc160","","0","true","46.02"
"not_found_by_sku","138ZN08","6a48805af41576d1de5dc166","","0","true","48.57"
"not_found_by_sku","162AR57","6a48805bf41576d1de5dc16c","","0","true","127.82"
"not_found_by_sku","170AR09","6a48805bf41576d1de5dc172","","0","true","153.39"
"not_found_by_sku","162AR64","6a48805bf41576d1de5dc178","","0","true","28.63"
"not_found_by_sku","222FR99","6a48805bf41576d1de5dc17e","","0","true","43.97"
"not_found_by_sku","162ZN102","6a48805bf41576d1de5dc184","","0","true","0"
"not_found_by_sku","140AR38","6a48805cf41576d1de5dc18a","","0","true","6.39"
"not_found_by_sku","140AR39","6a48805cf41576d1de5dc190","","0","true","6.39"
"not_found_by_sku","229FR","6a48805cf41576d1de5dc196","","0","true","0"
"not_found_by_sku","309CU43","6a48805cf41576d1de5dc19c","","2","true","3.48"
"not_found_by_sku","111LG18","6a48805df41576d1de5dc1a2","","9","true","3.48"
"not_found_by_sku","144AR06","6a48805df41576d1de5dc1a8","","0","true","81.81"
"not_found_by_sku","311CU44","6a48805df41576d1de5dc1ae","","0","true","0"
"not_found_by_sku","311CU45","6a48805df41576d1de5dc1b4","","0","true","0"
"not_found_by_sku","311CU41","6a48805df41576d1de5dc1ba","","0","true","0"
"not_found_by_sku","309CU77","6a48805ef41576d1de5dc1c0","","2","true","9.2"
"not_found_by_sku","309CU78","6a48805ef41576d1de5dc1c6","","0","true","8.18"
"not_found_by_sku","02","6a48805ef41576d1de5dc1cc","","0","true","0"
"not_found_by_sku","138SU01OR","6a48805ef41576d1de5dc1d2","","1","true","34.77"
"not_found_by_sku","170ZN07","6a48805ef41576d1de5dc1d8","","0","true","230.08"
"not_found_by_sku","300CU56","6a48805ff41576d1de5dc1de","","1","true","21.47"
"not_found_by_sku","811PE504","6a48805ff41576d1de5dc1e4","","0","true","61.36"
"not_found_by_sku","163LG72","6a48805ff41576d1de5dc1ea","","0","true","48.57"
"not_found_by_sku","100LG110","6a48805ff41576d1de5dc1f0","","0","true","0"
"not_found_by_sku","162LG101","6a488060f41576d1de5dc1f6","","0","true","0"
"not_found_by_sku","812PE100","6a488060f41576d1de5dc1fc","","0","true","0"
"not_found_by_sku","140IG02","6a488060f41576d1de5dc202","","0","true","46.02"
"not_found_by_sku","162AR41","6a488060f41576d1de5dc208","","0","true","163.61"
"not_found_by_sku","312NE17","6a488060f41576d1de5dc20e","","1","true","11.25"
"not_found_by_sku","309CU79","6a488061f41576d1de5dc214","","13","true","7.41"
"not_found_by_sku","601MD17","6a488061f41576d1de5dc21a","","2","true","10.23"
"not_found_by_sku","304CU02","6a488061f41576d1de5dc220","","2","true","9.46"
"not_found_by_sku","307NE05","6a488061f41576d1de5dc226","","4","true","6.39"
"not_found_by_sku","307NE06","6a488061f41576d1de5dc22c","","0","true","7.41"
"not_found_by_sku","301NE01","6a488062f41576d1de5dc232","","2","true","14.57"
"not_found_by_sku","301NE02","6a488062f41576d1de5dc238","","4","true","14.57"
"not_found_by_sku","308AE04","6a488062f41576d1de5dc23e","","8","true","9.46"
"not_found_by_sku","139BH06","6a488062f41576d1de5dc244","","0","true","31.7"
"not_found_by_sku","140ZN76","6a488062f41576d1de5dc24a","","0","true","18.41"
"not_found_by_sku","500ZN01","6a488063f41576d1de5dc250","","0","true","63.91"
"not_found_by_sku","500ZN02","6a488063f41576d1de5dc256","","0","true","31.7"
"not_found_by_sku","313ZN04","6a488063f41576d1de5dc25c","","0","true","81.81"
"not_found_by_sku","313ZN05","6a488063f41576d1de5dc262","","0","true","107.37"
"not_found_by_sku","313ZN06","6a488064f41576d1de5dc268","","0","true","19.43"
"not_found_by_sku","313ZN07","6a488064f41576d1de5dc26e","","0","true","53.69"
"not_found_by_sku","317ZN01","6a488064f41576d1de5dc274","","0","true","31.7"
"not_found_by_sku","313ZN08","6a488064f41576d1de5dc27a","","0","true","105.33"
"not_found_by_sku","317ZN02","6a488064f41576d1de5dc280","","0","true","63.91"
"not_found_by_sku","317ZN03","6a488065f41576d1de5dc286","","0","true","63.91"
"not_found_by_sku","170ZN08","6a488065f41576d1de5dc28c","","0","true","54.2"
"not_found_by_sku","602ZN01","6a488065f41576d1de5dc292","","0","true","85.9"
"not_found_by_sku","103ZN03","6a488065f41576d1de5dc298","","0","true","21.47"
"not_found_by_sku","154ZN00","6a488065f41576d1de5dc29e","","0","true","28.63"
"not_found_by_sku","162ZN48","6a488066f41576d1de5dc2a4","","0","true","112.48"
"not_found_by_sku","313ZN09","6a488066f41576d1de5dc2aa","","0","true","163.61"
"not_found_by_sku","313ZN10","6a488066f41576d1de5dc2b0","","0","true","163.61"
"not_found_by_sku","313ZN11","6a488066f41576d1de5dc2b6","","0","true","184.07"
"not_found_by_sku","313ZN12","6a488067f41576d1de5dc2bc","","0","true","184.07"
"not_found_by_sku","156ZN04","6a488067f41576d1de5dc2c2","","0","true","33.23"
"not_found_by_sku","156ZN05","6a488067f41576d1de5dc2c8","","0","true","56.24"
"not_found_by_sku","143ZN98","6a488067f41576d1de5dc2ce","","0","true","33.23"
"not_found_by_sku","170ZN09","6a488067f41576d1de5dc2d4","","0","true","255.65"
"not_found_by_sku","313ZN13","6a488068f41576d1de5dc2da","","0","true","327.23"
"not_found_by_sku","317ZN04","6a488068f41576d1de5dc2e0","","0","true","71.58"
"not_found_by_sku","145BH01","6a488068f41576d1de5dc2e6","","0","true","43.46"
"not_found_by_sku","317ZN05","6a488068f41576d1de5dc2ec","","0","true","61.36"
"not_found_by_sku","500FC01","6a488068f41576d1de5dc2f2","","0","true","153.39"
"not_found_by_sku","162ZN103","6a488069f41576d1de5dc2f8","","0","true","71.58"
"not_found_by_sku","162ZN104","6a488069f41576d1de5dc2fe","","0","true","43.46"
"not_found_by_sku","313ZN14","6a488069f41576d1de5dc304","","0","true","107.37"
"not_found_by_sku","501FC100","6a488069f41576d1de5dc30a","","0","true","107.37"
"not_found_by_sku","300CU58","6a48806af41576d1de5dc310","","0","true","24.95"
"not_found_by_sku","162ID15","6a48806af41576d1de5dc316","","0","true","132.94"
"not_found_by_sku","144CU01","6a48806af41576d1de5dc31c","","0","true","107.37"
"not_found_by_sku","813PE233","6a48806af41576d1de5dc322","","0","true","18.41"
"not_found_by_sku","143ZN21","6a48806af41576d1de5dc328","","0","true","18.41"
"not_found_by_sku","300ZN01","6a48806bf41576d1de5dc32e","","1","true","12.53"
"not_found_by_sku","320AR08","6a48806bf41576d1de5dc334","","0","true","34.77"
"not_found_by_sku","501FC101","6a48806bf41576d1de5dc33a","","0","true","107.37"
"not_found_by_sku","140SM18OR","6a48806bf41576d1de5dc340","","3","true","42"
"not_found_by_sku","144AR10","6a48806bf41576d1de5dc346","","0","true","163.61"
"not_found_by_sku","144AR07","6a48806cf41576d1de5dc34c","","0","true","76.69"
"not_found_by_sku","500ZN08","6a48806cf41576d1de5dc352","","0","true","92.03"
"not_found_by_sku","317ZN06","6a48806cf41576d1de5dc358","","0","true","66.47"
"not_found_by_sku","170ZN10","6a48806cf41576d1de5dc35e","","0","true","28.63"
"not_found_by_sku","313ZN100","6a48806df41576d1de5dc364","","0","true","163.61"
"not_found_by_sku","313ZN101","6a48806df41576d1de5dc36a","","0","true","194.29"
"not_found_by_sku","313ZN102","6a48806df41576d1de5dc370","","0","true","117.6"
"not_found_by_sku","313ZN103","6a48806df41576d1de5dc376","","0","true","209.63"
"not_found_by_sku","313ZN104","6a48806df41576d1de5dc37c","","0","true","163.61"
"not_found_by_sku","313ZN105","6a48806ef41576d1de5dc382","","0","true","163.61"
"not_found_by_sku","103ZN100","6a48806ef41576d1de5dc388","","0","true","23.52"
"not_found_by_sku","144ZN03","6a48806ef41576d1de5dc38e","","0","true","61.36"
"not_found_by_sku","170ZN11","6a48806ef41576d1de5dc394","","0","true","194.29"
"not_found_by_sku","154ZN10","6a48806ff41576d1de5dc39a","","0","true","34.77"
"not_found_by_sku","144ZN04","6a48806ff41576d1de5dc3a0","","0","true","69.54"
"not_found_by_sku","140ZN77","6a48806ff41576d1de5dc3a6","","0","true","33.23"
"not_found_by_sku","140ZN78","6a48806ff41576d1de5dc3ac","","0","true","31.7"
"not_found_by_sku","170ZN14","6a48806ff41576d1de5dc3b2","","0","true","0"
"not_found_by_sku","107ZN02","6a488070f41576d1de5dc3b8","","0","true","6.14"
"not_found_by_sku","300ZN02","6a488070f41576d1de5dc3be","","0","true","46.02"
"not_found_by_sku","300ZN03","6a488070f41576d1de5dc3c4","","0","true","48.57"
"not_found_by_sku","321ZN21","6a488070f41576d1de5dc3ca","","0","true","31.7"
"not_found_by_sku","313ZN106","6a488070f41576d1de5dc3d0","","0","true","204.52"
"not_found_by_sku","313ZN107","6a488071f41576d1de5dc3d6","","0","true","196.85"
"not_found_by_sku","313ZN108","6a488071f41576d1de5dc3dc","","0","true","106.35"
"not_found_by_sku","321ZN02","6a488071f41576d1de5dc3e2","","0","true","28.12"
"not_found_by_sku","313ZN109","6a488071f41576d1de5dc3e8","","0","true","82.83"
"not_found_by_sku","321ZN22","6a488072f41576d1de5dc3ee","","0","true","47.04"
"not_found_by_sku","321ZN23","6a488072f41576d1de5dc3f4","","0","true","3.07"
"not_found_by_sku","300ZN04","6a488072f41576d1de5dc3fa","","0","true","36.81"
"not_found_by_sku","313ZN110","6a488072f41576d1de5dc400","","0","true","37.84"
"not_found_by_sku","313ZN111","6a488072f41576d1de5dc406","","0","true","173.84"
"not_found_by_sku","140ZN79","6a488073f41576d1de5dc40c","","0","true","54.2"
"not_found_by_sku","170ZN12","6a488073f41576d1de5dc412","","0","true","163.61"
"not_found_by_sku","317ZN07","6a488073f41576d1de5dc418","","0","true","76.69"
"not_found_by_sku","131ZN14","6a488073f41576d1de5dc41e","","0","true","36.81"
"not_found_by_sku","131AR01OR","6a488074f41576d1de5dc424","","5","true","18.41"
"not_found_by_sku","162ZN61","6a488074f41576d1de5dc42a","","0","true","92.03"
"not_found_by_sku","313ZN15","6a488074f41576d1de5dc430","","0","true","103.28"
"not_found_by_sku","300ZN05","6a488074f41576d1de5dc436","","0","true","48.57"
"not_found_by_sku","308ZN20","6a488074f41576d1de5dc43c","","0","true","48.57"
"not_found_by_sku","303ZN100","6a488075f41576d1de5dc442","","0","true","25.56"
"not_found_by_sku","317ZN08","6a488075f41576d1de5dc448","","0","true","61.36"
"not_found_by_sku","317ZN10","6a488075f41576d1de5dc44e","","0","true","36.81"
"not_found_by_sku","313ZN16","6a488075f41576d1de5dc454","","0","true","103.28"
"not_found_by_sku","300ZN20","6a488075f41576d1de5dc45a","","0","true","31.7"
"not_found_by_sku","313ZN17","6a488076f41576d1de5dc460","","0","true","96.12"
"not_found_by_sku","313ZN18","6a488076f41576d1de5dc466","","0","true","103.28"
"not_found_by_sku","321ZN30","6a488076f41576d1de5dc46c","","0","true","46.02"
"not_found_by_sku","317ZN11","6a488076f41576d1de5dc472","","0","true","10.23"
"not_found_by_sku","313ZN19","6a488077f41576d1de5dc478","","0","true","62.38"
"not_found_by_sku","317ZN12","6a488077f41576d1de5dc47e","","0","true","36.81"
"not_found_by_sku","321ZN31","6a488077f41576d1de5dc484","","0","true","46.02"
"not_found_by_sku","313ZN112","6a488077f41576d1de5dc48a","","0","true","181.51"
"not_found_by_sku","148ZN30OR","6a488077f41576d1de5dc490","","0","true","38.86"
"not_found_by_sku","170ZN13","6a488078f41576d1de5dc496","","0","true","230.08"
"not_found_by_sku","140ZN80","6a488078f41576d1de5dc49c","","0","true","38.86"
"not_found_by_sku","154ZN40","6a488078f41576d1de5dc4a2","","0","true","50.11"
"not_found_by_sku","313ZN120","6a488078f41576d1de5dc4a8","","0","true","150.83"
"not_found_by_sku","313ZN121","6a488079f41576d1de5dc4ae","","0","true","184.07"
"not_found_by_sku","300ZN21","6a488079f41576d1de5dc4b4","","0","true","27.61"
"not_found_by_sku","321ZN32","6a488079f41576d1de5dc4ba","","0","true","41.93"
"not_found_by_sku","317ZN13","6a488079f41576d1de5dc4c0","","0","true","15.34"
"not_found_by_sku","313ZN20","6a488079f41576d1de5dc4c6","","0","true","103.28"
"not_found_by_sku","313ZN21","6a48807af41576d1de5dc4cc","","0","true","101.24"
"not_found_by_sku","317ZN14","6a48807af41576d1de5dc4d2","","0","true","36.81"
"not_found_by_sku","313ZN22","6a48807af41576d1de5dc4d8","","0","true","94.59"
"not_found_by_sku","317ZN15","6a48807af41576d1de5dc4de","","0","true","36.81"
"not_found_by_sku","317ZN16","6a48807af41576d1de5dc4e4","","0","true","12.27"
"not_found_by_sku","300ZN10","6a48807bf41576d1de5dc4ea","","0","true","59.31"
"not_found_by_sku","300ZN06","6a48807bf41576d1de5dc4f0","","0","true","43.46"
"not_found_by_sku","312CU243","6a48807bf41576d1de5dc4f6","","0","true","3.48"
"not_found_by_sku","811PE509","6a48807bf41576d1de5dc4fc","","0","true","18.41"
"not_found_by_sku","600MD427","6a48807cf41576d1de5dc502","","0","true","9.46"
"not_found_by_sku","139GR03","6a48807cf41576d1de5dc508","","1","true","11.15"
"not_found_by_sku","316ZN20","6a48807cf41576d1de5dc50e","","0","true","7.16"
"not_found_by_sku","131ZN15OR","6a48807cf41576d1de5dc514","","0","true","36.81"
"not_found_by_sku","300ZN07","6a48807cf41576d1de5dc51a","","0","true","48.06"
"not_found_by_sku","321ZN33","6a48807df41576d1de5dc520","","0","true","43.46"
"not_found_by_sku","317ZN17","6a48807df41576d1de5dc526","","0","true","61.36"
"not_found_by_sku","203ZN20","6a48807df41576d1de5dc52c","","0","true","20.45"
"not_found_by_sku","164ZN50","6a48807df41576d1de5dc532","","0","true","19.43"
"not_found_by_sku","313ZN23","6a48807ef41576d1de5dc538","","0","true","56.24"
"not_found_by_sku","313IG03","6a48807ef41576d1de5dc53e","","0","true","56.24"
"not_found_by_sku","324AR02","6a48807ef41576d1de5dc544","","0","true","66.47"
"not_found_by_sku","144IG04","6a48807ef41576d1de5dc54a","","0","true","92.03"
"not_found_by_sku","145ZN25","6a48807ef41576d1de5dc550","","0","true","53.17"
"not_found_by_sku","162ZN160","6a48807ff41576d1de5dc556","","0","true","30.68"
"not_found_by_sku","138ZN30","6a48807ff41576d1de5dc55c","","0","true","32.72"
"not_found_by_sku","145ZN50","6a48807ff41576d1de5dc562","","0","true","46.02"
"not_found_by_sku","145ZN51","6a48807ff41576d1de5dc568","","0","true","30.68"
"not_found_by_sku","313ZN24","6a488080f41576d1de5dc56e","","0","true","173.84"
"not_found_by_sku","140ZN120","6a488080f41576d1de5dc574","","0","true","33.23"
"not_found_by_sku","500ZN20","6a488080f41576d1de5dc57a","","0","true","37.84"
"not_found_by_sku","313ZN25","6a488080f41576d1de5dc580","","0","true","105.33"
"not_found_by_sku","317ZN18","6a488081f41576d1de5dc586","","0","true","32.72"
"not_found_by_sku","317ZN19","6a488081f41576d1de5dc58c","","0","true","17.38"
"not_found_by_sku","313ZN26","6a488081f41576d1de5dc592","","0","true","108.39"
"not_found_by_sku","321ZN34","6a488081f41576d1de5dc598","","0","true","36.81"
"not_found_by_sku","162ZN120","6a488081f41576d1de5dc59e","","0","true","143.16"
"not_found_by_sku","162AR58","6a488082f41576d1de5dc5a4","","0","true","108.91"
"not_found_by_sku","320AR10","6a488082f41576d1de5dc5aa","","0","true","26.59"
"not_found_by_sku","320AR11","6a488082f41576d1de5dc5b0","","0","true","26.59"
"not_found_by_sku","165IG08","6a488082f41576d1de5dc5b6","","0","true","36.81"
"not_found_by_sku","144ID06","6a488083f41576d1de5dc5bc","","0","true","64.42"
"not_found_by_sku","203ZN21","6a488083f41576d1de5dc5c2","","0","true","14.32"
"not_found_by_sku","203ZN22","6a488083f41576d1de5dc5c8","","0","true","7.67"
"not_found_by_sku","162ZN161","6a488083f41576d1de5dc5ce","","0","true","80.78"
"not_found_by_sku","162ZN162","6a488083f41576d1de5dc5d4","","0","true","36.81"
"not_found_by_sku","317ZN20","6a488084f41576d1de5dc5da","","0","true","54.2"
"not_found_by_sku","313ZN27","6a488084f41576d1de5dc5e0","","0","true","89.48"
"not_found_by_sku","313ZN28","6a488084f41576d1de5dc5e6","","0","true","156.46"
"not_found_by_sku","111LG115","6a488084f41576d1de5dc5ec","","7","true","2.81"
"not_found_by_sku","110LG40","6a488085f41576d1de5dc5f2","","1","true","14.32"
"not_found_by_sku","111LG11","6a488085f41576d1de5dc5f8","","0","true","5.11"
"not_found_by_sku","120ZN36","6a488085f41576d1de5dc5fe","","0","true","21.47"
"not_found_by_sku","501FC102","6a488085f41576d1de5dc604","","0","true","150.83"
"not_found_by_sku","302CU75","6a488085f41576d1de5dc60a","","1","true","5.11"
"not_found_by_sku","317ZN21","6a488086f41576d1de5dc610","","0","true","63.91"
"not_found_by_sku","131ZN16","6a488086f41576d1de5dc616","","0","true","7.67"
"not_found_by_sku","140ZN47","6a488086f41576d1de5dc61c","","0","true","19.43"
"not_found_by_sku","203ZN23","6a488086f41576d1de5dc622","","0","true","14.32"
"not_found_by_sku","131AC06OR","6a488086f41576d1de5dc628","","3","true","4.86"
"not_found_by_sku","150AC09","6a488087f41576d1de5dc62e","","0","true","1.79"
"not_found_by_sku","162AR59","6a488087f41576d1de5dc634","","0","true","92.03"
"not_found_by_sku","162AR85","6a488087f41576d1de5dc63a","","0","true","66.47"
"not_found_by_sku","313ID01","6a488087f41576d1de5dc640","","0","true","56.24"
"not_found_by_sku","327LG50","6a488087f41576d1de5dc646","","3","true","6.14"
"not_found_by_sku","817PE35","6a488088f41576d1de5dc64c","","13","true","1.28"
"not_found_by_sku","811PE334","6a488088f41576d1de5dc652","","3","true","7.16"
"not_found_by_sku","131AC07OR","6a488088f41576d1de5dc658","","2","true","14.5"
"not_found_by_sku","162ZN33","6a488088f41576d1de5dc65e","","0","true","143.16"
"not_found_by_sku","602MD47","6a488089f41576d1de5dc664","","1","true","44.99"
"not_found_by_sku","203AR06","6a488089f41576d1de5dc66a","","0","true","14.32"
"not_found_by_sku","203AR07","6a488089f41576d1de5dc670","","0","true","9.2"
"not_found_by_sku","151LG29","6a488089f41576d1de5dc676","","1","true","5.11"
"not_found_by_sku","501FC103","6a488089f41576d1de5dc67c","","0","true","150.83"
"not_found_by_sku","159AR04","6a48808af41576d1de5dc682","","1","true","8.44"
"not_found_by_sku","159AR05","6a48808af41576d1de5dc688","","0","true","8.44"
"not_found_by_sku","159AR06","6a48808af41576d1de5dc68e","","0","true","8.44"
"not_found_by_sku","223FR06","6a48808af41576d1de5dc694","","0","true","98.17"
"not_found_by_sku","162AC60","6a48808bf41576d1de5dc69a","","0","true","37.84"
"not_found_by_sku","308AC14OR","6a48808bf41576d1de5dc6a0","","3","true","22"
"not_found_by_sku","501AR01","6a48808bf41576d1de5dc6a6","","0","true","128.85"
"not_found_by_sku","321AR02","6a48808bf41576d1de5dc6ac","","0","true","32.72"
"not_found_by_sku","316AR01","6a48808bf41576d1de5dc6b2","","0","true","19.43"
"not_found_by_sku","162AR92","6a48808cf41576d1de5dc6b8","","0","true","127.82"
"not_found_by_sku","162AR93","6a48808cf41576d1de5dc6be","","0","true","143.16"
"not_found_by_sku","05","6a48808cf41576d1de5dc6c4","","0","true","0"
"not_found_by_sku","813PE234","6a48808cf41576d1de5dc6ca","","1","true","19.43"
"not_found_by_sku","201ZN100","6a48808df41576d1de5dc6d6","","0","true","155.94"
"not_found_by_sku","170ZN15","6a48808df41576d1de5dc6dc","","0","true","47.04"
"not_found_by_sku","317ZN22","6a48808df41576d1de5dc6e2","","0","true","61.36"
"not_found_by_sku","145ZN52","6a48808df41576d1de5dc6e8","","0","true","63.91"
"not_found_by_sku","313ZN29","6a48808ef41576d1de5dc6ee","","0","true","155.43"
"not_found_by_sku","172AR02","6a48808ef41576d1de5dc6f4","","0","true","39.88"
"not_found_by_sku","317ZN23","6a48808ef41576d1de5dc6fa","","0","true","65.45"
"not_found_by_sku","162AR94","6a48808ef41576d1de5dc700","","0","true","124.24"
"not_found_by_sku","103AR01","6a48808ef41576d1de5dc706","","1","true","12.78"
"not_found_by_sku","317ZN24","6a48808ff41576d1de5dc70c","","0","true","61.36"
"not_found_by_sku","313ZN30","6a48808ff41576d1de5dc712","","0","true","148.27"
"not_found_by_sku","501FC104","6a48808ff41576d1de5dc718","","0","true","115.55"
"not_found_by_sku","156ZN20","6a48808ff41576d1de5dc71e","","0","true","17.9"
"not_found_by_sku","162AR27","6a488090f41576d1de5dc724","","0","true","150.32"
"not_found_by_sku","801ZL01OR","6a488090f41576d1de5dc72a","","3","true","24.54"
"not_found_by_sku","170ZN16","6a488090f41576d1de5dc730","","0","true","153.39"
"not_found_by_sku","144ID07","6a488090f41576d1de5dc736","","0","true","48.57"
"not_found_by_sku","162ID30","6a488090f41576d1de5dc73c","","0","true","50.11"
"not_found_by_sku","813PE96","6a488091f41576d1de5dc742","","20","true","2.56"
"not_found_by_sku","170ZN17","6a488091f41576d1de5dc748","","0","true","230.08"
"not_found_by_sku","313AC01","6a488091f41576d1de5dc74e","","0","true","76.69"
"not_found_by_sku","320AR12","6a488091f41576d1de5dc754","","0","true","41.93"
"not_found_by_sku","201IG100","6a488091f41576d1de5dc75a","","0","true","81.81"
"not_found_by_sku","202IG01","6a488092f41576d1de5dc760","","0","true","14.32"
"not_found_by_sku","162IG103","6a488092f41576d1de5dc766","","0","true","154.41"
"not_found_by_sku","170AR11","6a488092f41576d1de5dc76c","","0","true","178.95"
"not_found_by_sku","162IG52","6a488092f41576d1de5dc772","","4","true","51.13"
"not_found_by_sku","303AR100","6a488092f41576d1de5dc778","","0","true","8.44"
"not_found_by_sku","201AR02","6a488093f41576d1de5dc77e","","0","true","21.47"
"not_found_by_sku","203IG10","6a488093f41576d1de5dc784","","0","true","5.11"
"not_found_by_sku","162AR300","6a488093f41576d1de5dc78a","","0","true","28.63"
"not_found_by_sku","140ID10","6a488093f41576d1de5dc790","","0","true","23.52"
"not_found_by_sku","202FR05","6a488094f41576d1de5dc796","","0","true","13.29"
"not_found_by_sku","162AR42","6a488094f41576d1de5dc79c","","0","true","99.7"
"not_found_by_sku","313IG04","6a488094f41576d1de5dc7a2","","0","true","72.6"
"not_found_by_sku","170IG01","6a488094f41576d1de5dc7a8","","0","true","194.29"
"not_found_by_sku","170AR50","6a488094f41576d1de5dc7ae","","0","true","10.23"
"not_found_by_sku","162AC45","6a488095f41576d1de5dc7b4","","0","true","26.59"
"not_found_by_sku","113AR09","6a488095f41576d1de5dc7ba","","12","true","2"
"not_found_by_sku","167ZN07","6a488095f41576d1de5dc7c0","","0","true","35.79"
"not_found_by_sku","170ZN18","6a488095f41576d1de5dc7c6","","0","true","245.42"
"not_found_by_sku","321LG02","6a488095f41576d1de5dc7cc","","0","true","132.94"
"not_found_by_sku","162IG72","6a488096f41576d1de5dc7d2","","0","true","31.7"
"not_found_by_sku","201AR03","6a488096f41576d1de5dc7d8","","0","true","44.99"
"not_found_by_sku","201AR04","6a488096f41576d1de5dc7de","","1","true","43.97"
"not_found_by_sku","172AR03","6a488096f41576d1de5dc7e4","","0","true","56.24"
"not_found_by_sku","162AR86","6a488097f41576d1de5dc7ea","","0","true","132.94"
"not_found_by_sku","222FR108","6a488097f41576d1de5dc7f0","","0","true","71.58"
"not_found_by_sku","803PE524OR","6a488097f41576d1de5dc7f6","","2","true","6.5"
"not_found_by_sku","162BH29OR","6a488097f41576d1de5dc7fc","","2","true","109.93"
"not_found_by_sku","156IG20","6a488097f41576d1de5dc802","","0","true","25.56"
"not_found_by_sku","156IG21","6a488098f41576d1de5dc808","","0","true","12.78"
"not_found_by_sku","227IG20","6a488098f41576d1de5dc80e","","0","true","31.7"
"not_found_by_sku","208IG30","6a488098f41576d1de5dc814","","0","true","6.14"
"not_found_by_sku","300ZN08","6a488098f41576d1de5dc81a","","0","true","31.7"
"not_found_by_sku","162ZN80","6a488098f41576d1de5dc820","","0","true","178.95"
"not_found_by_sku","203AC05","6a488099f41576d1de5dc826","","0","true","6.14"
"not_found_by_sku","163IG46","6a488099f41576d1de5dc82c","","0","true","43.46"
"not_found_by_sku","300ID01","6a488099f41576d1de5dc832","","0","true","26.59"
"not_found_by_sku","300ID02","6a488099f41576d1de5dc838","","0","true","16.36"
"not_found_by_sku","203AR08","6a48809af41576d1de5dc83e","","0","true","28.63"
"not_found_by_sku","203IG01","6a48809af41576d1de5dc844","","0","true","54.2"
"not_found_by_sku","162AC61","6a48809af41576d1de5dc84a","","0","true","51.13"
"not_found_by_sku","223AC01","6a48809af41576d1de5dc850","","0","true","143.16"
"not_found_by_sku","162ID16","6a48809af41576d1de5dc856","","0","true","102.26"
"not_found_by_sku","162R45","6a48809bf41576d1de5dc85c","","0","true","138.05"
"not_found_by_sku","602IG02","6a48809bf41576d1de5dc862","","0","true","132.94"
"not_found_by_sku","167BH08OR","6a48809bf41576d1de5dc868","","2","true","14.32"
"not_found_by_sku","202FR06","6a48809bf41576d1de5dc86e","","0","true","9.46"
"not_found_by_sku","138IG02","6a48809cf41576d1de5dc874","","0","true","36.81"
"not_found_by_sku","162ZN52","6a48809cf41576d1de5dc87a","","0","true","163.61"
"not_found_by_sku","313ID02","6a48809cf41576d1de5dc880","","0","true","173.84"
"not_found_by_sku","126IG10","6a48809cf41576d1de5dc886","","0","true","81.81"
"not_found_by_sku","140IG60","6a48809cf41576d1de5dc88c","","0","true","18.41"
"not_found_by_sku","227FR78","6a48809df41576d1de5dc892","","0","true","58.8"
"not_found_by_sku","150BH02","6a48809df41576d1de5dc898","","0","true","58.8"
"not_found_by_sku","310CU39","6a48809df41576d1de5dc89e","","1","true","9.46"
"not_found_by_sku","300ZN22","6a48809df41576d1de5dc8a4","","0","true","54"
"not_found_by_sku","811PE414","6a48809df41576d1de5dc8aa","","0","true","71.58"
"not_found_by_sku","203IG02","6a48809ef41576d1de5dc8b0","","0","true","52.15"
"not_found_by_sku","201AR05","6a48809ef41576d1de5dc8b6","","0","true","46.02"
"not_found_by_sku","313AR01","6a48809ef41576d1de5dc8bc","","0","true","56.24"
"not_found_by_sku","140ID20","6a48809ef41576d1de5dc8c2","","0","true","19.43"
"not_found_by_sku","324AR03","6a48809ff41576d1de5dc8c8","","0","true","23.52"
"not_found_by_sku","170AC02","6a48809ff41576d1de5dc8ce","","0","true","71.58"
"not_found_by_sku","162AR78","6a48809ff41576d1de5dc8d4","","0","true","112.48"
"not_found_by_sku","320IG02","6a48809ff41576d1de5dc8da","","0","true","56.24"
"not_found_by_sku","126ZN05OR","6a48809ff41576d1de5dc8e0","","1","true","34.77"
"not_found_by_sku","156BH100","6a4880a0f41576d1de5dc8e6","","0","true","29.65"
"not_found_by_sku","200MC00","6a4880a0f41576d1de5dc8ec","","1","true","14.32"
"not_found_by_sku","151ZN05","6a4880a0f41576d1de5dc8f2","","0","true","39.88"
"not_found_by_sku","300ZN23","6a4880a0f41576d1de5dc8f8","","0","true","31.7"
"not_found_by_sku","307TR23","6a4880a0f41576d1de5dc8fe","","15","true","6.14"
"not_found_by_sku","156AR01","6a4880a1f41576d1de5dc904","","0","true","61.36"
"not_found_by_sku","117ID20","6a4880a1f41576d1de5dc90a","","0","true","44.99"
"not_found_by_sku","320AR13","6a4880a1f41576d1de5dc910","","0","true","31.7"
"not_found_by_sku","170AC03","6a4880a1f41576d1de5dc916","","0","true","81.81"
"not_found_by_sku","170AC04","6a4880a2f41576d1de5dc91c","","0","true","104.81"
"not_found_by_sku","165ZN21","6a4880a2f41576d1de5dc922","","0","true","31.7"
"not_found_by_sku","140AR16","6a4880a2f41576d1de5dc928","","0","true","40.9"
"not_found_by_sku","201IG02","6a4880a2f41576d1de5dc92e","","0","true","81.81"
"not_found_by_sku","164AR12","6a4880a2f41576d1de5dc934","","0","true","24.54"
"not_found_by_sku","164AR13","6a4880a3f41576d1de5dc93a","","0","true","24.54"
"not_found_by_sku","116LG197","6a4880a3f41576d1de5dc940","","3","true","9.46"
"not_found_by_sku","325CU55","6a4880a3f41576d1de5dc946","","3","true","24.54"
"not_found_by_sku","811PE415OR","6a4880a3f41576d1de5dc94c","","9","true","19.43"
"not_found_by_sku","164SU02","6a4880a4f41576d1de5dc952","","0","true","34.77"
"not_found_by_sku","170ZN19","6a4880a4f41576d1de5dc958","","0","true","178.95"
"not_found_by_sku","140ZN86","6a4880a4f41576d1de5dc95e","","0","true","44.99"
"not_found_by_sku","202IG02","6a4880a4f41576d1de5dc964","","1","true","23.01"
"not_found_by_sku","304IG01OR","6a4880a4f41576d1de5dc96a","","12","true","4.86"
"not_found_by_sku","300CU59","6a4880a5f41576d1de5dc970","","0","true","21.47"
"not_found_by_sku","203IG03","6a4880a5f41576d1de5dc976","","0","true","24.54"
"not_found_by_sku","203IG04","6a4880a5f41576d1de5dc97c","","0","true","31.7"
"not_found_by_sku","162IG104","6a4880a5f41576d1de5dc982","","0","true","122.71"
"not_found_by_sku","165ZN22","6a4880a5f41576d1de5dc988","","0","true","40.9"
"not_found_by_sku","316AR02","6a4880a6f41576d1de5dc98e","","0","true","18.41"
"not_found_by_sku","156IG22","6a4880a6f41576d1de5dc994","","0","true","59.31"
"not_found_by_sku","126AR13","6a4880a6f41576d1de5dc99a","","0","true","31.7"
"not_found_by_sku","106LG59","6a4880a6f41576d1de5dc9a0","","500","true","0.06"
"not_found_by_sku","106LG60","6a4880a7f41576d1de5dc9a6","","250","true","0.08"
"not_found_by_sku","111LG72","6a4880a7f41576d1de5dc9ac","","3","true","6.14"
"not_found_by_sku","119ZN25","6a4880a7f41576d1de5dc9b2","","0","true","28.63"
"not_found_by_sku","600ZN01","6a4880a7f41576d1de5dc9b8","","0","true","16.36"
"not_found_by_sku","140ZN87","6a4880a7f41576d1de5dc9be","","0","true","55.22"
"not_found_by_sku","312CU176","6a4880a8f41576d1de5dc9c4","","3","true","12.78"
"not_found_by_sku","162FR66","6a4880a8f41576d1de5dc9ca","","0","true","14.32"
"not_found_by_sku","500IG01","6a4880a8f41576d1de5dc9d0","","0","true","40.9"
"not_found_by_sku","203AR10","6a4880a8f41576d1de5dc9d6","","0","true","20.45"
"not_found_by_sku","140AR100","6a4880a8f41576d1de5dc9dc","","0","true","18.41"
"not_found_by_sku","131AR100","6a4880a9f41576d1de5dc9e2","","0","true","10.23"
"not_found_by_sku","227FR19","6a4880a9f41576d1de5dc9e8","","2","true","34.77"
"not_found_by_sku","227FR20","6a4880a9f41576d1de5dc9ee","","1","true","43.97"
"not_found_by_sku","146LLG06","6a4880a9f41576d1de5dc9f4","","17","true","4.09"
"not_found_by_sku","159HS00","6a4880aaf41576d1de5dc9fa","","2","true","13.29"
"not_found_by_sku","162ID17","6a4880aaf41576d1de5dca00","","0","true","117.6"
"not_found_by_sku","141AR05","6a4880aaf41576d1de5dca06","","0","true","18.41"
"not_found_by_sku","143ID13","6a4880aaf41576d1de5dca0c","","0","true","18.41"
"not_found_by_sku","162AC49","6a4880aaf41576d1de5dca12","","0","true","23.01"
"not_found_by_sku","144AC09","6a4880abf41576d1de5dca18","","0","true","28.63"
"not_found_by_sku","167BH06","6a4880abf41576d1de5dca1e","","0","true","11.25"
"not_found_by_sku","117GR12OR","6a4880abf41576d1de5dca24","","4","true","34.77"
"not_found_by_sku","326AR100","6a4880abf41576d1de5dca2a","","0","true","6.39"
"not_found_by_sku","308AR06","6a4880abf41576d1de5dca30","","0","true","41.93"
"not_found_by_sku","140IG100","6a4880acf41576d1de5dca36","","0","true","16.36"
"not_found_by_sku","216FR16","6a4880acf41576d1de5dca3c","","0","true","0"
"not_found_by_sku","148SU14","6a4880acf41576d1de5dca42","","1","true","48.57"
"not_found_by_sku","163ZN05OR","6a4880acf41576d1de5dca48","","0","true","29.65"
"not_found_by_sku","312CU312","6a4880adf41576d1de5dca4e","","1","true","8.44"
"not_found_by_sku","312CU313","6a4880adf41576d1de5dca54","","2","true","8.44"
"not_found_by_sku","312CU314","6a4880adf41576d1de5dca5a","","3","true","8.44"
"not_found_by_sku","308VE00","6a4880adf41576d1de5dca60","","2","true","11.25"
"not_found_by_sku","320IG03","6a4880adf41576d1de5dca66","","0","true","36.81"
"not_found_by_sku","312IG14","6a4880aef41576d1de5dca6c","","0","true","34.77"
"not_found_by_sku","162AR30","6a4880aef41576d1de5dca72","","0","true","127.82"
"not_found_by_sku","321IG02","6a4880aef41576d1de5dca78","","0","true","30.68"
"not_found_by_sku","601MD30","6a4880aef41576d1de5dca7e","","6","true","11.25"
"not_found_by_sku","162AC50","6a4880aef41576d1de5dca84","","0","true","36.81"
"not_found_by_sku","162AC51","6a4880aff41576d1de5dca8a","","0","true","43.46"
"not_found_by_sku","201MI01","6a4880aff41576d1de5dca90","","0","true","53.69"
"not_found_by_sku","201MI02","6a4880aff41576d1de5dca96","","0","true","53.69"
"not_found_by_sku","159AR22OR","6a4880aff41576d1de5dca9c","","3","true","39.88"
"not_found_by_sku","203AR09","6a4880b0f41576d1de5dcaa2","","0","true","18.41"
"not_found_by_sku","116LG312","6a4880b0f41576d1de5dcaa8","","6","true","10.99"
"not_found_by_sku","301LG100","6a4880b0f41576d1de5dcaae","","0","true","112.48"
"not_found_by_sku","208FR100","6a4880b0f41576d1de5dcab4","","0","true","0.92"
"not_found_by_sku","170ZN20","6a4880b0f41576d1de5dcaba","","0","true","230.08"
"not_found_by_sku","110LG215","6a4880b1f41576d1de5dcac0","","0","true","58.8"
"not_found_by_sku","170ZN21","6a4880b1f41576d1de5dcac6","","0","true","194.29"
"not_found_by_sku","320IG04","6a4880b1f41576d1de5dcacc","","0","true","10.23"
"not_found_by_sku","170AR13","6a4880b1f41576d1de5dcad2","","0","true","138.05"
"not_found_by_sku","313ID03","6a4880b1f41576d1de5dcad8","","0","true","61.36"
"not_found_by_sku","140IG61","6a4880b2f41576d1de5dcade","","1","true","33.23"
"not_found_by_sku","307ZN22","6a4880b2f41576d1de5dcae4","","0","true","74"
"not_found_by_sku","140ZN81","6a4880b2f41576d1de5dcaea","","0","true","24.54"
"not_found_by_sku","164ZN51","6a4880b2f41576d1de5dcaf0","","0","true","79.25"
"not_found_by_sku","321AR03","6a4880b3f41576d1de5dcaf6","","0","true","18.41"
"not_found_by_sku","300IG01","6a4880b3f41576d1de5dcafc","","0","true","14.32"
"not_found_by_sku","139IG36","6a4880b3f41576d1de5dcb02","","0","true","11.25"
"not_found_by_sku","145IG19","6a4880b3f41576d1de5dcb08","","0","true","10.23"
"not_found_by_sku","307LG56","6a4880b3f41576d1de5dcb0e","","1","true","112.48"
"not_found_by_sku","165IG09","6a4880b4f41576d1de5dcb14","","0","true","36.81"
"not_found_by_sku","162AR47","6a4880b4f41576d1de5dcb1a","","0","true","132.94"
"not_found_by_sku","162CY100","6a4880b4f41576d1de5dcb20","","0","true","47.04"
"not_found_by_sku","162AC52","6a4880b4f41576d1de5dcb26","","0","true","51.13"
"not_found_by_sku","162ZN53","6a4880b4f41576d1de5dcb2c","","0","true","178.95"
"not_found_by_sku","501ZN01","6a4880b5f41576d1de5dcb32","","0","true","159.52"
"not_found_by_sku","162AR87","6a4880b5f41576d1de5dcb38","","0","true","135.49"
"not_found_by_sku","139CY18","6a4880b5f41576d1de5dcb3e","","0","true","21.47"
"not_found_by_sku","309CU81","6a4880b5f41576d1de5dcb44","","0","true","110.44"
"not_found_by_sku","324CU20","6a4880b6f41576d1de5dcb4a","","0","true","92.03"
"not_found_by_sku","324CU21","6a4880b6f41576d1de5dcb50","","0","true","92.03"
"not_found_by_sku","116LG500","6a4880b6f41576d1de5dcb56","","0","true","21.47"
"not_found_by_sku","116LG502","6a4880b6f41576d1de5dcb5c","","0","true","16.36"
"not_found_by_sku","144AR11","6a4880b6f41576d1de5dcb62","","0","true","62"
"not_found_by_sku","162IG105","6a4880b7f41576d1de5dcb68","","0","true","132.94"
"not_found_by_sku","131AR02","6a4880b7f41576d1de5dcb6e","","0","true","18.41"
"not_found_by_sku","164ZN52","6a4880b7f41576d1de5dcb74","","0","true","89.48"
"not_found_by_sku","800PE152","6a4880b7f41576d1de5dcb7a","","7","true","4.09"
"not_found_by_sku","144AC10","6a4880b7f41576d1de5dcb80","","0","true","34.77"
"not_found_by_sku","500FC135","6a4880b8f41576d1de5dcb86","","1","true","11.25"
"not_found_by_sku","500FC136","6a4880b8f41576d1de5dcb8c","","1","true","11.25"
"not_found_by_sku","316AC30","6a4880b8f41576d1de5dcb92","","29","true","2.15"
"not_found_by_sku","501FC62","6a4880b8f41576d1de5dcb98","","0","true","24.54"
"not_found_by_sku","140IG55","6a4880b9f41576d1de5dcb9e","","0","true","7.41"
"not_found_by_sku","320IG05","6a4880b9f41576d1de5dcba4","","0","true","38.35"
"not_found_by_sku","501IG01","6a4880b9f41576d1de5dcbaa","","0","true","33.23"
"not_found_by_sku","144ID08","6a4880b9f41576d1de5dcbb0","","0","true","79.25"
"not_found_by_sku","323CU30","6a4880b9f41576d1de5dcbb6","","0","true","194.29"
"not_found_by_sku","162LG102","6a4880baf41576d1de5dcbbc","","0","true","199.4"
"not_found_by_sku","162AR88","6a4880baf41576d1de5dcbc2","","0","true","143.16"
"not_found_by_sku","203AR11","6a4880baf41576d1de5dcbc8","","0","true","16.36"
"not_found_by_sku","820PE113","6a4880baf41576d1de5dcbce","","5","true","3.32"
"not_found_by_sku","167AC10OR","6a4880bbf41576d1de5dcbd4","","7","true","5.37"
"not_found_by_sku","162AR95","6a4880bbf41576d1de5dcbda","","0","true","112.48"
"not_found_by_sku","811PE156","6a4880bbf41576d1de5dcbe0","","4","true","8.18"
"not_found_by_sku","811PE160","6a4880bbf41576d1de5dcbe6","","2","true","7.41"
"not_found_by_sku","811PE161","6a4880bbf41576d1de5dcbec","","1","true","7.41"
"not_found_by_sku","811PE162","6a4880bcf41576d1de5dcbf2","","1","true","9.46"
"not_found_by_sku","159CY22","6a4880bcf41576d1de5dcbf8","","3","true","16.36"
"not_found_by_sku","117AR50","6a4880bcf41576d1de5dcbfe","","0","true","13.29"
"not_found_by_sku","156AR10","6a4880bcf41576d1de5dcc04","","0","true","35.79"
"not_found_by_sku","150ID50","6a4880bdf41576d1de5dcc0a","","0","true","8.18"
"not_found_by_sku","600MD59","6a4880bdf41576d1de5dcc10","","0","true","27.1"
"not_found_by_sku","116LG662","6a4880bdf41576d1de5dcc16","","4","true","9.46"
"not_found_by_sku","164ZN53","6a4880bdf41576d1de5dcc1c","","0","true","76.69"
"not_found_by_sku","120ZN67","6a4880bdf41576d1de5dcc22","","0","true","18.41"
"not_found_by_sku","168ZN31","6a4880bef41576d1de5dcc28","","0","true","92.03"
"not_found_by_sku","312ZN30OR","6a4880bef41576d1de5dcc2e","","0","true","46.02"
"not_found_by_sku","154BH09","6a4880bef41576d1de5dcc34","","0","true","12.78"
"not_found_by_sku","301CY02","6a4880bef41576d1de5dcc3a","","0","true","47.04"
"not_found_by_sku","602MD57","6a4880bef41576d1de5dcc40","","1","true","18.41"
"not_found_by_sku","802PE92","6a4880bff41576d1de5dcc46","","4","true","34.77"
"not_found_by_sku","138LG01","6a4880bff41576d1de5dcc4c","","0","true","61.36"
"not_found_by_sku","227AR01","6a4880bff41576d1de5dcc52","","0","true","94.59"
"not_found_by_sku","144IG05","6a4880bff41576d1de5dcc58","","0","true","76.69"
"not_found_by_sku","161LG100","6a4880c0f41576d1de5dcc5e","","0","true","92.03"
"not_found_by_sku","122LG100","6a4880c0f41576d1de5dcc64","","0","true","23.01"
"not_found_by_sku","311LG100","6a4880c0f41576d1de5dcc6a","","0","true","61.36"
"not_found_by_sku","311LG101","6a4880c0f41576d1de5dcc70","","0","true","76.69"
"not_found_by_sku","600MD135","6a4880c0f41576d1de5dcc76","","3","true","9.46"
"not_found_by_sku","162ZN110","6a4880c1f41576d1de5dcc7c","","0","true","0"
"not_found_by_sku","139DA10","6a4880c1f41576d1de5dcc82","","6","true","8.44"
"not_found_by_sku","149LG02","6a4880c1f41576d1de5dcc88","","2","true","11.25"
"not_found_by_sku","215FR123","6a4880c1f41576d1de5dcc8e","","10","true","9.46"
"not_found_by_sku","222FR103","6a4880c1f41576d1de5dcc94","","2","true","14.32"
"not_found_by_sku","131AC08OR","6a4880c2f41576d1de5dcc9a","","3","true","9.8"
"not_found_by_sku","131AC09OR","6a4880c2f41576d1de5dcca0","","3","true","8.59"
"not_found_by_sku","131AC10OR","6a4880c2f41576d1de5dcca6","","2","true","8.59"
"not_found_by_sku","131AC11OR","6a4880c2f41576d1de5dccac","","4","true","8.5"
"not_found_by_sku","159R100","6a4880c3f41576d1de5dccb2","","0","true","104.81"
"not_found_by_sku","201IG03","6a4880c3f41576d1de5dccb8","","0","true","52.15"
"not_found_by_sku","163AC13OR","6a4880c3f41576d1de5dccbe","","11","true","24.5"
"not_found_by_sku","202ID01","6a4880c3f41576d1de5dccc4","","0","true","11.25"
"not_found_by_sku","201AR07","6a4880c3f41576d1de5dccca","","0","true","35.79"
"not_found_by_sku","117ZN56","6a4880c4f41576d1de5dccd0","","0","true","71.58"
"not_found_by_sku","201ZN01","6a4880c4f41576d1de5dccd6","","0","true","65.45"
"not_found_by_sku","316C35","6a4880c4f41576d1de5dccdc","","1","true","9.46"
"not_found_by_sku","208FR23","6a4880c4f41576d1de5dcce2","","0","true","195.31"
"not_found_by_sku","170AR14","6a4880c5f41576d1de5dcce8","","0","true","127.82"
"not_found_by_sku","501AR02","6a4880c5f41576d1de5dccee","","0","true","36.81"
"not_found_by_sku","166ZN06","6a4880c5f41576d1de5dccf4","","0","true","11.25"
"not_found_by_sku","162ZN163","6a4880c5f41576d1de5dccfa","","0","true","94.59"
"not_found_by_sku","144ZN05","6a4880c5f41576d1de5dcd00","","0","true","102.26"
"not_found_by_sku","312CU501","6a4880c6f41576d1de5dcd06","","0","true","122.71"
"not_found_by_sku","219AR01","6a4880c6f41576d1de5dcd0c","","0","true","28.12"
"not_found_by_sku","140AR101","6a4880c6f41576d1de5dcd12","","0","true","3.83"
"not_found_by_sku","117IG100","6a4880c6f41576d1de5dcd18","","1","true","7.16"
"not_found_by_sku","138IG100","6a4880c6f41576d1de5dcd1e","","0","true","53.69"
"not_found_by_sku","159AR21OR","6a4880c7f41576d1de5dcd24","","10","true","28.5"
"not_found_by_sku","308CU43","6a4880c7f41576d1de5dcd2a","","0","true","0"
"not_found_by_sku","301GR07OR","6a4880c7f41576d1de5dcd30","","24","true","8.5"
"not_found_by_sku","139DA04","6a4880c7f41576d1de5dcd36","","0","true","0"
"not_found_by_sku","166IG08OR","6a4880c8f41576d1de5dcd3c","","12","true","11.5"
"not_found_by_sku","162ZN111","6a4880c8f41576d1de5dcd42","","0","true","135.49"
"not_found_by_sku","300CU24","6a4880c8f41576d1de5dcd48","","0","true","38.86"
"not_found_by_sku","316AR03","6a4880c8f41576d1de5dcd4e","","0","true","4.86"
"not_found_by_sku","316AR04","6a4880c8f41576d1de5dcd54","","0","true","3.32"
"not_found_by_sku","230IG05","6a4880c9f41576d1de5dcd5a","","0","true","29.65"
"not_found_by_sku","162IG110","6a4880c9f41576d1de5dcd60","","0","true","107.37"
"not_found_by_sku","316AR05","6a4880c9f41576d1de5dcd66","","0","true","13.29"
"not_found_by_sku","316AR06","6a4880c9f41576d1de5dcd6c","","0","true","9.46"
"not_found_by_sku","162IG106","6a4880c9f41576d1de5dcd72","","0","true","153.39"
"not_found_by_sku","159ZN26","6a4880caf41576d1de5dcd78","","0","true","58.8"
"not_found_by_sku","250FR04","6a4880caf41576d1de5dcd7e","","1","true","92.03"
"not_found_by_sku","250FR05","6a4880caf41576d1de5dcd84","","1","true","92.03"
"not_found_by_sku","140LG200","6a4880caf41576d1de5dcd8a","","0","true","19.43"
"not_found_by_sku","140LG201","6a4880cbf41576d1de5dcd90","","0","true","19.43"
"not_found_by_sku","250FR12","6a4880cbf41576d1de5dcd96","","1","true","61.36"
"not_found_by_sku","500FC157","6a4880cbf41576d1de5dcd9c","","2","true","9.46"
"not_found_by_sku","301GR10","6a4880cbf41576d1de5dcda2","","1","true","9.5"
"not_found_by_sku","308VE01","6a4880cbf41576d1de5dcda8","","0","true","11.25"
"not_found_by_sku","203AR12","6a4880ccf41576d1de5dcdae","","0","true","24.54"
"not_found_by_sku","203AR13","6a4880ccf41576d1de5dcdb4","","0","true","8.18"
"not_found_by_sku","203IG06","6a4880ccf41576d1de5dcdba","","0","true","26.59"
"not_found_by_sku","203IG07","6a4880ccf41576d1de5dcdc0","","0","true","29.65"
"not_found_by_sku","203IG08","6a4880cdf41576d1de5dcdc6","","0","true","29.65"
"not_found_by_sku","202IG03","6a4880cdf41576d1de5dcdcc","","0","true","11.25"
"not_found_by_sku","202IG04","6a4880cdf41576d1de5dcdd2","","0","true","11.25"
"not_found_by_sku","203IG09","6a4880cdf41576d1de5dcdd8","","0","true","26.59"
"not_found_by_sku","162ZN54","6a4880cdf41576d1de5dcdde","","4","true","132.94"
"not_found_by_sku","156AR02","6a4880cef41576d1de5dcde4","","0","true","24.54"
"not_found_by_sku","170ZN22","6a4880cef41576d1de5dcdea","","0","true","230.08"
"not_found_by_sku","223FR08","6a4880cef41576d1de5dcdf0","","0","true","43.46"
"not_found_by_sku","223FR09","6a4880cef41576d1de5dcdf6","","0","true","43.46"
"not_found_by_sku","223FR10","6a4880cff41576d1de5dcdfc","","3","true","43.46"
"not_found_by_sku","312SU06","6a4880cff41576d1de5dce02","","0","true","61.36"
"not_found_by_sku","140AR45","6a4880cff41576d1de5dce08","","0","true","11.25"
"not_found_by_sku","312BH16OR","6a4880cff41576d1de5dce0e","","0","true","61.36"
"not_found_by_sku","301GR08OR","6a4880cff41576d1de5dce14","","4","true","7.5"
"not_found_by_sku","203AC08","6a4880d0f41576d1de5dce1a","","5","true","3.48"
"not_found_by_sku","312CU502","6a4880d0f41576d1de5dce20","","0","true","56.24"
"not_found_by_sku","312ZN31OR","6a4880d0f41576d1de5dce26","","0","true","58.8"
"not_found_by_sku","162ID20","6a4880d0f41576d1de5dce2c","","0","true","96.12"
"not_found_by_sku","201IG04","6a4880d0f41576d1de5dce32","","0","true","60.33"
"not_found_by_sku","146BH01","6a4880d1f41576d1de5dce38","","0","true","16.36"
"not_found_by_sku","222FR36","6a4880d1f41576d1de5dce3e","","0","true","71.58"
"not_found_by_sku","100LG200","6a4880d1f41576d1de5dce44","","0","true","4.35"
"not_found_by_sku","148SU18","6a4880d1f41576d1de5dce4a","","0","true","76.69"
"not_found_by_sku","162ZN55","6a4880d2f41576d1de5dce50","","0","true","178.95"
"not_found_by_sku","152ZN06","6a4880d2f41576d1de5dce56","","0","true","43.46"
"not_found_by_sku","162HI01","6a4880d2f41576d1de5dce5c","","2","true","61.36"
"not_found_by_sku","300CU65","6a4880d2f41576d1de5dce62","","2","true","8.59"
"not_found_by_sku","300CU66","6a4880d2f41576d1de5dce68","","1","true","8.59"
"not_found_by_sku","300CU67","6a4880d3f41576d1de5dce6e","","2","true","9.2"
"not_found_by_sku","300CU68","6a4880d3f41576d1de5dce74","","1","true","9.2"
"not_found_by_sku","300CU69","6a4880d3f41576d1de5dce7a","","1","true","8.59"
"not_found_by_sku","300CU70","6a4880d3f41576d1de5dce80","","1","true","8.59"
"not_found_by_sku","600AR01","6a4880d3f41576d1de5dce86","","0","true","6.14"
"not_found_by_sku","320IG06","6a4880d4f41576d1de5dce8c","","0","true","76.69"
"not_found_by_sku","803PE803","6a4880d4f41576d1de5dce92","","0","true","5.01"
"not_found_by_sku","161ZN10OR","6a4880d4f41576d1de5dce98","","1","true","54"
"not_found_by_sku","138ZN13","6a4880d4f41576d1de5dce9e","","0","true","76.69"
"not_found_by_sku","140LG202","6a4880d4f41576d1de5dcea4","","0","true","12.78"
"not_found_by_sku","159ID14","6a4880d5f41576d1de5dceaa","","0","true","76.69"
"not_found_by_sku","144ID09","6a4880d5f41576d1de5dceb0","","0","true","92.03"
"not_found_by_sku","230FR500","6a4880d5f41576d1de5dceb6","","0","true","16.36"
"not_found_by_sku","202ID02","6a4880d5f41576d1de5dcebc","","0","true","13.29"
"not_found_by_sku","120ZN21","6a4880d6f41576d1de5dcec2","","0","true","50.11"
"not_found_by_sku","140IG05","6a4880d6f41576d1de5dcec8","","0","true","12.78"
"not_found_by_sku","126IG11","6a4880d6f41576d1de5dcece","","0","true","102.26"
"not_found_by_sku","811PE338","6a4880d6f41576d1de5dced4","","5","true","9.46"
"not_found_by_sku","316AC49","6a4880d6f41576d1de5dceda","","4","true","4.35"
"not_found_by_sku","143MI05OR","6a4880d7f41576d1de5dcee0","","0","true","56.24"
"not_found_by_sku","171LG100","6a4880d7f41576d1de5dcee6","","0","true","97.15"
"not_found_by_sku","171LG101","6a4880d7f41576d1de5dceec","","0","true","27.61"
"not_found_by_sku","167AC07OR","6a4880d7f41576d1de5dcef2","","11","true","7"
"not_found_by_sku","162AC62","6a4880d8f41576d1de5dcef8","","0","true","46.02"
"not_found_by_sku","120ZN40","6a4880d8f41576d1de5dcefe","","0","true","33.23"
"not_found_by_sku","138ZN15","6a4880d8f41576d1de5dcf04","","0","true","0"
"not_found_by_sku","203AR14","6a4880d8f41576d1de5dcf0a","","0","true","21.47"
"not_found_by_sku","116LG663","6a4880d8f41576d1de5dcf10","","0","true","11.25"
"not_found_by_sku","140ZN91","6a4880d9f41576d1de5dcf16","","0","true","33.23"
"not_found_by_sku","316AC51","6a4880d9f41576d1de5dcf1c","","3","true","2.56"
"not_found_by_sku","316AC52","6a4880d9f41576d1de5dcf22","","1","true","2.56"
"not_found_by_sku","316AC53","6a4880d9f41576d1de5dcf28","","1","true","2.56"
"not_found_by_sku","316AC54","6a4880d9f41576d1de5dcf2e","","16","true","2.56"
"not_found_by_sku","312NE19","6a4880daf41576d1de5dcf34","","2","true","8.18"
"not_found_by_sku","312NE20","6a4880daf41576d1de5dcf3a","","0","true","7.2"
"not_found_by_sku","312NE21","6a4880daf41576d1de5dcf40","","1","true","10.23"
"not_found_by_sku","312NE22","6a4880daf41576d1de5dcf46","","2","true","16.36"
"not_found_by_sku","133IG02OR","6a4880dbf41576d1de5dcf4c","","4","true","29.65"
"not_found_by_sku","311CU500","6a4880dbf41576d1de5dcf52","","0","true","194.29"
"not_found_by_sku","163GR08OR","6a4880dbf41576d1de5dcf58","","2","true","23.52"
"not_found_by_sku","140AC74","6a4880dbf41576d1de5dcf5e","","0","true","18.41"
"not_found_by_sku","162MI100","6a4880dbf41576d1de5dcf64","","0","true","2147.43"
"not_found_by_sku","203AR15","6a4880dcf41576d1de5dcf6a","","0","true","48.57"
"not_found_by_sku","321AR50","6a4880dcf41576d1de5dcf70","","0","true","19.43"
"not_found_by_sku","151CY02OR","6a4880dcf41576d1de5dcf76","","10","true","14.5"
"not_found_by_sku","143LG100","6a4880dcf41576d1de5dcf7c","","0","true","38.86"
"not_found_by_sku","140LG100","6a4880dcf41576d1de5dcf82","","0","true","25.56"
"not_found_by_sku","227AR02","6a4880ddf41576d1de5dcf88","","0","true","43.46"
"not_found_by_sku","162IG111","6a4880ddf41576d1de5dcf8e","","0","true","194.29"
"not_found_by_sku","162IG112","6a4880ddf41576d1de5dcf94","","0","true","194.29"
"not_found_by_sku","162ZN92","6a4880ddf41576d1de5dcf9a","","0","true","92.03"
"not_found_by_sku","170AC06","6a4880def41576d1de5dcfa0","","0","true","86.92"
"not_found_by_sku","161AR09OR","6a4880def41576d1de5dcfa6","","3","true","43.97"
"not_found_by_sku","300CU90","6a4880def41576d1de5dcfac","","0","true","86.92"
"not_found_by_sku","162AR96","6a4880def41576d1de5dcfb2","","0","true","186.62"
"not_found_by_sku","140AR40","6a4880def41576d1de5dcfb8","","0","true","19.43"
"not_found_by_sku","140AR41","6a4880dff41576d1de5dcfbe","","0","true","8.59"
"not_found_by_sku","103ZN04","6a4880dff41576d1de5dcfc4","","0","true","18.41"
"not_found_by_sku","203IG11","6a4880dff41576d1de5dcfca","","0","true","42.95"
"not_found_by_sku","140AR200","6a4880dff41576d1de5dcfd0","","0","true","10.23"
"not_found_by_sku","501FC66","6a4880dff41576d1de5dcfd6","","4","true","43.97"
"not_found_by_sku","802PE97","6a4880e0f41576d1de5dcfdc","","0","true","112.48"
"not_found_by_sku","802PE98","6a4880e0f41576d1de5dcfe2","","0","true","102.26"
"not_found_by_sku","602IG03","6a4880e0f41576d1de5dcfe8","","0","true","9.46"
"not_found_by_sku","162IG120","6a4880e0f41576d1de5dcfee","","0","true","122.71"
"not_found_by_sku","103SM02OR","6a4880e0f41576d1de5dcff4","","9","true","6.39"
"not_found_by_sku","162AC58","6a4880e1f41576d1de5dcffa","","0","true","61.36"
"not_found_by_sku","170ZN23","6a4880e1f41576d1de5dd000","","0","true","204.52"
"not_found_by_sku","138IG50","6a4880e1f41576d1de5dd006","","0","true","47.04"
"not_found_by_sku","312CY06OR","6a4880e1f41576d1de5dd00c","","7","true","16.36"
"not_found_by_sku","139ZW07OR","6a4880e2f41576d1de5dd012","","3","true","7.16"
"not_found_by_sku","312GR31","6a4880e2f41576d1de5dd018","","0","true","21.47"
"not_found_by_sku","140ID02","6a4880e2f41576d1de5dd01e","","0","true","40.9"
"not_found_by_sku","162IG107","6a4880e2f41576d1de5dd024","","0","true","168.73"
"not_found_by_sku","326CU179","6a4880e2f41576d1de5dd02a","","5","true","4.35"
"not_found_by_sku","140ZN101","6a4880e3f41576d1de5dd030","","0","true","19.43"
"not_found_by_sku","150ZN12","6a4880e3f41576d1de5dd036","","0","true","58.8"
"not_found_by_sku","162AC63","6a4880e3f41576d1de5dd03c","","0","true","34.77"
"not_found_by_sku","308ZN07","6a4880e3f41576d1de5dd042","","13","true","10.23"
"not_found_by_sku","313AR02","6a4880e3f41576d1de5dd048","","0","true","55.22"
"not_found_by_sku","162AR97","6a4880e4f41576d1de5dd04e","","0","true","52.15"
"not_found_by_sku","170ZN24","6a4880e4f41576d1de5dd054","","0","true","178.95"
"not_found_by_sku","162ZN56","6a4880e4f41576d1de5dd05a","","0","true","168.73"
"not_found_by_sku","327LG90","6a4880e4f41576d1de5dd060","","10","true","2.05"
"not_found_by_sku","203AR16","6a4880e5f41576d1de5dd066","","0","true","31.7"
"not_found_by_sku","162AR100","6a4880e5f41576d1de5dd06c","","0","true","43.97"
"not_found_by_sku","170ZN25","6a4880e5f41576d1de5dd072","","0","true","69.54"
"not_found_by_sku","103ZN05","6a4880e5f41576d1de5dd078","","0","true","20.45"
"not_found_by_sku","313ZN31","6a4880e5f41576d1de5dd07e","","0","true","81.81"
"not_found_by_sku","152ZN04OR","6a4880e6f41576d1de5dd084","","0","true","21.47"
"not_found_by_sku","162FR80","6a4880e6f41576d1de5dd08a","","0","true","33.23"
"not_found_by_sku","320AR03","6a4880e6f41576d1de5dd090","","0","true","43.97"
"not_found_by_sku","162IG108","6a4880e6f41576d1de5dd096","","0","true","127.82"
"not_found_by_sku","146FA100","6a4880e6f41576d1de5dd09c","","0","true","39.37"
"not_found_by_sku","171LG102","6a4880e7f41576d1de5dd0a2","","0","true","129.87"
"not_found_by_sku","138ZN16","6a4880e7f41576d1de5dd0a8","","0","true","98"
"not_found_by_sku","162AC66","6a4880e7f41576d1de5dd0ae","","0","true","48.57"
"not_found_by_sku","162AC67","6a4880e7f41576d1de5dd0b4","","0","true","58.8"
"not_found_by_sku","162FR100","6a4880e8f41576d1de5dd0ba","","0","true","56.24"
"not_found_by_sku","159BH01","6a4880e8f41576d1de5dd0c0","","0","true","0"
"not_found_by_sku","138ZN02","6a4880e8f41576d1de5dd0c6","","0","true","46.02"
"not_found_by_sku","307LG100","6a4880e8f41576d1de5dd0cc","","0","true","38.35"
"not_found_by_sku","162AR48","6a4880e8f41576d1de5dd0d2","","0","true","130.38"
"not_found_by_sku","143AR03OR","6a4880e9f41576d1de5dd0d8","","5","true","24.54"
"not_found_by_sku","159AR13","6a4880e9f41576d1de5dd0de","","20","true","8.44"
"not_found_by_sku","144AC17","6a4880e9f41576d1de5dd0e4","","0","true","43.97"
"not_found_by_sku","813PE122","6a4880e9f41576d1de5dd0ea","","0","true","0"
"not_found_by_sku","140AC82OR","6a4880e9f41576d1de5dd0f0","","0","true","22"
"not_found_by_sku","159LG100","6a4880eaf41576d1de5dd0f6","","0","true","39.88"
"not_found_by_sku","140LG101","6a4880eaf41576d1de5dd0fc","","0","true","11.25"
"not_found_by_sku","143LG101","6a4880eaf41576d1de5dd102","","0","true","15.34"
"not_found_by_sku","126LG100","6a4880eaf41576d1de5dd108","","0","true","4.35"
"not_found_by_sku","162ID50","6a4880ebf41576d1de5dd10e","","0","true","102.26"
"not_found_by_sku","162AC68","6a4880ebf41576d1de5dd114","","0","true","54.2"
"not_found_by_sku","131ZN17","6a4880ebf41576d1de5dd11a","","0","true","28"
"not_found_by_sku","308MI01","6a4880ebf41576d1de5dd120","","0","true","0"
"not_found_by_sku","117ZN57","6a4880ebf41576d1de5dd126","","0","true","82"
"not_found_by_sku","600MD54","6a4880ecf41576d1de5dd12c","","1","true","4.09"
"not_found_by_sku","170ZN26","6a4880ecf41576d1de5dd132","","1","true","230.08"
"not_found_by_sku","156AR11","6a4880ecf41576d1de5dd138","","0","true","0"
"not_found_by_sku","111LG09","6a4880ecf41576d1de5dd13e","","3","true","6.39"
"not_found_by_sku","815PE139","6a4880ecf41576d1de5dd144","","6","true","4.35"
"not_found_by_sku","140ZN102","6a4880edf41576d1de5dd14a","","0","true","20.45"
"not_found_by_sku","162AR71","6a4880edf41576d1de5dd150","","0","true","92.03"
"not_found_by_sku","324AC13","6a4880edf41576d1de5dd156","","0","true","29.65"
"not_found_by_sku","144AC18","6a4880edf41576d1de5dd15c","","0","true","38.35"
"not_found_by_sku","164ZN54","6a4880eef41576d1de5dd162","","0","true","86.92"
"not_found_by_sku","140BH90","6a4880eef41576d1de5dd168","","0","true","14.32"
"not_found_by_sku","309CU103","6a4880eef41576d1de5dd174","","0","true","0"
"not_found_by_sku","162BR00","6a4880eef41576d1de5dd17a","","0","true","306.78"
"not_found_by_sku","910LG00","6a4880eff41576d1de5dd180","","0","true","0"
"not_found_by_sku","910LG01","6a4880eff41576d1de5dd186","","0","true","0"
"not_found_by_sku","910LG02","6a4880eff41576d1de5dd18c","","0","true","0"
"not_found_by_sku","910LG03","6a4880eff41576d1de5dd192","","0","true","0"
"not_found_by_sku","910LG04","6a4880f0f41576d1de5dd198","","0","true","0"
"not_found_by_sku","910LG05","6a4880f0f41576d1de5dd19e","","0","true","0"
"not_found_by_sku","910LG06","6a4880f0f41576d1de5dd1a4","","0","true","0"
"not_found_by_sku","910LG07","6a4880f0f41576d1de5dd1aa","","0","true","0"
"not_found_by_sku","910LG08","6a4880f0f41576d1de5dd1b0","","0","true","0"
"not_found_by_sku","320ZN07","6a4880f1f41576d1de5dd1b6","","0","true","56.24"
"not_found_by_sku","320ZN08","6a4880f1f41576d1de5dd1bc","","0","true","56.24"
"not_found_by_sku","140ZN92","6a4880f1f41576d1de5dd1c2","","0","true","18.41"
"not_found_by_sku","117ZN58","6a4880f1f41576d1de5dd1c8","","0","true","76"
"not_found_by_sku","300ID03","6a4880f1f41576d1de5dd1ce","","0","true","41.93"
"not_found_by_sku","162ID51","6a4880f2f41576d1de5dd1d4","","0","true","143.16"
"not_found_by_sku","307MD00","6a4880f2f41576d1de5dd1da","","0","true","14.32"
"not_found_by_sku","307MD01","6a4880f2f41576d1de5dd1e0","","1","true","14.32"
"not_found_by_sku","139ZN45OM","6a4880f2f41576d1de5dd1e6","","1","true","11.25"
"not_found_by_sku","802PE315","6a4880f3f41576d1de5dd1ec","","15","true","6.39"
"not_found_by_sku","203MI00","6a4880f3f41576d1de5dd1f2","","0","true","66.47"
"not_found_by_sku","151MI04","6a4880f3f41576d1de5dd1f8","","1","true","84.36"
"not_found_by_sku","203MI01","6a4880f3f41576d1de5dd1fe","","0","true","66.47"
"not_found_by_sku","203MI05","6a4880f3f41576d1de5dd204","","0","true","10.23"
"not_found_by_sku","140AC101","6a4880f4f41576d1de5dd20a","","0","true","53.69"
"not_found_by_sku","163ZN43","6a4880f4f41576d1de5dd210","","0","true","50.11"
"not_found_by_sku","313ID04","6a4880f4f41576d1de5dd216","","0","true","33.23"
"not_found_by_sku","313ID05","6a4880f4f41576d1de5dd21c","","0","true","7.67"
"not_found_by_sku","203AR17","6a4880f5f41576d1de5dd222","","0","true","36.81"
"not_found_by_sku","102ZN02","6a4880f5f41576d1de5dd228","","0","true","24.54"
"not_found_by_sku","208FR12OR","6a4880f5f41576d1de5dd22e","","28","true","5.2"
"not_found_by_sku","308AC15OR","6a4880f5f41576d1de5dd234","","2","true","9.46"
"not_found_by_sku","162BH26OR","6a4880f5f41576d1de5dd23a","","2","true","145.72"
"not_found_by_sku","600MD55","6a4880f6f41576d1de5dd240","","7","true","13.29"
"not_found_by_sku","102LG53","6a4880f6f41576d1de5dd246","","1","true","14.32"
"not_found_by_sku","102LG17","6a4880f6f41576d1de5dd24c","","2","true","5.11"
"not_found_by_sku","802PE24","6a4880f6f41576d1de5dd252","","8","true","15.34"
"not_found_by_sku","159GR10","6a4880f6f41576d1de5dd258","","0","true","0"
"not_found_by_sku","117ZN03","6a4880f7f41576d1de5dd25e","","0","true","81.81"
"not_found_by_sku","131ZN18","6a4880f7f41576d1de5dd264","","0","true","40.9"
"not_found_by_sku","131ZN00","6a4880f7f41576d1de5dd26a","","0","true","16.36"
"not_found_by_sku","119ZN01","6a4880f7f41576d1de5dd270","","0","true","26.59"
"not_found_by_sku","138ZN17","6a4880f8f41576d1de5dd276","","0","true","76.69"
"not_found_by_sku","140LG500","6a4880f8f41576d1de5dd27c","","0","true","69.54"
"not_found_by_sku","131ZN21OR","6a4880f8f41576d1de5dd282","","3","true","19.43"
"not_found_by_sku","326CU08OR","6a4880f8f41576d1de5dd288","","18","true","5.2"
"not_found_by_sku","140ZN43","6a4880f8f41576d1de5dd28e","","0","true","50.11"
"not_found_by_sku","307ZN30","6a4880f9f41576d1de5dd294","","0","true","62"
"not_found_by_sku","117ZN60","6a4880f9f41576d1de5dd29a","","0","true","66.47"
"not_found_by_sku","600EG10OR","6a4880f9f41576d1de5dd2a0","","6","true","4"
"not_found_by_sku","162AR200","6a4880f9f41576d1de5dd2ac","","0","true","122.71"
"not_found_by_sku","164IG12","6a4880faf41576d1de5dd2b2","","0","true","31.7"
"not_found_by_sku","170AR15","6a4880faf41576d1de5dd2be","","0","true","178.95"
"not_found_by_sku","312BH26","6a4880faf41576d1de5dd2c4","","2","true","34.77"
"not_found_by_sku","143IG20","6a4880fbf41576d1de5dd2ca","","0","true","29.65"
"not_found_by_sku","150BH03","6a4880fbf41576d1de5dd2d0","","0","true","0"
"not_found_by_sku","307GR33","6a4880fbf41576d1de5dd2d6","","0","true","0"
"not_found_by_sku","803PE535","6a4880fbf41576d1de5dd2dc","","0","true","5.01"
"not_found_by_sku","803PE804","6a4880fbf41576d1de5dd2e2","","3","true","4.09"
"not_found_by_sku","159GR09","6a4880fcf41576d1de5dd2e8","","0","true","0"
"not_found_by_sku","307IG08OR","6a4880fcf41576d1de5dd2ee","","4","true","11.25"
"not_found_by_sku","322IG01OR","6a4880fcf41576d1de5dd2f4","","3","true","12.78"
"not_found_by_sku","139ZN16","6a4880fcf41576d1de5dd2fa","","0","true","60"
"not_found_by_sku","121ID01","6a4880fcf41576d1de5dd300","","0","true","19.8"
"not_found_by_sku","203IG12","6a4880fdf41576d1de5dd306","","0","true","32"
"not_found_by_sku","163LG73","6a4880fdf41576d1de5dd30c","","0","true","220"
"not_found_by_sku","308ZN08","6a4880fdf41576d1de5dd312","","0","true","45"
"not_found_by_sku","111LG84","6a4880fdf41576d1de5dd318","","0","true","0"
"not_found_by_sku","111LG83","6a4880fef41576d1de5dd31e","","0","true","0"
"not_found_by_sku","140ID19","6a4880fef41576d1de5dd324","","0","true","0"
"not_found_by_sku","308GR08","6a4880fef41576d1de5dd32a","","0","true","0"
"not_found_by_sku","307MK04","6a4880fef41576d1de5dd330","","0","true","20"
"not_found_by_sku","162ZN164","6a4880fef41576d1de5dd336","","0","true","12"
"not_found_by_sku","312GR36","6a4880fff41576d1de5dd33c","","1","true","12"
"not_found_by_sku","170ZN30","6a4880fff41576d1de5dd342","","0","true","80"
"not_found_by_sku","156ID02","6a4880fff41576d1de5dd348","","0","true","22"
"not_found_by_sku","163AC00OR","6a4880fff41576d1de5dd34e","","7","true","22"
"not_found_by_sku","163LG100","6a488100f41576d1de5dd354","","0","true","200"
"not_found_by_sku","308ZN09","6a488100f41576d1de5dd35a","","0","true","35"
"not_found_by_sku","06","6a488100f41576d1de5dd360","","0","true","0"
"not_found_by_sku","800BH04","6a488100f41576d1de5dd366","","0","true","100"
"not_found_by_sku","113MI06","6a488100f41576d1de5dd36c","","28","true","5.5"
"not_found_by_sku","162AC74","6a488101f41576d1de5dd372","","0","true","40"
"not_found_by_sku","145CY09","6a488101f41576d1de5dd378","","5","true","16.8"
"not_found_by_sku","140IG56","6a488101f41576d1de5dd37e","","0","true","5.5"
"not_found_by_sku","162ZN108","6a488101f41576d1de5dd384","","0","true","78"
"not_found_by_sku","139ZN80","6a488102f41576d1de5dd38a","","0","true","78"
"not_found_by_sku","203ZN24","6a488102f41576d1de5dd390","","0","true","40"
"not_found_by_sku","203ZN25","6a488102f41576d1de5dd396","","0","true","50"
"not_found_by_sku","313ZN32","6a488102f41576d1de5dd39c","","0","true","98"
"not_found_by_sku","203ZN26","6a488102f41576d1de5dd3a2","","0","true","46"
"not_found_by_sku","140ID18","6a488103f41576d1de5dd3a8","","0","true","42"
"not_found_by_sku","144IG06","6a488103f41576d1de5dd3ae","","0","true","98"
"not_found_by_sku","103ZN08OR","6a488103f41576d1de5dd3b4","","3","true","22"
"not_found_by_sku","307ZN28","6a488103f41576d1de5dd3ba","","0","true","62"
"not_found_by_sku","162FR85","6a488103f41576d1de5dd3c0","","1","true","12.5"
"not_found_by_sku","312AC28OR","6a488104f41576d1de5dd3c6","","3","true","12.5"
"not_found_by_sku","307ZN50","6a488104f41576d1de5dd3cc","","0","true","67"
"not_found_by_sku","117ZN90","6a488104f41576d1de5dd3d2","","0","true","12.5"
"not_found_by_sku","162AR98","6a488104f41576d1de5dd3d8","","0","true","152"
"not_found_by_sku","139IG40","6a488105f41576d1de5dd3de","","0","true","32"
"not_found_by_sku","313ID06","6a488105f41576d1de5dd3e4","","0","true","190"
"not_found_by_sku","321IG04","6a488105f41576d1de5dd3ea","","0","true","34"
"not_found_by_sku","500BH01","6a488105f41576d1de5dd3f0","","0","true","130"
"not_found_by_sku","811PE601","6a488105f41576d1de5dd3f6","","0","true","70"
"not_found_by_sku","502BH01","6a488106f41576d1de5dd3fc","","10","true","5.2"
"not_found_by_sku","120IG10","6a488106f41576d1de5dd402","","1","true","19.8"
"not_found_by_sku","313ID07","6a488106f41576d1de5dd408","","0","true","90"
"not_found_by_sku","148ID01","6a4b819811d74170e1e70346","","0","true","32"
"not_found_by_sku","1234BG123R","6a4c9df51e05d581e33dfcc4","","1","true","0"
"not_found_by_sku","103BH05OR","6a4cb6f91e05d581e33e115c","","1","true","12.5"
"not_found_by_sku","102BH01OR","6a4cb6fc1e05d581e33e1187","","1","true","72"
"not_found_by_sku","168MI01","6a4cb7021e05d581e33e11af","","5","true","54"
"not_found_by_sku","162ID27OR","6a4cc5091e05d581e33e22df","","2","true","42"
"not_found_by_sku","162ID","6a4d8a281fe0285365a0f0b8","","0","true","42"
