"sku","title","id","published","stockQty","slug","url"
"01","РЕМОНТ","6a488041f41576d1de5dbea8","published","0","01","https://nikelectric.eu/product/01"
"02","НАЕМ","6a48805ef41576d1de5dc1cc","published","-11","02","https://nikelectric.eu/product/02"
"022034","Куплонг миксер","6a487f85f41576d1de5daa0e","published","0","022034","https://nikelectric.eu/product/022034"
"05","КАПАРО","6a48808cf41576d1de5dc6c4","published","0","05","https://nikelectric.eu/product/05"
"06","Автомобил Мерцедес ГЛК 220 ЦДИ 4 МАТИК СВ7541НК рамаWDC2049841G044453","6a488100f41576d1de5dd360","published","-1","06","https://nikelectric.eu/product/06"
"100LG09","Маншон Ф50 - универсален","6a487f65f41576d1de5da69c","published","2","100lg09","https://nikelectric.eu/product/100lg09"
"100LG10","кран 1/2  на  3/4","69b44388c23d34935c3b7ed3","published","3","d0bad180d0b0d0bd-11","https://nikelectric.eu/product/d0bad180d0b0d0bd-11"
"100LG11","кран 1/2  на  3/4","69b44388c23d34935c3b7edb","published","7","d0bad180d0b0d0bd-12","https://nikelectric.eu/product/d0bad180d0b0d0bd-12"
"100LG110","Кран INOX","6a48805ff41576d1de5dc1f0","published","0","100lg110","https://nikelectric.eu/product/100lg110"
"100LG200","Втулка - 3743444","6a4880d1f41576d1de5dce44","published","0","100lg200","https://nikelectric.eu/product/100lg200"
"101LG30","Упл.3/4 - клингерит","6a487f90f41576d1de5dab4c","published","78","101lg30","https://nikelectric.eu/product/101lg30"
"101LG31","Упл. 1/2 - клингерит","6a487f91f41576d1de5dab52","published","43","101lg31","https://nikelectric.eu/product/101lg31"
"101LG32","Упл. глава Юнга","6a487f91f41576d1de5dab58","published","72","101lg32","https://nikelectric.eu/product/101lg32"
"102LG00","Уплътнител 3/4  с филтър","6a487f90f41576d1de5dab46","published","0","102lg00","https://nikelectric.eu/product/102lg00"
"102LG17","Захранващ маркуч 1.5 м   90°C","6a4880f6f41576d1de5dd24c","published","2","102lg17","https://nikelectric.eu/product/102lg17"
"102LG200","Маркучч за клапани 9x15mm","6a39b60c63ce2a8468e0d699","published","41.2","102lg200-------9-x-15mm","https://nikelectric.eu/product/102lg200-------9-x-15mm"
"102LG53","Маркуч с аквастоп 1.5 м -  90°C","6a4880f6f41576d1de5dd246","published","1","102lg53","https://nikelectric.eu/product/102lg53"
"102LG81","Захранващ маркуч с аквастоп за съдомиялна L 2145 mm","6a488059f41576d1de5dc13c","published","2","102lg81","https://nikelectric.eu/product/102lg81"
"102LG85","Захранващ маркуч с аквастоп за съдомиялна SMEG","6a488037f41576d1de5dbd7c","published","1","102lg85","https://nikelectric.eu/product/102lg85"
"102ZN02","М-ч съдомиялна - EX, AEG 2,5 l/min.  - 1171990524","6a4880f5f41576d1de5dd228","published","0","102zn02","https://nikelectric.eu/product/102zn02"
"103AR01","изливен със засек Ф30  - 481010416968","6a48808ef41576d1de5dc706","published","1","103ar01","https://nikelectric.eu/product/103ar01"
"103GR02OR","Маркуч за съдомиялна GORENJE","6a47ac61068fc300483f67ea","published","1","---gorenje","https://nikelectric.eu/product/---gorenje"
"103LG05","Кривка","6a487fbaf41576d1de5dafd2","published","-2","103lg05","https://nikelectric.eu/product/103lg05"
"103SM02OR","Маркуч за съдомиялна SMEG","6a4880e0f41576d1de5dcff4","published","9","103sm02or","https://nikelectric.eu/product/103sm02or"
"103ZN03","изливен Г - 2.540 м - 140013554013","6a488065f41576d1de5dc298","published","0","103zn03","https://nikelectric.eu/product/103zn03"
"103ZN04","изливен Г - 45 градуса - 140011410051","6a4880dff41576d1de5dcfc4","published","0","103zn04","https://nikelectric.eu/product/103zn04"
"103ZN05","Маркуч термопомпа - 8078024026","6a4880e5f41576d1de5dd078","published","0","103zn05","https://nikelectric.eu/product/103zn05"
"103ZN08OR","Маркуч за източване на вода за сушилня 2.5 м Ф8 мм","6a488103f41576d1de5dd3b4","published","3","103zn08or","https://nikelectric.eu/product/103zn08or"
"103ZN100","изливен маркуч AEG - 1327714208","6a48806ef41576d1de5dc388","published","0","103zn100","https://nikelectric.eu/product/103zn100"
"106LG53","Каб. обувка Кръгла - мъжка","6a487f8ef41576d1de5dab16","published","58","106lg53","https://nikelectric.eu/product/106lg53"
"106LG54","Каб. обувка - Медна","6a487f8ef41576d1de5dab10","published","79","106lg54","https://nikelectric.eu/product/106lg54"
"106LG55","Каб. обувка Ф6 - дебела","6a488013f41576d1de5db998","published","249","106lg55","https://nikelectric.eu/product/106lg55"
"106LG59","Кабелни обувка - 6.3 с болт","6a4880a6f41576d1de5dc9a0","published","500","106lg59","https://nikelectric.eu/product/106lg59"
"106LG60","Кабелна обувка вилица","6a4880a7f41576d1de5dc9a6","published","250","106lg60","https://nikelectric.eu/product/106lg60"
"107LG14","скоба за маншон - max 37,5","6a487febf41576d1de5db53c","published","1","107lg14","https://nikelectric.eu/product/107lg14"
"107LG16","скоба за маншон 2600900000 - max - Ф32","6a487ffaf41576d1de5db6e0","published","6","107lg16","https://nikelectric.eu/product/107lg16"
"107ZN02","Краче за сушилня - 8996470604712","6a488070f41576d1de5dc3b8","published","0","107zn02","https://nikelectric.eu/product/107zn02"
"108LG11","Машинно масло - 100мл","6a487f91f41576d1de5dab64","published","2","108lg11","https://nikelectric.eu/product/108lg11"
"108LG17","108LG1 - Изолационна лента  10 м - TESA","6a487f96f41576d1de5dabf4","published","3","108lg17","https://nikelectric.eu/product/108lg17"
"109LG01","Центроб. за пералня","6a487f6cf41576d1de5da744","published","1","109lg01","https://nikelectric.eu/product/109lg01"
"109LG07","Бобина мотор прогр.","6a487f97f41576d1de5dabfa","published","0","109lg07","https://nikelectric.eu/product/109lg07"
"109LG12","Бобина прогр.","6a487f72f41576d1de5da7f2","published","1","109lg12","https://nikelectric.eu/product/109lg12"
"110AR11","ТЕН Аристон фланче 1500 W","6a487ff6f41576d1de5db668","published","4","110ar11","https://nikelectric.eu/product/110ar11"
"110ED13","ТЕН Елдом 2000W хоризонтален  мед прав","6a33106763ce2a8468da918b","published","6","--2000w----","https://nikelectric.eu/product/--2000w----"
"110ED15","ТЕН Елдом 3000W хориз. - никелиран","6a487faff41576d1de5daeac","published","0","110ed15","https://nikelectric.eu/product/110ed15"
"110ED28","ТЕН Елдом 2000 W - 30L б-р. -  никелиран","6a488010f41576d1de5db944","published","0","110ed28","https://nikelectric.eu/product/110ed28"
"110ED30","ТЕН Елдом 3000W  хориз. - мед","6a488012f41576d1de5db986","published","0","110ed30","https://nikelectric.eu/product/110ed30"
"110ED31","ТЕН Елдом 2000W  Хориз. - мед","6a488012f41576d1de5db98c","published","3","110ed31","https://nikelectric.eu/product/110ed31"
"110ED51","к-т фланец неръжд. елипса с ТЕН и уплътнители","6a48800af41576d1de5db89c","published","1","110ed51","https://nikelectric.eu/product/110ed51"
"110ED53","ТЕН бойлер 3000W - МЕД  за серп.- прав","6a488013f41576d1de5db992","published","1","110ed53","https://nikelectric.eu/product/110ed53"
"110LG205","ТЕН Котел  7500W - 400V- 1 1/2 - мед  L=610mm","6a487f55f41576d1de5da4f2","published","1","110lg205","https://nikelectric.eu/product/110lg205"
"110LG206","ТЕН Котел  9000W - 1 1/2 - никротал","6a487fb1f41576d1de5daee2","published","1","110lg206","https://nikelectric.eu/product/110lg206"
"110LG207","ТЕН Котел  3000W - M48x2 - мед L=285mm","6a487f55f41576d1de5da4e6","published","0","110lg207","https://nikelectric.eu/product/110lg207"
"110LG209","ТЕН Котел  5000W - 1 1/4","6a487f55f41576d1de5da4ec","published","0","110lg209","https://nikelectric.eu/product/110lg209"
"110LG21","ТЕН 2000W - 5L б-р - никротал","6a487f55f41576d1de5da4e0","published","0","110lg21","https://nikelectric.eu/product/110lg21"
"110LG215","ТЕН Котел  2400W - 1 1/2 - никел, L=290mm","6a4880b1f41576d1de5dcac0","published","0","110lg215","https://nikelectric.eu/product/110lg215"
"110LG22","TEH MUHLER - проточен бойлер","6a48803cf41576d1de5dbe1e","published","1","110lg22","https://nikelectric.eu/product/110lg22"
"110LG23","TEH MUHLER - проточен бойлер","6a48803df41576d1de5dbe24","published","1","110lg23","https://nikelectric.eu/product/110lg23"
"110LG25","ТЕН Матев 2700W","6a487fb7f41576d1de5daf84","published","1","110lg25","https://nikelectric.eu/product/110lg25"
"110LG29","ТЕН Сръбски б-р 2000W с фланец елипса","6a488003f41576d1de5db7d0","published","1","110lg29","https://nikelectric.eu/product/110lg29"
"110LG30","ТЕН б-р 2000W с фланец 6 отвора","6a488003f41576d1de5db7d6","published","2","110lg30","https://nikelectric.eu/product/110lg30"
"110LG31","ТЕН  Гръцки б-р 4000W с фланец Ф 135 мм 5 отвора","6a487f6cf41576d1de5da750","published","3","110lg31","https://nikelectric.eu/product/110lg31"
"110LG35","ТЕН Дипломат/Фероли - 2500 W BLUE FOREVER","6a488014f41576d1de5db9b0","published","3","110lg35","https://nikelectric.eu/product/110lg35"
"110LG36","ТЕН Дипломат/Фероли - 2500 W - хоризонтален","6a488014f41576d1de5db9b6","published","2","110lg36","https://nikelectric.eu/product/110lg36"
"110LG38","ТЕН Виком - 2500 W - хоризонтален","6a488014f41576d1de5db9bc","published","3","110lg38","https://nikelectric.eu/product/110lg38"
"110LG39","ТЕН Матев - 2000 W - хоризонтален","6a488014f41576d1de5db9c2","published","1","110lg39","https://nikelectric.eu/product/110lg39"
"110LG40","ТЕН бойлер с фланец","6a488085f41576d1de5dc5f2","published","1","110lg40","https://nikelectric.eu/product/110lg40"
"110LG41","ТЕН Виком - 30000 W - никротал","6a488015f41576d1de5db9c8","published","1","110lg41","https://nikelectric.eu/product/110lg41"
"110LG42","ТЕН Brsvissimo - 1500 W - 10L с франец","6a488015f41576d1de5db9ce","published","2","110lg42","https://nikelectric.eu/product/110lg42"
"110LG43","ТЕН Brsvissimo - 1500 W -  с фланец - никротал","6a488015f41576d1de5db9d4","published","1","110lg43","https://nikelectric.eu/product/110lg43"
"110LG44","ТЕН Термомакс - 3000 W - хоризонтален - мед","6a488015f41576d1de5db9da","published","2","110lg44","https://nikelectric.eu/product/110lg44"
"110LG45","ТЕН Дипломат/EXCELLENCE - 2500 W - емайл","6a488016f41576d1de5db9e0","published","4","110lg45","https://nikelectric.eu/product/110lg45"
"110LG46","ТЕН Дипломат/INOVATION - 6500 W - емайл","6a488016f41576d1de5db9e6","published","1","110lg46","https://nikelectric.eu/product/110lg46"
"110LG47","ТЕН Гръцки б-р 1500W с фланец Ф 92 мм - 5 отвора","6a488019f41576d1de5dba3a","published","2","110lg47","https://nikelectric.eu/product/110lg47"
"110TY09","ТЕСИ","69b4401dc23d34935c3b1b0e","published","2","d182d0b5d181d0b8-23","https://nikelectric.eu/product/d182d0b5d181d0b8-23"
"110TY13","ТЕН Теси 7900W  проточен - 192085D","6a487f56f41576d1de5da4f8","published","0","110ty13","https://nikelectric.eu/product/110ty13"
"111AR05","Фланец Аристон Ф124мм 5 отвора","6a48803af41576d1de5dbde2","published","2","111ar05","https://nikelectric.eu/product/111ar05"
"111LG09","Фланец Б-р Термомакс","6a4880ecf41576d1de5dd13e","published","3","111lg09","https://nikelectric.eu/product/111lg09"
"111LG104","Мембрана за хидравличен блок Юнга","6a487ff6f41576d1de5db662","published","4","111lg104","https://nikelectric.eu/product/111lg104"
"111LG105","Врътка ТРМ бойлер","6a487ff6f41576d1de5db66e","published","0","111lg105","https://nikelectric.eu/product/111lg105"
"111LG106","Кабел силиконов с обувки за б-р","6a488043f41576d1de5dbede","published","0","111lg106","https://nikelectric.eu/product/111lg106"
"111LG11","Фланец Б-р Термомакс - 4 отвора","6a488085f41576d1de5dc5f8","published","0","111lg11","https://nikelectric.eu/product/111lg11"
"111LG111","&#1056;&#1045;&#1051;&#1040;&#1050;&#1057;","69b441a0c23d34935c3b4930","published","5","13077","https://nikelectric.eu/product/13077"
"111LG112","Реле командно двойно РЕЛАКС","6a488012f41576d1de5db980","published","0","111lg112","https://nikelectric.eu/product/111lg112"
"111LG113","Мембрана за проточен бойлер MUHLER - голяма","6a48803bf41576d1de5dbe06","published","23","111lg113","https://nikelectric.eu/product/111lg113"
"111LG114","Мембрана за проточен бойлер MUHLER - малка","6a48803cf41576d1de5dbe0c","published","0","111lg114","https://nikelectric.eu/product/111lg114"
"111LG115","Мембрана за проточен бойлер MUHLER - средна","6a488084f41576d1de5dc5ec","published","7","111lg115","https://nikelectric.eu/product/111lg115"
"111LG14","Фланец б-р Матев - Малък","6a487f70f41576d1de5da7bc","published","0","111lg14","https://nikelectric.eu/product/111lg14"
"111LG17","Фланец емайлиран 6 отвора - к-т с н-л, анод и упл.","6a488027f41576d1de5dbbcc","published","3","111lg17","https://nikelectric.eu/product/111lg17"
"111LG18","Фланец Дипломат Термомакс - 4 отвора","6a48805df41576d1de5dc1a2","published","9","111lg18","https://nikelectric.eu/product/111lg18"
"111LG217","Упл. фланец Дипломат","6a488004f41576d1de5db806","published","36","111lg217","https://nikelectric.eu/product/111lg217"
"111LG221","Уплътн. голям Н.М.- ВН - 3  и 7 дупки","6a487f65f41576d1de5da696","published","3","111lg221","https://nikelectric.eu/product/111lg221"
"111LG223","Упл. фланец ЕДЕСА","6a48802bf41576d1de5dbc38","published","1","111lg223","https://nikelectric.eu/product/111lg223"
"111LG229","НЕ","6a48808cf41576d1de5dc6d0","published","3","111lg229","https://nikelectric.eu/product/111lg229"
"111LG230","Уплътнение за фланец на бойлер Сънсистем","6a33aaea63ce2a8468daac8d","published","0","-----","https://nikelectric.eu/product/-----"
"111LG304","Упл. за нагревател голяма гайка","6a487f63f41576d1de5da65a","published","1","111lg304","https://nikelectric.eu/product/111lg304"
"111LG312","Упл. Термо-1","6a487f62f41576d1de5da654","published","3","111lg312","https://nikelectric.eu/product/111lg312"
"111LG37","Основа микроключ Алфа","6a487fc6f41576d1de5db134","published","5","111lg37","https://nikelectric.eu/product/111lg37"
"111LG400","Втулка аноден протектор","6a487f62f41576d1de5da64e","published","14","111lg400","https://nikelectric.eu/product/111lg400"
"111LG401","Уплънтител аноден протектор","6a487fe3f41576d1de5db458","published","10","111lg401","https://nikelectric.eu/product/111lg401"
"111LG49","Възвр.клап.бойлер 3/4 - палче","6a488016f41576d1de5db9ec","published","10","111lg49","https://nikelectric.eu/product/111lg49"
"111LG67","Щуцер входящ Релакс Р","6a487f70f41576d1de5da7b6","published","5","111lg67","https://nikelectric.eu/product/111lg67"
"111LG68","Щуцер изход. Релакс Р","6a487f6cf41576d1de5da756","published","0","111lg68","https://nikelectric.eu/product/111lg68"
"111LG70","Кран за б-р Алфа","6a487f6df41576d1de5da762","published","4","111lg70","https://nikelectric.eu/product/111lg70"
"111LG72","Капак Теси 03","6a4880a7f41576d1de5dc9ac","published","3","111lg72","https://nikelectric.eu/product/111lg72"
"111LG79","Скоба за фланец елипса - 630022","6a487f6cf41576d1de5da75c","published","0","111lg79","https://nikelectric.eu/product/111lg79"
"111LG83","Капак Теси - CB10265","6a4880fef41576d1de5dd31e","published","0","111lg83","https://nikelectric.eu/product/111lg83"
"111LG84","Капак Теси с отвор - CB10273","6a4880fdf41576d1de5dd318","published","0","111lg84","https://nikelectric.eu/product/111lg84"
"111LG90","Табло за капак б-р Дипломат","6a487ffff41576d1de5db776","published","0","111lg90","https://nikelectric.eu/product/111lg90"
"111LG94","Резервоар Дипломат Бета - нов модел","6a487fe8f41576d1de5db4e2","published","1","111lg94","https://nikelectric.eu/product/111lg94"
"111LG95","Капачка за 5л. б-р нов модел","6a487f6cf41576d1de5da74a","published","10","111lg95","https://nikelectric.eu/product/111lg95"
"112LG204","Кондензатор 2 mF за монтаж на платка","6a48800cf41576d1de5db8de","published","2","112lg204","https://nikelectric.eu/product/112lg204"
"112LG96","0,22 mF с кабел - 112LG96","6a4880faf41576d1de5dd2b8","published","0","112lg96","https://nikelectric.eu/product/112lg96"
"113AR01","VA 30 + 2 огл. + упл.","6a487f6bf41576d1de5da738","published","1","113ar01","https://nikelectric.eu/product/113ar01"
"113AR07OR","Семеринг 22х40х8.5  G2","6a487fd1f41576d1de5db26c","published","19","113ar07or","https://nikelectric.eu/product/113ar07or"
"113AR08OR","Семеринг 35х52/65х7/10.5","6a487f69f41576d1de5da702","published","51","113ar08or","https://nikelectric.eu/product/113ar08or"
"113AR09","Семеринг 25х47/64х7/10.5","6a488095f41576d1de5dc7ba","published","12","113ar09","https://nikelectric.eu/product/113ar09"
"113AR10OR","Семеринг 35х62/75х7/10","6a487f67f41576d1de5da6c0","published","9","113ar10or","https://nikelectric.eu/product/113ar10or"
"113AR12OR","Семеринг 30x52/65x7/10","6a488014f41576d1de5db9aa","published","10","113ar12or","https://nikelectric.eu/product/113ar12or"
"113AR14","Челен уплътнител 13х26х5.5","6a488045f41576d1de5dbf14","published","2","113ar14","https://nikelectric.eu/product/113ar14"
"113BH07OR","Уплътнител съдомиялна  Ф 163 мм - 00171598","6a488023f41576d1de5dbb4e","published","0","113bh07or","https://nikelectric.eu/product/113bh07or"
"113CY09","семеринг 35x62x11/12.5 - 91406201- 1249685007","6a487fe9f41576d1de5db506","published","19","113cy09","https://nikelectric.eu/product/113cy09"
"113EG04OR","Семеринг 37x66x9.5/12","6a488035f41576d1de5dbd4c","published","19","113eg04or","https://nikelectric.eu/product/113eg04or"
"113GR06","семеринг 40.2х72/80х8/13 - 548284","6a487fb1f41576d1de5daee8","published","0","113gr06","https://nikelectric.eu/product/113gr06"
"113ID00A","семеринг 25х47х10 G2 - алтернативен","6a487f6bf41576d1de5da732","published","22","113id00a","https://nikelectric.eu/product/113id00a"
"113LG112","семеринг 70х90х12","6a487f69f41576d1de5da708","published","1","113lg112","https://nikelectric.eu/product/113lg112"
"113LG113","семеринг 47х72х10 - AEG","6a487f69f41576d1de5da6fc","published","0","113lg113","https://nikelectric.eu/product/113lg113"
"113LG122","семеринг 75х95х12","6a487f66f41576d1de5da6b4","published","1","113lg122","https://nikelectric.eu/product/113lg122"
"113LG123","семеринг  90х120х12","6a487f67f41576d1de5da6cc","published","1","113lg123","https://nikelectric.eu/product/113lg123"
"113LG140","семеринг 45х78/86х10.5/15","6a487f67f41576d1de5da6c6","published","0","113lg140","https://nikelectric.eu/product/113lg140"
"113LG24","семеринг 20х35х7","6a487f68f41576d1de5da6d8","published","3","113lg24","https://nikelectric.eu/product/113lg24"
"113LG37","семеринг 45х65х8","6a487f66f41576d1de5da6ae","published","0","113lg37","https://nikelectric.eu/product/113lg37"
"113LG40","семеринг 14х30х7","6a487f65f41576d1de5da6a2","published","0","113lg40","https://nikelectric.eu/product/113lg40"
"113LG50","семиринг 15х30х7","6a487f66f41576d1de5da6a8","published","0","113lg50","https://nikelectric.eu/product/113lg50"
"113LG63","семеринг 15х35х7","6a487f6af41576d1de5da70e","published","0","113lg63","https://nikelectric.eu/product/113lg63"
"113LG64","семиринг 17х30х7","6a487f6af41576d1de5da71a","published","0","113lg64","https://nikelectric.eu/product/113lg64"
"113LG71","семеринг 48х68х10","6a487f67f41576d1de5da6d2","published","2","113lg71","https://nikelectric.eu/product/113lg71"
"113LG73","семеринг 70х100х12","6a487f6bf41576d1de5da73e","published","3","113lg73","https://nikelectric.eu/product/113lg73"
"113LG74","Уплътнител помпа 4.5х16/57х7/8.5","6a487f6af41576d1de5da714","published","18","113lg74","https://nikelectric.eu/product/113lg74"
"113MI06","Упл. за циркулационна помпа съдомиялна","6a488100f41576d1de5dd36c","published","28","113mi06","https://nikelectric.eu/product/113mi06"
"113PE00","уплътнител двоен за помпа","6a487ffef41576d1de5db752","published","9","113pe00","https://nikelectric.eu/product/113pe00"
"113SI08","12х30х15 - фибър помпа","6a487f66f41576d1de5da6ba","published","1","113si08","https://nikelectric.eu/product/113si08"
"113SM01","11х24х11 -  фибър к-т SMEG - 694130079","6a48802bf41576d1de5dbc32","published","0","113sm01","https://nikelectric.eu/product/113sm01"
"113TM00","Уплътнител помпа Т.М.","6a487f97f41576d1de5dac00","published","7","113tm00","https://nikelectric.eu/product/113tm00"
"113ZN25OR","семеринг 47x80x11/12.5 - 1327445600 - ROLF","6a487fc6f41576d1de5db13a","published","26","113zn25or","https://nikelectric.eu/product/113zn25or"
"113ZN26","семеринг 29x47x9/13","6a488037f41576d1de5dbd94","published","8","113zn26","https://nikelectric.eu/product/113zn26"
"113ZN36","8х18х12 - фибър к-т","6a487ff3f41576d1de5db626","published","0","113zn36","https://nikelectric.eu/product/113zn36"
"114LG121","лагер 6007","6a487f6af41576d1de5da720","published","0","114lg121","https://nikelectric.eu/product/114lg121"
"114LG122","6008 - лагер","6a487f6af41576d1de5da726","published","2","114lg122","https://nikelectric.eu/product/114lg122"
"114LG123","6009 - лагер","6a48801ff41576d1de5dbaf4","published","4","114lg123","https://nikelectric.eu/product/114lg123"
"114LG43","лагер 6206","6a487fb0f41576d1de5daeb8","published","1","114lg43","https://nikelectric.eu/product/114lg43"
"116LG197","ремък 1258 J5","6a4880a3f41576d1de5dc940","published","3","116lg197","https://nikelectric.eu/product/116lg197"
"116LG198","ремък 1310 J5 EL/PJE","6a487f98f41576d1de5dac18","published","4","116lg198","https://nikelectric.eu/product/116lg198"
"116LG230","ремък 3L 512  ТЕМ - 90462441","6a487faef41576d1de5dae94","published","3","116lg230","https://nikelectric.eu/product/116lg230"
"116LG293","4XL 499 EL-1295 - ZANUSSI - 116LG293 - 1242025003","6a487f6bf41576d1de5da72c","published","0","116lg293","https://nikelectric.eu/product/116lg293"
"116LG302","3LS 1406mm.- 116LG302 - 751610022 - SMEG","6a488036f41576d1de5dbd76","published","10","116lg302","https://nikelectric.eu/product/116lg302"
"116LG312","ремък 1932 PHE","6a4880b0f41576d1de5dcaa8","published","6","116lg312","https://nikelectric.eu/product/116lg312"
"116LG315","ремък  3L 512 - 1300 мм","6a487fd0f41576d1de5db254","published","0","116lg315","https://nikelectric.eu/product/116lg315"
"116LG404OR","Ремък за сушилня 1991 6PHE","6a469318068fc300483edd48","published","13","---1991-6phe","https://nikelectric.eu/product/---1991-6phe"
"116LG422","ремък 1243","6a487fe2f41576d1de5db434","published","0","116lg422","https://nikelectric.eu/product/116lg422"
"116LG444","ремък 1236 J4 EL","6a487faaf41576d1de5dae22","published","0","116lg444","https://nikelectric.eu/product/116lg444"
"116LG500","Ремък 356 PJ","6a4880b6f41576d1de5dcb56","published","0","116lg500","https://nikelectric.eu/product/116lg500"
"116LG502","Ремък TB2 - 330","6a4880b6f41576d1de5dcb5c","published","0","116lg502","https://nikelectric.eu/product/116lg502"
"116LG616","ремък 1217 J4 MAEL","6a487f97f41576d1de5dac12","published","0","116lg616","https://nikelectric.eu/product/116lg616"
"116LG621","ремък 1258 8PH","6a487f98f41576d1de5dac1e","published","1","116lg621","https://nikelectric.eu/product/116lg621"
"116LG628","1854 PH","6a487f98f41576d1de5dac24","published","0","116lg628","https://nikelectric.eu/product/116lg628"
"116LG649","1031 3PJ - 116LG649 - Gates - DAEWOO","6a488009f41576d1de5db87e","published","1","116lg649","https://nikelectric.eu/product/116lg649"
"116LG658OR","Ремък за сушилня 1540 5 PHE","6a488025f41576d1de5dbb84","published","4","116lg658or","https://nikelectric.eu/product/116lg658or"
"116LG662","1316 PJE","6a4880bdf41576d1de5dcc16","published","4","116lg662","https://nikelectric.eu/product/116lg662"
"116LG663","TB2 310 H12 5 - 116LG663  - 5110992","6a4880d8f41576d1de5dcf10","published","0","116lg663","https://nikelectric.eu/product/116lg663"
"116LG69","ремък 3L 476 - 1209 мм","6a487fbcf41576d1de5db01a","published","0","116lg69","https://nikelectric.eu/product/116lg69"
"116LG80","ремък 1975 Н5","6a488057f41576d1de5dc106","published","1","116lg80","https://nikelectric.eu/product/116lg80"
"117AR01","маншон   47001100","6a487f99f41576d1de5dac36","published","1","117ar01","https://nikelectric.eu/product/117ar01"
"117AR02","маншон пералня със сушилня - C00090201 - 14400151605","6a488054f41576d1de5dc0b8","published","1","117ar02","https://nikelectric.eu/product/117ar02"
"117AR03","Пружина за маншон","6a487f9af41576d1de5dac4e","published","1","117ar03","https://nikelectric.eu/product/117ar03"
"117AR50","Пружина за маншон","6a4880bcf41576d1de5dcbfe","published","0","117ar50","https://nikelectric.eu/product/117ar50"
"117BL02","маншон","6a487f98f41576d1de5dac2a","published","1","117bl02","https://nikelectric.eu/product/117bl02"
"117CY24","маншон пералня - 41028181","6a48803df41576d1de5dbe30","published","2","117cy24","https://nikelectric.eu/product/117cy24"
"117DA03","маншон - 9 кг с сушилня - 2 отвора","6a487fdff41576d1de5db3e0","published","4","117da03","https://nikelectric.eu/product/117da03"
"117EGOR","маншон 4986ER1004A - оригинален","6a487ffef41576d1de5db74c","published","1","117egor","https://nikelectric.eu/product/117egor"
"117GR00L","Ластик","6a43a7299c3767f83b8001ff","published","2","117gr00l---","https://nikelectric.eu/product/117gr00l---"
"117GR12OR","Маншон за пералня HISENSE, GORENJE","6a4880abf41576d1de5dca24","published","4","117gr12or","https://nikelectric.eu/product/117gr12or"
"117ID11","маншон C00145390","6a48800ff41576d1de5db920","published","0","117id11","https://nikelectric.eu/product/117id11"
"117ID20","Маншон - C00662150 - 488000662150","6a4880a1f41576d1de5dc90a","published","0","117id20","https://nikelectric.eu/product/117id20"
"117IG100","Пружина за маншон","6a4880c6f41576d1de5dcd18","published","1","117ig100","https://nikelectric.eu/product/117ig100"
"117IG13","маншон  481246068532","6a487fd3f41576d1de5db296","published","0","117ig13","https://nikelectric.eu/product/117ig13"
"117SG05","маншон","6a487f99f41576d1de5dac3c","published","0","117sg05","https://nikelectric.eu/product/117sg05"
"117SI22","Маншон за пералня BOSCH","6a3d47df63ce2a8468e47937","published","0","117si22-----3--bosch","https://nikelectric.eu/product/117si22-----3--bosch"
"117ZN03","Маншон - 140006284016","6a4880f7f41576d1de5dd25e","published","0","117zn03","https://nikelectric.eu/product/117zn03"
"117ZN28","маншон  132106410 - 132106400","6a487fe5f41576d1de5db48e","published","0","117zn28","https://nikelectric.eu/product/117zn28"
"117ZN56","маншон - 4055142147 - 4055059242","6a4880c4f41576d1de5dccd0","published","0","117zn56","https://nikelectric.eu/product/117zn56"
"117ZN57","маншон пералня със сушилня - 140004668251","6a4880ebf41576d1de5dd126","published","0","117zn57","https://nikelectric.eu/product/117zn57"
"117ZN58","маншон - 140004668111","6a4880f1f41576d1de5dd1c8","published","0","117zn58","https://nikelectric.eu/product/117zn58"
"117ZN60","Маншон - 1327601033","6a4880f9f41576d1de5dd29a","published","0","117zn60","https://nikelectric.eu/product/117zn60"
"117ZN90","Пружина за маншон","6a488104f41576d1de5dd3d2","published","0","117zn90","https://nikelectric.eu/product/117zn90"
"117ZP00","маншон","6a487f99f41576d1de5dac30","published","1","117zp00","https://nikelectric.eu/product/117zp00"
"117ZW05","маншон","6a487f99f41576d1de5dac42","published","0","117zw05","https://nikelectric.eu/product/117zw05"
"117ZW06","маншон  90482316","6a487f99f41576d1de5dac48","published","0","117zw06","https://nikelectric.eu/product/117zw06"
"117ZW08","маншон  90448531","6a487fbdf41576d1de5db02c","published","0","117zw08","https://nikelectric.eu/product/117zw08"
"117ZW13","маншон  90452996","6a487f9af41576d1de5dac54","published","0","117zw13","https://nikelectric.eu/product/117zw13"
"118LG04","Реле R20/25А  - 230V двуполюсно","6a487ff8f41576d1de5db6b0","published","0","118lg04","https://nikelectric.eu/product/118lg04"
"119AE01","119AE01","6a48800ff41576d1de5db932","published","0","119ae01","https://nikelectric.eu/product/119ae01"
"119BH00","гумено съединение - 083205","6a487fc1f41576d1de5db0a4","published","0","119bh00","https://nikelectric.eu/product/119bh00"
"119BH01","гумено съединение - 269513","6a487fcff41576d1de5db230","published","0","119bh01","https://nikelectric.eu/product/119bh01"
"119CY07","- гумено съединение 92607415","6a487f9bf41576d1de5dac7e","published","0","119cy07","https://nikelectric.eu/product/119cy07"
"119CY10","гумено съединение - 92604826","6a487fd4f41576d1de5db2c0","published","1","119cy10","https://nikelectric.eu/product/119cy10"
"119GR01","гумено съединение","6a487f9cf41576d1de5dac84","published","0","119gr01","https://nikelectric.eu/product/119gr01"
"119GR04","гумено съединение","6a487f9cf41576d1de5dac8a","published","0","119gr04","https://nikelectric.eu/product/119gr04"
"119MC00","гумено съединение - PA5.05.01.014","6a487fe5f41576d1de5db488","published","3","119mc00","https://nikelectric.eu/product/119mc00"
"119OB00","гумено съединение - Ободин","6a487fc4f41576d1de5db0f8","published","1","119ob00","https://nikelectric.eu/product/119ob00"
"119PE05","гумено съединение П 05","6a487f64f41576d1de5da684","published","1","119pe05","https://nikelectric.eu/product/119pe05"
"119PH04","гумено съединение - 114300707","6a487f9bf41576d1de5dac6c","published","3","119ph04","https://nikelectric.eu/product/119ph04"
"119ZN01","гумено съединение - 1297338020","6a4880f7f41576d1de5dd270","published","0","119zn01","https://nikelectric.eu/product/119zn01"
"119ZN20","гумено съединение - 12401660 - 13210680","6a487fe0f41576d1de5db416","published","1","119zn20","https://nikelectric.eu/product/119zn20"
"119ZN22","гумено съединение - 1323484004","6a487fe1f41576d1de5db41c","published","2","119zn22","https://nikelectric.eu/product/119zn22"
"119ZN25","гумено съединение - 1321066126 - 1321066100","6a4880a7f41576d1de5dc9b2","published","0","119zn25","https://nikelectric.eu/product/119zn25"
"120AC12OR","гумено съединение","6a488056f41576d1de5dc0e8","published","1","120ac12or","https://nikelectric.eu/product/120ac12or"
"120AR15A","C00092174 - без топче","6a488022f41576d1de5dbb36","published","5","120ar15a","https://nikelectric.eu/product/120ar15a"
"120AR21","м-ч помпа миялна - C00256976","6a487fc1f41576d1de5db0aa","published","0","120ar21","https://nikelectric.eu/product/120ar21"
"120CY04","гумено съединение","6a487f9af41576d1de5dac5a","published","0","120cy04","https://nikelectric.eu/product/120cy04"
"120EN01","гумено съединение - Еида долен - крив","6a487f9af41576d1de5dac60","published","1","120en01","https://nikelectric.eu/product/120en01"
"120GR06","гумено съединение 105870","6a487f9cf41576d1de5dac9c","published","0","120gr06","https://nikelectric.eu/product/120gr06"
"120ID13","гумено съединение C00108874","6a487fb5f41576d1de5daf5a","published","0","120id13","https://nikelectric.eu/product/120id13"
"120IG10","Гофриран маркуч долен","6a488106f41576d1de5dd402","published","1","120ig10","https://nikelectric.eu/product/120ig10"
"120IG13","гумено съединение 481952648255","6a487f9cf41576d1de5dac96","published","0","120ig13","https://nikelectric.eu/product/120ig13"
"120IG14OR","Гофриран маркуч долен","6a48802bf41576d1de5dbc3e","published","3","120ig14or","https://nikelectric.eu/product/120ig14or"
"120PH07","гумено съединение","6a487f9bf41576d1de5dac66","published","1","120ph07","https://nikelectric.eu/product/120ph07"
"120SU00","гумено съединение DC62-10304A","6a487fe5f41576d1de5db49a","published","0","120su00","https://nikelectric.eu/product/120su00"
"120ZN06","гумено съединение - 6454305571","6a487fc2f41576d1de5db0b6","published","1","120zn06","https://nikelectric.eu/product/120zn06"
"120ZN07","гумено съединение 1320719105","6a487fe4f41576d1de5db47c","published","0","120zn07","https://nikelectric.eu/product/120zn07"
"120ZN09","гумено съединение 1463102036","6a487fe4f41576d1de5db482","published","5","120zn09","https://nikelectric.eu/product/120zn09"
"120ZN17","гумено съединение","6a487f9cf41576d1de5dac90","published","0","120zn17","https://nikelectric.eu/product/120zn17"
"120ZN19","гумено съединение 1240160000","6a487fb3f41576d1de5daf12","published","1","120zn19","https://nikelectric.eu/product/120zn19"
"120ZN21","маркуч ELECTROLUX - 1327740328 - 1327740476","6a4880d6f41576d1de5dcec2","published","0","120zn21","https://nikelectric.eu/product/120zn21"
"120ZN33","гумено съединение 1551500000","6a488056f41576d1de5dc0f4","published","0","120zn33","https://nikelectric.eu/product/120zn33"
"120ZN36","1320721424","6a488085f41576d1de5dc5fe","published","0","120zn36","https://nikelectric.eu/product/120zn36"
"120ZN40","гумено съединение 1327740450 - 1327740302","6a4880d8f41576d1de5dcefe","published","0","120zn40","https://nikelectric.eu/product/120zn40"
"120ZN67","маркуч съдомиялна - 1528113002","6a4880bdf41576d1de5dcc22","published","0","120zn67","https://nikelectric.eu/product/120zn67"
"121ID01","Маркуч - C00086430","6a4880fcf41576d1de5dd300","published","0","121id01","https://nikelectric.eu/product/121id01"
"122GR01","отдушник - дълъг","6a488008f41576d1de5db86c","published","1","122gr01","https://nikelectric.eu/product/122gr01"
"122LG100","Маркуч - 3248053","6a4880c0f41576d1de5dcc64","published","0","122lg100","https://nikelectric.eu/product/122lg100"
"124AC00","М-ч пресостат - Беко 2002800700","6a487f65f41576d1de5da690","published","0","124ac00","https://nikelectric.eu/product/124ac00"
"124PE00","Маркуч ниворегулатор","6a487f65f41576d1de5da68a","published","3","124pe00","https://nikelectric.eu/product/124pe00"
"125AK03","упл.казан - 406006600","6a487fb8f41576d1de5daf96","published","1","125ak03","https://nikelectric.eu/product/125ak03"
"125DA01","упл.казан DAEWOO - 4 модела","6a488009f41576d1de5db878","published","4","125da01","https://nikelectric.eu/product/125da01"
"125PE00","упл.казан Перла","6a487ffef41576d1de5db75e","published","3","125pe00","https://nikelectric.eu/product/125pe00"
"126AR13","упл. съдомиялна C00311041 - 481246668564","6a4880a6f41576d1de5dc99a","published","0","126ar13","https://nikelectric.eu/product/126ar13"
"126IG10","упл.съдомиялна + вътрешен панел - C00272287 - C00532989","6a48809cf41576d1de5dc886","published","0","126ig10","https://nikelectric.eu/product/126ig10"
"126IG11","упл.съдомиялна + вътрешен панел - C00666280","6a4880d6f41576d1de5dcece","published","0","126ig11","https://nikelectric.eu/product/126ig11"
"126LG100","Уплътнител -  23x46 мм - 3186190","6a4880eaf41576d1de5dd108","published","0","126lg100","https://nikelectric.eu/product/126lg100"
"126MA02","упл. нагревател малка съдомиялна Мидея","6a487fd4f41576d1de5db2a8","published","0","126ma02","https://nikelectric.eu/product/126ma02"
"126MA04","упл.  съдомиялна L =107 см - Мидея","6a48804ff41576d1de5dc02e","published","0","126ma04","https://nikelectric.eu/product/126ma04"
"126ZN05OR","упл. съдомиялна 1565 mm - 1171265455","6a48809ff41576d1de5dc8e0","published","1","126zn05or","https://nikelectric.eu/product/126zn05or"
"127PE00","Упл. преден за филтър П-05","6a487f63f41576d1de5da660","published","4","127pe00","https://nikelectric.eu/product/127pe00"
"129SL02","129SL02","6a487fb7f41576d1de5daf7e","published","9","129sl02","https://nikelectric.eu/product/129sl02"
"129ZN01","129ZN01","6a487f9bf41576d1de5dac72","published","18","129zn01","https://nikelectric.eu/product/129zn01"
"130AK01","упл. лагерно тяло - 651008515","6a487fb8f41576d1de5daf9c","published","3","130ak01","https://nikelectric.eu/product/130ak01"
"130AK02","упл. латерно тяло - 402003200","6a487fc4f41576d1de5db0fe","published","1","130ak02","https://nikelectric.eu/product/130ak02"
"131AC02OR","Кече сушилня Beko","6a487ff6f41576d1de5db674","published","3","131ac02or","https://nikelectric.eu/product/131ac02or"
"131AC03OR","Кече сушилня Beko","6a488038f41576d1de5dbdb2","published","3","131ac03or","https://nikelectric.eu/product/131ac03or"
"131AC04OR","Уплътнител .сушилня BEKO","6a488039f41576d1de5dbdb8","published","6","131ac04or","https://nikelectric.eu/product/131ac04or"
"131AC06OR","Уплътнител .сушилня BEKO","6a488086f41576d1de5dc628","published","3","131ac06or","https://nikelectric.eu/product/131ac06or"
"131AC07OR","Уплътнител .сушилня BEKO","6a488088f41576d1de5dc658","published","2","131ac07or","https://nikelectric.eu/product/131ac07or"
"131AC08OR","Кече сушилня Beko","6a4880c2f41576d1de5dcc9a","published","3","131ac08or","https://nikelectric.eu/product/131ac08or"
"131AC09OR","Уплътнител .сушилня BEKO","6a4880c2f41576d1de5dcca0","published","3","131ac09or","https://nikelectric.eu/product/131ac09or"
"131AC10OR","Уплътнител .сушилня BEKO","6a4880c2f41576d1de5dcca6","published","2","131ac10or","https://nikelectric.eu/product/131ac10or"
"131AC11OR","Уплътнител .сушилня BEKO","6a4880c2f41576d1de5dccac","published","4","131ac11or","https://nikelectric.eu/product/131ac11or"
"131AR01OR","Кече за сушилня INDESIT","6a488074f41576d1de5dc424","published","5","131ar01or","https://nikelectric.eu/product/131ar01or"
"131AR02","Уплътнител .сушилня ARISTON","6a4880b7f41576d1de5dcb6e","published","0","131ar02","https://nikelectric.eu/product/131ar02"
"131AR100","Упл.сушилня - C00620170","6a4880a9f41576d1de5dc9e2","published","0","131ar100","https://nikelectric.eu/product/131ar100"
"131BH02OR","Кече за сушилня БОШ - 00649045","6a488030f41576d1de5dbcce","published","4","131bh02or","https://nikelectric.eu/product/131bh02or"
"131CY01OR","Кече сушилня Candy","6a48803ff41576d1de5dbe60","published","2","131cy01or","https://nikelectric.eu/product/131cy01or"
"131CY02","CANDY","69b44327c23d34935c3b738e","published","1","d183d0bfd0bb-d181d183d188d0b8d0bbd0bdd18f","https://nikelectric.eu/product/d183d0bfd0bb-d181d183d188d0b8d0bbd0bdd18f"
"131ID01OR","Кече сушилня INDESIT","6a48804bf41576d1de5dbfb6","published","2","131id01or","https://nikelectric.eu/product/131id01or"
"131IG01OR","Кече сушилня Whirlpool","6a487fcaf41576d1de5db1a0","published","1","131ig01or","https://nikelectric.eu/product/131ig01or"
"131ZN00","упл.сушилня врата AEG - 140041778014","6a4880f7f41576d1de5dd26a","published","0","131zn00","https://nikelectric.eu/product/131zn00"
"131ZN06","ELECTROLUX ZANUSSI AEG","69b4430fc23d34935c3b70cb","published","2","electrolux-zanussi-aeg-431","https://nikelectric.eu/product/electrolux-zanussi-aeg-431"
"131ZN14","упл.сушилня врата AEG","6a488073f41576d1de5dc41e","published","0","131zn14","https://nikelectric.eu/product/131zn14"
"131ZN15OR","упл.сушилня AEG - 1251102222 - 1251102206","6a48807cf41576d1de5dc514","published","0","131zn15or","https://nikelectric.eu/product/131zn15or"
"131ZN16","упл.сушилня AEG - 1251139208 - 8136693507","6a488086f41576d1de5dc616","published","0","131zn16","https://nikelectric.eu/product/131zn16"
"131ZN17","упл.сушилня AEG - 8077826017","6a4880ebf41576d1de5dd11a","published","0","131zn17","https://nikelectric.eu/product/131zn17"
"131ZN18","Кече сушилня AEG,Elektrolux 1368089106","6a4880f7f41576d1de5dd264","published","0","131zn18","https://nikelectric.eu/product/131zn18"
"131ZN21OR","Кече за сушилня AEG,Elektrolux","6a4880f8f41576d1de5dd282","published","3","131zn21or","https://nikelectric.eu/product/131zn21or"
"132MA01","упл.ТЕН малка миялна Мидея","6a487fb2f41576d1de5daef4","published","0","132ma01","https://nikelectric.eu/product/132ma01"
"132PE00","ПЕРЛА","69b44328c23d34935c3b73b2","published","1","d0bfd0b5d180d0bbd0b0","https://nikelectric.eu/product/d0bfd0b5d180d0bbd0b0"
"133AR00","Пружина  - C00104566","6a487fbbf41576d1de5db002","published","0","133ar00","https://nikelectric.eu/product/133ar00"
"133CY06","CANDY","69b447f1c23d34935c3bf82d","published","2","candy-275","https://nikelectric.eu/product/candy-275"
"133CY07","CANDY","69b447f1c23d34935c3bf836","published","2","candy-276","https://nikelectric.eu/product/candy-276"
"133CY08","CANDY","69b447f2c23d34935c3bf83f","published","2","candy-277","https://nikelectric.eu/product/candy-277"
"133IG02OR","Пружина съдомиялна WHIRLPOOL","6a4880dbf41576d1de5dcf4c","published","4","133ig02or","https://nikelectric.eu/product/133ig02or"
"133SM00","Пружина миялна Смег, Горение","6a487fbef41576d1de5db03e","published","0","133sm00","https://nikelectric.eu/product/133sm00"
"133VE02","CROWN VESTEL","69b44219c23d34935c3b5504","published","14","crown-vestel-2","https://nikelectric.eu/product/crown-vestel-2"
"138AR01","турбина за помпа съдомиялна - C00025703 - 990071145","6a487f9df41576d1de5daca2","published","1","138ar01","https://nikelectric.eu/product/138ar01"
"138GR01","Турбина Горение","6a487f9df41576d1de5daca8","published","1","138gr01","https://nikelectric.eu/product/138gr01"
"138IG02","турбина за сушилня - 480112101466","6a48809cf41576d1de5dc874","published","0","138ig02","https://nikelectric.eu/product/138ig02"
"138IG100","Корпус за нагревател сушилня - C00289768","6a4880c6f41576d1de5dcd1e","published","0","138ig100","https://nikelectric.eu/product/138ig100"
"138IG50","Мотор съдомиялна - 481010745148","6a4880e1f41576d1de5dd006","published","0","138ig50","https://nikelectric.eu/product/138ig50"
"138LG01","Турбина  - 90 мм - 6124057","6a4880bff41576d1de5dcc4c","published","0","138lg01","https://nikelectric.eu/product/138lg01"
"138SU01OR","турбина сушилня - DC82-01208A","6a48805ef41576d1de5dc1d2","published","1","138su01or","https://nikelectric.eu/product/138su01or"
"138ZN02","1254349028 - 1254349010","6a4880e8f41576d1de5dd0c6","published","0","138zn02","https://nikelectric.eu/product/138zn02"
"138ZN07","турбина к-т за сушилня - 8077823055","6a488055f41576d1de5dc0d6","published","0","138zn07","https://nikelectric.eu/product/138zn07"
"138ZN08","турбина к-т за сушилня - 1364074102","6a48805af41576d1de5dc166","published","0","138zn08","https://nikelectric.eu/product/138zn08"
"138ZN13","турбина к-т за сушилня - 8583486350926","6a4880d4f41576d1de5dce9e","published","0","138zn13","https://nikelectric.eu/product/138zn13"
"138ZN15","турбина к-т за сушилня - 3486349404 - 8583486349423","6a4880d8f41576d1de5dcf04","published","0","138zn15","https://nikelectric.eu/product/138zn15"
"138ZN16","Мотор сушилня - 140027756034 - 140027756026","6a4880e7f41576d1de5dd0a8","published","0","138zn16","https://nikelectric.eu/product/138zn16"
"138ZN17","Мотор сушилня - 140072078011","6a4880f8f41576d1de5dd276","published","0","138zn17","https://nikelectric.eu/product/138zn17"
"138ZN30","турбина сушилня - 140030284016","6a48807ff41576d1de5dc55c","published","0","138zn30","https://nikelectric.eu/product/138zn30"
"139AC12","закопчалка - синя - 2804940300","6a48801bf41576d1de5dba70","published","0","139ac12","https://nikelectric.eu/product/139ac12"
"139AR02","закопчалка C00016632","6a487f9bf41576d1de5dac78","published","0","139ar02","https://nikelectric.eu/product/139ar02"
"139AR32O","закопчалка C00287769 - хром","6a487ff6f41576d1de5db67a","published","0","139ar32o","https://nikelectric.eu/product/139ar32o"
"139AR33O","закопчалка C00288568 - сива","6a48800df41576d1de5db8ea","published","0","139ar33o","https://nikelectric.eu/product/139ar33o"
"139AR36","INDESIT ARISTON","69b4432cc23d34935c3b741e","published","0","indesit-ariston-250","https://nikelectric.eu/product/indesit-ariston-250"
"139BH05","закопчалка 051328","6a487fbbf41576d1de5dafea","published","0","139bh05","https://nikelectric.eu/product/139bh05"
"139BH06","BOSCH инокс - BSH00643356","6a488062f41576d1de5dc244","published","0","139bh06","https://nikelectric.eu/product/139bh06"
"139CY11","Основа за палец Канди","6a487f9ef41576d1de5dacc0","published","11","139cy11","https://nikelectric.eu/product/139cy11"
"139CY18","закопчалка - 41038779","6a4880b5f41576d1de5dcb3e","published","0","139cy18","https://nikelectric.eu/product/139cy18"
"139DA04","закопчалка 3612614600 - Нов","6a4880c7f41576d1de5dcd36","published","0","139da04","https://nikelectric.eu/product/139da04"
"139DA10","палец метален за DAEWOO","6a4880c1f41576d1de5dcc82","published","6","139da10","https://nikelectric.eu/product/139da10"
"139EI00","закопчалка Еида с бутон","6a487f9ef41576d1de5dacc6","published","1","139ei00","https://nikelectric.eu/product/139ei00"
"139GR00","закопчалка с бутон - черна","6a487ffcf41576d1de5db716","published","4","139gr00","https://nikelectric.eu/product/139gr00"
"139GR03","палец за 139GR11 - 158697","6a48807cf41576d1de5dc508","published","1","139gr03","https://nikelectric.eu/product/139gr03"
"139GR05","закопчалка с бутон","6a487f9df41576d1de5dacae","published","0","139gr05","https://nikelectric.eu/product/139gr05"
"139GR06","закопчалка 537820","6a487fa0f41576d1de5dad02","published","0","139gr06","https://nikelectric.eu/product/139gr06"
"139GR07","закопчалка  553852","6a487fa0f41576d1de5dad08","published","0","139gr07","https://nikelectric.eu/product/139gr07"
"139ID12OR","закопчалка C00050182","6a487f9df41576d1de5dacb4","published","1","139id12or","https://nikelectric.eu/product/139id12or"
"139ID19OR","закопчалка бяла","6a48800cf41576d1de5db8d2","published","6","139id19or","https://nikelectric.eu/product/139id19or"
"139IG21","закопчалка 481949878444","6a487f9ef41576d1de5dacba","published","0","139ig21","https://nikelectric.eu/product/139ig21"
"139IG36","Палец за WHirlpool - 488000510124 - C00510124","6a4880b3f41576d1de5dcb02","published","0","139ig36","https://nikelectric.eu/product/139ig36"
"139IG40","Закопчалка 481249818244","6a488105f41576d1de5dd3de","published","0","139ig40","https://nikelectric.eu/product/139ig40"
"139PL02","палче Полар","6a487fa0f41576d1de5dacfc","published","0","139pl02","https://nikelectric.eu/product/139pl02"
"139SL18","36005000 - врътка Силтал","6a48801bf41576d1de5dba76","published","0","139sl18","https://nikelectric.eu/product/139sl18"
"139VE11","НЕ","6a487ffbf41576d1de5db6fe","published","1","139ve11","https://nikelectric.eu/product/139ve11"
"139ZN16","Закопчалка 4055431789","6a4880fcf41576d1de5dd2fa","published","0","139zn16","https://nikelectric.eu/product/139zn16"
"139ZN45OM","Закопчалка к-т  INOX","6a4880f2f41576d1de5dd1e6","published","1","139zn45om","https://nikelectric.eu/product/139zn45om"
"139ZN55","палец  съдомиялна - 1108256015","6a488057f41576d1de5dc100","published","0","139zn55","https://nikelectric.eu/product/139zn55"
"139ZN57OR","Закопчалка сушилня ELECTROLUX  AEG","6a488059f41576d1de5dc130","published","1","139zn57or","https://nikelectric.eu/product/139zn57or"
"139ZN59","1320373127 INOX","6a488035f41576d1de5dbd58","published","1","139zn59","https://nikelectric.eu/product/139zn59"
"139ZN60OR","закопчалка -  4055186482  INOX","6a488038f41576d1de5dbda6","published","0","139zn60or","https://nikelectric.eu/product/139zn60or"
"139ZN80","Закопчалка - 4055484085","6a488102f41576d1de5dd38a","published","0","139zn80","https://nikelectric.eu/product/139zn80"
"139ZW01","закопчалка","6a487ffbf41576d1de5db6f8","published","1","139zw01","https://nikelectric.eu/product/139zw01"
"139ZW07OR","90473547, 90489093","6a4880e2f41576d1de5dd012","published","3","139zw07or","https://nikelectric.eu/product/139zw07or"
"140AC101","Съд за сол - 1764900100","6a4880f4f41576d1de5dd20a","published","0","140ac101","https://nikelectric.eu/product/140ac101"
"140AC31OR","Капак за лампа на сушилня","6a488038f41576d1de5dbdac","published","3","140ac31or","https://nikelectric.eu/product/140ac31or"
"140AC34","йонен генератор - 2851170100","6a488048f41576d1de5dbf6e","published","0","140ac34","https://nikelectric.eu/product/140ac34"
"140AC40","съд за сол - 1752300100","6a488056f41576d1de5dc0ee","published","0","140ac40","https://nikelectric.eu/product/140ac40"
"140AC74","капак сушилня - 2978860300","6a4880dbf41576d1de5dcf5e","published","0","140ac74","https://nikelectric.eu/product/140ac74"
"140AC82OR","Долна пръскалка на съдомиялна","6a4880e9f41576d1de5dd0f0","published","0","140ac82or","https://nikelectric.eu/product/140ac82or"
"140AR100","Капак сушилня - C00526650","6a4880a8f41576d1de5dc9dc","published","0","140ar100","https://nikelectric.eu/product/140ar100"
"140AR101","C00526618","6a4880c6f41576d1de5dcd12","published","0","140ar101","https://nikelectric.eu/product/140ar101"
"140AR16","тръба съдомиялна ID,AR - C00041017","6a4880a2f41576d1de5dc928","published","0","140ar16","https://nikelectric.eu/product/140ar16"
"140AR200","Кит съдомиялна - C00534183","6a4880dff41576d1de5dcfd0","published","0","140ar200","https://nikelectric.eu/product/140ar200"
"140AR38","механизъм заден нивелир ляв - C00092820","6a48805cf41576d1de5dc18a","published","0","140ar38","https://nikelectric.eu/product/140ar38"
"140AR39","механизъм заден нивелир десен - C00092821","6a48805cf41576d1de5dc190","published","0","140ar39","https://nikelectric.eu/product/140ar39"
"140AR40","основа за пръскалка - C00256574","6a4880def41576d1de5dcfb8","published","0","140ar40","https://nikelectric.eu/product/140ar40"
"140AR41","втулка за перка съдомиялна - C00256830","6a4880dff41576d1de5dcfbe","published","0","140ar41","https://nikelectric.eu/product/140ar41"
"140AR45","Капак за кутия за прах - C00510209","6a4880cff41576d1de5dce08","published","0","140ar45","https://nikelectric.eu/product/140ar45"
"140BH12OR","пръскалка с рамо к-т -  668147","6a488023f41576d1de5dbb5a","published","1","140bh12or","https://nikelectric.eu/product/140bh12or"
"140BH90","Капачка за сол съдомиялна BOSCH - 00611319","6a4880eef41576d1de5dd168","published","0","140bh90","https://nikelectric.eu/product/140bh90"
"140ID02","съд за сол - C00641946","6a4880e2f41576d1de5dd01e","published","0","140id02","https://nikelectric.eu/product/140id02"
"140ID06","кошница съдомиялна - C00097097","6a487f7df41576d1de5da92a","published","0","140id06","https://nikelectric.eu/product/140id06"
"140ID10","кошница съдомиялна - C00260860","6a488093f41576d1de5dc790","published","0","140id10","https://nikelectric.eu/product/140id10"
"140ID18","контейнер сол миялна - C00386530","6a488103f41576d1de5dd3a8","published","0","140id18","https://nikelectric.eu/product/140id18"
"140ID19","основа пръскалка - C00256830","6a4880fef41576d1de5dd324","published","0","140id19","https://nikelectric.eu/product/140id19"
"140ID20","силиконов бутон - C00089822","6a48809ef41576d1de5dc8c2","published","0","140id20","https://nikelectric.eu/product/140id20"
"140IG01","ринг за казанче сол съдомиялна - 481231038896","6a488042f41576d1de5dbec0","published","0","140ig01","https://nikelectric.eu/product/140ig01"
"140IG02","контейнер сол миялна - 480140102402","6a488060f41576d1de5dc202","published","0","140ig02","https://nikelectric.eu/product/140ig02"
"140IG05","Бутони панел - 480111101341","6a4880d6f41576d1de5dcec8","published","0","140ig05","https://nikelectric.eu/product/140ig05"
"140IG100","крепеж за врата съдомиялна - 481240448611","6a4880acf41576d1de5dca36","published","0","140ig100","https://nikelectric.eu/product/140ig100"
"140IG12","корпус помпа съдомиялна - 481236018014","6a487f9ef41576d1de5daccc","published","0","140ig12","https://nikelectric.eu/product/140ig12"
"140IG14","корпус помпа съдомиялна - 481236018371","6a487f61f41576d1de5da624","published","0","140ig14","https://nikelectric.eu/product/140ig14"
"140IG55","бутон OF/ON - C00534125","6a4880b9f41576d1de5dcb9e","published","1","140ig55","https://nikelectric.eu/product/140ig55"
"140IG56","клавиш декоративен двоен WHIRLPOOL - 481010453067","6a488101f41576d1de5dd37e","published","0","140ig56","https://nikelectric.eu/product/140ig56"
"140IG60","Вана - WHIRLPOOL - 481010580651","6a48809cf41576d1de5dc88c","published","0","140ig60","https://nikelectric.eu/product/140ig60"
"140IG61","Конзола съдомиялна - 481253029331","6a4880b2f41576d1de5dcade","published","1","140ig61","https://nikelectric.eu/product/140ig61"
"140LG07","шлаух сушилня Ф90 - 3м","6a488042f41576d1de5dbeba","published","4","140lg07","https://nikelectric.eu/product/140lg07"
"140LG100","Преход 3248215","6a4880dcf41576d1de5dcf82","published","0","140lg100","https://nikelectric.eu/product/140lg100"
"140LG101","Тръба - ø 22x168 mm - 3448614","6a4880eaf41576d1de5dd0fc","published","0","140lg101","https://nikelectric.eu/product/140lg101"
"140LG200","Филтърен пръстен 3160209","6a4880caf41576d1de5dcd8a","published","0","140lg200","https://nikelectric.eu/product/140lg200"
"140LG201","Филтърен колектор - 3160208","6a4880cbf41576d1de5dcd90","published","0","140lg201","https://nikelectric.eu/product/140lg201"
"140LG202","Втулка за съдомиялна - 3243268","6a4880d4f41576d1de5dcea4","published","0","140lg202","https://nikelectric.eu/product/140lg202"
"140LG500","Перка съдомиялна - 3015048","6a4880f8f41576d1de5dd27c","published","0","140lg500","https://nikelectric.eu/product/140lg500"
"140MA04","Разпределител съдомиялна Мидея","6a487fbdf41576d1de5db026","published","1","140ma04","https://nikelectric.eu/product/140ma04"
"140MA07","кутия зя нагревател съдомиялна Мидея","6a487fd9f41576d1de5db344","published","2","140ma07","https://nikelectric.eu/product/140ma07"
"140MA16","тръба съдомиялна Мидеа -12176000024364","6a48804ff41576d1de5dc01c","published","0","140ma16","https://nikelectric.eu/product/140ma16"
"140SM18OR","Водна завеса за съдомиялна","6a48806bf41576d1de5dc340","published","3","140sm18or","https://nikelectric.eu/product/140sm18or"
"140VE01OR","Преграда за барабан за пералня VESTEL","6a487fe1f41576d1de5db42e","published","26","140ve01or","https://nikelectric.eu/product/140ve01or"
"140VE05","пръскалка","6a488031f41576d1de5dbce0","published","2","140ve05","https://nikelectric.eu/product/140ve05"
"140VE07","VESTEL","69b4442ec23d34935c3b90cc","published","1","vestel-45","https://nikelectric.eu/product/vestel-45"
"140VE09OR","Преграда за барабан за пералня VESTEL","6a488021f41576d1de5dbb18","published","15","140ve09or","https://nikelectric.eu/product/140ve09or"
"140ZN02","дъно съдомиялна - 1561831205","6a48803ff41576d1de5dbe66","published","1","140zn02","https://nikelectric.eu/product/140zn02"
"140ZN03","Поплавък съдомиялна - 1172731026","6a488040f41576d1de5dbe8a","published","0","140zn03","https://nikelectric.eu/product/140zn03"
"140ZN101","Преграда сушилня - 1368106009 - 8996470779101","6a4880e3f41576d1de5dd030","published","0","140zn101","https://nikelectric.eu/product/140zn101"
"140ZN102","Преграда сушилня - 4055018487","6a4880edf41576d1de5dd14a","published","0","140zn102","https://nikelectric.eu/product/140zn102"
"140ZN120","Филтър сушилня - 140075066013","6a488080f41576d1de5dc574","published","0","140zn120","https://nikelectric.eu/product/140zn120"
"140ZN43","преграда с тежест  - 53188953193","6a4880f8f41576d1de5dd28e","published","0","140zn43","https://nikelectric.eu/product/140zn43"
"140ZN47","тръба миялна - 1172026013","6a488086f41576d1de5dc61c","published","0","140zn47","https://nikelectric.eu/product/140zn47"
"140ZN69","тръба+уплътнение - 1172029017","6a48804af41576d1de5dbf92","published","0","140zn69","https://nikelectric.eu/product/140zn69"
"140ZN7","корпус помпа съдомиялна - 1527955031","6a488058f41576d1de5dc12a","published","0","140zn7","https://nikelectric.eu/product/140zn7"
"140ZN70","корпус помпа съдомиялна - 1119151296","6a48803df41576d1de5dbe36","published","0","140zn70","https://nikelectric.eu/product/140zn70"
"140ZN76","Капак сушилня - 1123346114","6a488062f41576d1de5dc24a","published","0","140zn76","https://nikelectric.eu/product/140zn76"
"140ZN77","Заден корпус сушилня AEG - 140018029011","6a48806ff41576d1de5dc3a6","published","0","140zn77","https://nikelectric.eu/product/140zn77"
"140ZN78","Въздуховод - 1366004727","6a48806ff41576d1de5dc3ac","published","0","140zn78","https://nikelectric.eu/product/140zn78"
"140ZN79","Капак - 1366130118","6a488073f41576d1de5dc40c","published","0","140zn79","https://nikelectric.eu/product/140zn79"
"140ZN80","корпус помпа - 4055386769","6a488078f41576d1de5dc49c","published","0","140zn80","https://nikelectric.eu/product/140zn80"
"140ZN81","пръскалка - 4055074423","6a4880b2f41576d1de5dcaea","published","0","140zn81","https://nikelectric.eu/product/140zn81"
"140ZN86","Капак сушилня - 1251083000","6a4880a4f41576d1de5dc95e","published","0","140zn86","https://nikelectric.eu/product/140zn86"
"140ZN87","корпус помпа съдомиялна - 1119151072","6a4880a7f41576d1de5dc9be","published","0","140zn87","https://nikelectric.eu/product/140zn87"
"140ZN91","Филтър сушилня - 1257292001","6a4880d9f41576d1de5dcf16","published","0","140zn91","https://nikelectric.eu/product/140zn91"
"140ZN92","преграда - 1926323005","6a4880f1f41576d1de5dd1c2","published","0","140zn92","https://nikelectric.eu/product/140zn92"
"141AK14","ARDO","69b44071c23d34935c3b2517","published","5","ardo-77","https://nikelectric.eu/product/ardo-77"
"141AR05","врътка програматор - C00286109 - C00291588","6a4880aaf41576d1de5dca06","published","0","141ar05","https://nikelectric.eu/product/141ar05"
"141BY00","врътка","6a487fa1f41576d1de5dad0e","published","48","141by00","https://nikelectric.eu/product/141by00"
"141GR00","538366","6a487fadf41576d1de5dae70","published","0","141gr00","https://nikelectric.eu/product/141gr00"
"141GR01","538493","6a487fadf41576d1de5dae76","published","0","141gr01","https://nikelectric.eu/product/141gr01"
"141GR02","488175","6a487fc6f41576d1de5db128","published","0","141gr02","https://nikelectric.eu/product/141gr02"
"141ZN03","1247821018","6a487fb3f41576d1de5daf18","published","0","141zn03","https://nikelectric.eu/product/141zn03"
"141ZN05","Врътка AEG","6a487f9ef41576d1de5dacd2","published","1","141zn05","https://nikelectric.eu/product/141zn05"
"143AR03OR","Филтър сушилня INDESIT ARISTON","6a4880e9f41576d1de5dd0d8","published","5","143ar03or","https://nikelectric.eu/product/143ar03or"
"143CY02","филтър 92691856","6a487f5ef41576d1de5da5e8","published","0","143cy02","https://nikelectric.eu/product/143cy02"
"143GR05","капачка - 587430","6a487fb3f41576d1de5daf06","published","8","143gr05","https://nikelectric.eu/product/143gr05"
"143GR06","587434+587430","6a487fa1f41576d1de5dad14","published","5","143gr06","https://nikelectric.eu/product/143gr06"
"143ID00","филтър за 163ID08","6a487fbef41576d1de5db056","published","0","143id00","https://nikelectric.eu/product/143id00"
"143ID13","филтър съдомиялна - C00510749","6a4880aaf41576d1de5dca0c","published","0","143id13","https://nikelectric.eu/product/143id13"
"143IG03","Филт.касета помпа Филипс","6a487f60f41576d1de5da618","published","2","143ig03","https://nikelectric.eu/product/143ig03"
"143IG20","Филтър сушилня - C00728084","6a4880fbf41576d1de5dd2ca","published","0","143ig20","https://nikelectric.eu/product/143ig20"
"143LG100","Филтър - 3160206","6a4880dcf41576d1de5dcf7c","published","0","143lg100","https://nikelectric.eu/product/143lg100"
"143LG101","Филтър помпа  - 3160622","6a4880eaf41576d1de5dd102","published","0","143lg101","https://nikelectric.eu/product/143lg101"
"143MA02","филтър съдомиялна пластмосов Мидея -673002500131","6a48804ff41576d1de5dc022","published","3","143ma02","https://nikelectric.eu/product/143ma02"
"143MA03","филтър съдомиялна  Мидея - 673005202002","6a48804ff41576d1de5dc028","published","4","143ma03","https://nikelectric.eu/product/143ma03"
"143MI05OR","Филтър за сушилня MIELE - 06244611","6a4880d7f41576d1de5dcee0","published","0","143mi05or","https://nikelectric.eu/product/143mi05or"
"143PE04","Филтър за Перла 04, Татрамат","6a487f5ff41576d1de5da5ee","published","3","143pe04","https://nikelectric.eu/product/143pe04"
"143TA00","Филтър-решетка /Тамат/","6a487f60f41576d1de5da612","published","5","143ta00","https://nikelectric.eu/product/143ta00"
"143VE","143VE","6a478239068fc300483f547a","published","3","143ve","https://nikelectric.eu/product/143ve"
"143ZN21","Филтърна касета - 1325015236","6a48806af41576d1de5dc328","published","0","143zn21","https://nikelectric.eu/product/143zn21"
"143ZN98","Филтър за мъх - сушилня ELECTROLUX - 8078593079","6a488067f41576d1de5dc2ce","published","0","143zn98","https://nikelectric.eu/product/143zn98"
"143ZN99","Филтър за AEG","6a488037f41576d1de5dbd82","published","5","143zn99","https://nikelectric.eu/product/143zn99"
"144AC05","BEKO SANG","69b441d3c23d34935c3b4f02","published","2","beko-sang-29","https://nikelectric.eu/product/beko-sang-29"
"144AC09","Люк 2453800100","6a4880abf41576d1de5dca18","published","0","144ac09","https://nikelectric.eu/product/144ac09"
"144AC10","Люк - 2453802400","6a4880b7f41576d1de5dcb80","published","0","144ac10","https://nikelectric.eu/product/144ac10"
"144AC17","Люк - 2498902100","6a4880e9f41576d1de5dd0e4","published","0","144ac17","https://nikelectric.eu/product/144ac17"
"144AC18","Люк - 2914600100","6a4880edf41576d1de5dd15c","published","0","144ac18","https://nikelectric.eu/product/144ac18"
"144AR01","Люк - C00292336","6a488054f41576d1de5dc0b2","published","0","144ar01","https://nikelectric.eu/product/144ar01"
"144AR02","Люк - C00517297 - 488000517297","6a488058f41576d1de5dc118","published","0","144ar02","https://nikelectric.eu/product/144ar02"
"144AR03","Люк - C00081890","6a487f9ff41576d1de5dacd8","published","0","144ar03","https://nikelectric.eu/product/144ar03"
"144AR04","C00115842","6a487f9ff41576d1de5dace4","published","0","144ar04","https://nikelectric.eu/product/144ar04"
"144AR05","Люк - C00287221, C00287794","6a488046f41576d1de5dbf32","published","0","144ar05","https://nikelectric.eu/product/144ar05"
"144AR06","Люк - С00516040","6a48805df41576d1de5dc1a8","published","0","144ar06","https://nikelectric.eu/product/144ar06"
"144AR07","Люк - C00508999","6a48806cf41576d1de5dc34c","published","0","144ar07","https://nikelectric.eu/product/144ar07"
"144AR10","Люк с кабел - C00290563","6a48806bf41576d1de5dc346","published","0","144ar10","https://nikelectric.eu/product/144ar10"
"144AR11","Люк - C00630462","6a4880b6f41576d1de5dcb62","published","0","144ar11","https://nikelectric.eu/product/144ar11"
"144CU01","Стъкло люк","6a48806af41576d1de5dc31c","published","0","144cu01","https://nikelectric.eu/product/144cu01"
"144ID03","Люк - C00075320","6a487fcff41576d1de5db22a","published","0","144id03","https://nikelectric.eu/product/144id03"
"144ID04","Люк - 481071423891","6a488035f41576d1de5dbd46","published","0","144id04","https://nikelectric.eu/product/144id04"
"144ID05","Люк - 488000512045 - C00512045","6a488036f41576d1de5dbd64","published","0","144id05","https://nikelectric.eu/product/144id05"
"144ID06","Люк - C00509616","6a488083f41576d1de5dc5bc","published","0","144id06","https://nikelectric.eu/product/144id06"
"144ID07","Люк - C00532758","6a488090f41576d1de5dc736","published","0","144id07","https://nikelectric.eu/product/144id07"
"144ID08","Люк - C00508965 - C00508249","6a4880b9f41576d1de5dcbb0","published","0","144id08","https://nikelectric.eu/product/144id08"
"144ID09","Люк - C00508965 - C00381112","6a4880d5f41576d1de5dceb0","published","0","144id09","https://nikelectric.eu/product/144id09"
"144IG03","Люк сушилня - 481010615851","6a488055f41576d1de5dc0d0","published","0","144ig03","https://nikelectric.eu/product/144ig03"
"144IG04","Люк  - 481010595182 - C00387014","6a48807ef41576d1de5dc54a","published","0","144ig04","https://nikelectric.eu/product/144ig04"
"144IG05","Люк - C00570757","6a4880bff41576d1de5dcc58","published","0","144ig05","https://nikelectric.eu/product/144ig05"
"144IG06","Люк - 481071037466","6a488103f41576d1de5dd3ae","published","0","144ig06","https://nikelectric.eu/product/144ig06"
"144VE00","люк Краун","6a487f9ff41576d1de5dacde","published","0","144ve00","https://nikelectric.eu/product/144ve00"
"144ZN01","Люк - 1929002200","6a48804ef41576d1de5dc004","published","0","144zn01","https://nikelectric.eu/product/144zn01"
"144ZN03","Люк - 140061935965","6a48806ef41576d1de5dc38e","published","0","144zn03","https://nikelectric.eu/product/144zn03"
"144ZN04","Люк - 140061935957","6a48806ff41576d1de5dc3a0","published","0","144zn04","https://nikelectric.eu/product/144zn04"
"144ZN05","Люк - 140061935965 - 140061935122","6a4880c5f41576d1de5dcd00","published","-1","144zn05","https://nikelectric.eu/product/144zn05"
"145BH01","ринг външен BOSCH - 00743501","6a488068f41576d1de5dc2e6","published","0","145bh01","https://nikelectric.eu/product/145bh01"
"145CY03","Люк 91670645","6a487fb7f41576d1de5daf78","published","0","145cy03","https://nikelectric.eu/product/145cy03"
"145CY09","Рамка за горно зареждане CANDY - 43007420, 43011007, 43013198","6a488101f41576d1de5dd378","published","5","145cy09","https://nikelectric.eu/product/145cy09"
"145GR04","рингове к-т - 479326","6a487fb8f41576d1de5dafa2","published","0","145gr04","https://nikelectric.eu/product/145gr04"
"145ID07","стъкло - C00021880","6a487f9ff41576d1de5dacea","published","0","145id07","https://nikelectric.eu/product/145id07"
"145IG16","външен ринг за люк - 481244010817","6a48803ff41576d1de5dbe72","published","0","145ig16","https://nikelectric.eu/product/145ig16"
"145IG17","вътрешен ринк за люк - 481071423911","6a488043f41576d1de5dbed2","published","0","145ig17","https://nikelectric.eu/product/145ig17"
"145IG18","външен ринк за люк - 481071423961","6a488043f41576d1de5dbed8","published","0","145ig18","https://nikelectric.eu/product/145ig18"
"145IG19","държач маншон - C00731583","6a4880b3f41576d1de5dcb08","published","0","145ig19","https://nikelectric.eu/product/145ig19"
"145PL01","POLAR","69b44125c23d34935c3b3a7b","published","0","polar-18","https://nikelectric.eu/product/polar-18"
"145VE06","Ринг вътрешен - 42023883","6a48802af41576d1de5dbc1a","published","4","145ve06","https://nikelectric.eu/product/145ve06"
"145ZN01","Ринг външен - 1324293651","6a488030f41576d1de5dbcc2","published","0","145zn01","https://nikelectric.eu/product/145zn01"
"145ZN04","ELECTROLUX ZANUSSI AEG","69b44304c23d34935c3b6f87","published","0","electrolux-zanussi-aeg-429","https://nikelectric.eu/product/electrolux-zanussi-aeg-429"
"145ZN25","Рамка външна - 140044492027","6a48807ef41576d1de5dc550","published","0","145zn25","https://nikelectric.eu/product/145zn25"
"145ZN50","Горен капак - 140036169070","6a48807ff41576d1de5dc562","published","0","145zn50","https://nikelectric.eu/product/145zn50"
"145ZN51","Заден капак - 140018028039 - 140043260037","6a48807ff41576d1de5dc568","published","0","145zn51","https://nikelectric.eu/product/145zn51"
"145ZN52","корпус горен - 4055440301","6a48808df41576d1de5dc6e8","published","0","145zn52","https://nikelectric.eu/product/145zn52"
"146AK15","ключ 522005102 - NA","6a487fb4f41576d1de5daf2a","published","2","146ak15","https://nikelectric.eu/product/146ak15"
"146AR09","ключ","6a487f85f41576d1de5daa14","published","2","146ar09","https://nikelectric.eu/product/146ar09"
"146AR10","ключ  C00041184","6a487fb8f41576d1de5dafa8","published","0","146ar10","https://nikelectric.eu/product/146ar10"
"146BH01","Ключ съдомиялна BOSCH - 00065522","6a4880d1f41576d1de5dce38","published","0","146bh01","https://nikelectric.eu/product/146bh01"
"146BH04","Клавишен блок Бош / Сименс - 4 бутона","6a487f71f41576d1de5da7da","published","4","146bh04","https://nikelectric.eu/product/146bh04"
"146BH10","затв. мех. съдомиялна BOSCH - 1-DPS/255  A070203","6a488011f41576d1de5db956","published","1","146bh10","https://nikelectric.eu/product/146bh10"
"146CY04","клавишен блок CANDY - 3 бутона","6a487f8df41576d1de5daaec","published","2","146cy04","https://nikelectric.eu/product/146cy04"
"146FA100","Ключ съдомиялна 840608 -","6a4880e6f41576d1de5dd09c","published","0","146fa100","https://nikelectric.eu/product/146fa100"
"146GR02","Клавиш.блок Горение - двоен","6a487f71f41576d1de5da7ce","published","9","146gr02","https://nikelectric.eu/product/146gr02"
"146IG07","ключ Whirlpool - 481941028998 - пинове","6a487f8cf41576d1de5daace","published","2","146ig07","https://nikelectric.eu/product/146ig07"
"146lLG06","Бутон еднополюсов - NA - 16A","6a4880a9f41576d1de5dc9f4","published","17","146llg06","https://nikelectric.eu/product/146llg06"
"147AC02","Ключ Беко - 2808530300","6a487f8cf41576d1de5daad4","published","19","147ac02","https://nikelectric.eu/product/147ac02"
"147AK01","Микроключ - блокировка врата","6a487f72f41576d1de5da7ec","published","0","147ak01","https://nikelectric.eu/product/147ak01"
"147SM00","Селектор SMEG - 818600030","6a48802af41576d1de5dbc14","published","2","147sm00","https://nikelectric.eu/product/147sm00"
"147SM01","микроключ за вратата съдомиялна 16A - 814490201","6a48802bf41576d1de5dbc2c","published","5","147sm01","https://nikelectric.eu/product/147sm01"
"147ZN01","микроключ съдомиялна 1125495000","6a48802ff41576d1de5dbcb0","published","3","147zn01","https://nikelectric.eu/product/147zn01"
"148AE03","биметална ключалка ЕТА с платка","6a487fb1f41576d1de5daedc","published","0","148ae03","https://nikelectric.eu/product/148ae03"
"148AK03","блокиращ ключ - 530000401","6a487fc5f41576d1de5db10a","published","0","148ak03","https://nikelectric.eu/product/148ak03"
"148AK04","ключалка съдомиялна - 322102200","6a487fb5f41576d1de5daf42","published","2","148ak04","https://nikelectric.eu/product/148ak04"
"148BH05O","148BH050 - Биметална ключалка BOSCH - 613070","6a48802cf41576d1de5dbc50","published","0","148bh05o","https://nikelectric.eu/product/148bh05o"
"148HA03","стойка затв. механизъм съдомиялна","6a488023f41576d1de5dbb66","published","6","148ha03","https://nikelectric.eu/product/148ha03"
"148IG15","биметална ключалка 461973083713","6a487fe6f41576d1de5db4a6","published","0","148ig15","https://nikelectric.eu/product/148ig15"
"148MA10","затварящ мех. съдомиялна- 673001800541","6a488050f41576d1de5dc046","published","0","148ma10","https://nikelectric.eu/product/148ma10"
"148PH08","биметална ключалка","6a487f6ff41576d1de5da798","published","1","148ph08","https://nikelectric.eu/product/148ph08"
"148SK00","биметална ключалка Skyworth","6a487f6ff41576d1de5da7b0","published","8","148sk00","https://nikelectric.eu/product/148sk00"
"148SU14","DC34-00028B","6a4880acf41576d1de5dca42","published","1","148su14","https://nikelectric.eu/product/148su14"
"148SU18","DC81-01477A","6a4880d1f41576d1de5dce4a","published","0","148su18","https://nikelectric.eu/product/148su18"
"148ZN00","биметална ключалка  445 D1","6a487f70f41576d1de5da7c2","published","0","148zn00","https://nikelectric.eu/product/148zn00"
"148ZN06","биметална ключалка  BMZ Type 855","6a487fe5f41576d1de5db4a0","published","1","148zn06","https://nikelectric.eu/product/148zn06"
"148ZN14","биметална ключалка","6a487f6ff41576d1de5da79e","published","0","148zn14","https://nikelectric.eu/product/148zn14"
"148ZN30OR","биметална ключалка - 8084553067","6a488077f41576d1de5dc490","published","0","148zn30or","https://nikelectric.eu/product/148zn30or"
"148ZN38","ключалка съдомиялна","6a488041f41576d1de5dbe96","published","0","148zn38","https://nikelectric.eu/product/148zn38"
"148ZN39OR","Биметална ключалка","6a488043f41576d1de5dbee4","published","2","148zn39or","https://nikelectric.eu/product/148zn39or"
"148ZW12","затварящ мех. съдомиялна","6a487fe6f41576d1de5db4ac","published","1","148zw12","https://nikelectric.eu/product/148zw12"
"148bh03","биметална ключалка - BOCSH,SMEG,AR - 00627556","6a4880eef41576d1de5dd16e","published","3","148bh03","https://nikelectric.eu/product/148bh03"
"149AR05","термостат 038574","6a487fa0f41576d1de5dacf0","published","1","149ar05","https://nikelectric.eu/product/149ar05"
"149LG02","ТРМ  - 85 C - EGO - 30024518 с паричка","6a4880c1f41576d1de5dcc88","published","2","149lg02","https://nikelectric.eu/product/149lg02"
"149ZN03","термостат 645115430","6a487fb6f41576d1de5daf66","published","0","149zn03","https://nikelectric.eu/product/149zn03"
"149ZN05","термостат 645056180","6a487fb6f41576d1de5daf6c","published","1","149zn05","https://nikelectric.eu/product/149zn05"
"150AC00OR","NTC  38 kO за съдомиялна","6a487fc2f41576d1de5db0b0","published","6","150ac00or","https://nikelectric.eu/product/150ac00or"
"150AC01OR","ТОС керам. NA 80С фурна","6a487f5ef41576d1de5da5d6","published","10","150ac01or","https://nikelectric.eu/product/150ac01or"
"150AC09","Капачка  за 150AC07 - 1749580100","6a488087f41576d1de5dc62e","published","0","150ac09","https://nikelectric.eu/product/150ac09"
"150AC11","BEKO SANG BLOMBERG","69b445f7c23d34935c3bc19c","published","29","beko-sang-blomberg-337","https://nikelectric.eu/product/beko-sang-blomberg-337"
"150AC41","Темпер.сензор PT500 - 263410022","6a48800ef41576d1de5db91a","published","0","150ac41","https://nikelectric.eu/product/150ac41"
"150BH02","PTC Фурна  - BOSCH 0042342","6a48809df41576d1de5dc898","published","0","150bh02","https://nikelectric.eu/product/150bh02"
"150BH03","Темпер.сензор съдомиялна","6a4880fbf41576d1de5dd2d0","published","0","150bh03","https://nikelectric.eu/product/150bh03"
"150CY03","ТОС  NC84 / NC88 - миялна","6a487f5df41576d1de5da5b8","published","1","150cy03","https://nikelectric.eu/product/150cy03"
"150FR01","Термостат COPELAND","6a487f75f41576d1de5da852","published","0","150fr01","https://nikelectric.eu/product/150fr01"
"150GR04","защита сушилня 120/80STC - 124128","6a487f5df41576d1de5da5ca","published","0","150gr04","https://nikelectric.eu/product/150gr04"
"150ID50","140ID50 - C00298333 INDESIT","6a4880bdf41576d1de5dcc0a","published","0","150id50","https://nikelectric.eu/product/150id50"
"150IG04","ТОС NC 55","6a487f5cf41576d1de5da5ac","published","0","150ig04","https://nikelectric.eu/product/150ig04"
"150LG56","Термостат NC 27 - NC 50","6a487fb9f41576d1de5dafc6","published","4","150lg56","https://nikelectric.eu/product/150lg56"
"150LG66","NC 65/NC 95 - защитен","6a48801ef41576d1de5dbac4","published","1","150lg66","https://nikelectric.eu/product/150lg66"
"150MA01","NTC 4.8 kOm","6a487fd9f41576d1de5db338","published","0","150ma01","https://nikelectric.eu/product/150ma01"
"150MA05","Термостат миялна KSD201 - 78 С - Мидея Нео","6a48800af41576d1de5db8ae","published","0","150ma05","https://nikelectric.eu/product/150ma05"
"150ZN12","Температурен сензор PT500 - 3879614018 - 3879614000","6a4880e3f41576d1de5dd036","published","0","150zn12","https://nikelectric.eu/product/150zn12"
"151AC01","пресостат електронен - 2833830200","6a487ff4f41576d1de5db63e","published","2","151ac01","https://nikelectric.eu/product/151ac01"
"151AC08","Eлектронен датчик за наличие на вода - 2863800100","6a48802ef41576d1de5dbc86","published","0","151ac08","https://nikelectric.eu/product/151ac08"
"151CY01","пресостат с бял бутон","6a487fd7f41576d1de5db314","published","0","151cy01","https://nikelectric.eu/product/151cy01"
"151CY02OR","Пресостат за съдомиялна CANDY","6a4880dcf41576d1de5dcf76","published","10","151cy02or","https://nikelectric.eu/product/151cy02or"
"151CY08","ниворегулатор  59/40 - 41030820","6a488051f41576d1de5dc06a","published","1","151cy08","https://nikelectric.eu/product/151cy08"
"151LG00","ВЯТКА","69b43e91c23d34935c3aeb67","published","3","d0b2d18fd182d0bad0b0","https://nikelectric.eu/product/d0b2d18fd182d0bad0b0"
"151LG03","80/60","69b446c5c23d34935c3bd89a","published","37","80-60-2","https://nikelectric.eu/product/80-60-2"
"151LG08","проф.миялна - 1503265017","6a488052f41576d1de5dc070","published","2","151lg08","https://nikelectric.eu/product/151lg08"
"151LG09","105/50 - 816210276","6a488052f41576d1de5dc076","published","1","151lg09","https://nikelectric.eu/product/151lg09"
"151LG101","Маркуч за пресостат 1.4 м","6a48801ff41576d1de5dbadc","published","0","151lg101","https://nikelectric.eu/product/151lg101"
"151LG17","135/115","6a47318cf8704b009674d54e","hidden","0","135-115","https://nikelectric.eu/product/135-115"
"151LG20","UNIVERSAL","69b4433fc23d34935c3b7653","published","1","universal-159","https://nikelectric.eu/product/universal-159"
"151LG27","230/110","69b44419c23d34935c3b8e8d","published","3","230-110","https://nikelectric.eu/product/230-110"
"151LG28","94/69","69b44419c23d34935c3b8e96","published","1","94-69","https://nikelectric.eu/product/94-69"
"151LG29","ниворегулатор 149/94 - 105069","6a488089f41576d1de5dc676","published","1","151lg29","https://nikelectric.eu/product/151lg29"
"151MI04","Пресостат МIELE - 10771414 - MHDV GH 01","6a4880f3f41576d1de5dd1f8","published","1","151mi04","https://nikelectric.eu/product/151mi04"
"151ZN05","Пресостат - 73/55 - 1528189804","6a4880a0f41576d1de5dc8f2","published","0","151zn05","https://nikelectric.eu/product/151zn05"
"152AK01","ниворегулатор 115/75  168/110 270  - 520002904","6a487ff3f41576d1de5db614","published","0","152ak01","https://nikelectric.eu/product/152ak01"
"152BY00","пресостат Бош 2 тръби","6a487f73f41576d1de5da816","published","1","152by00","https://nikelectric.eu/product/152by00"
"152CY10","ниворегулатор  2 x 155/110 - Канди","6a487f72f41576d1de5da7f8","published","0","152cy10","https://nikelectric.eu/product/152cy10"
"152ID00","ниворегулатор  190/135  155/110","6a487f72f41576d1de5da7fe","published","0","152id00","https://nikelectric.eu/product/152id00"
"152LG12","78/30  197/75 - 816210263","6a488052f41576d1de5dc07c","published","1","152lg12","https://nikelectric.eu/product/152lg12"
"152LG13","78/30 89/19 - 816210261","6a488052f41576d1de5dc082","published","1","152lg13","https://nikelectric.eu/product/152lg13"
"152ZN04OR","електронен 3792216032 - 3792216040 - Metalflex- ITW","6a4880e6f41576d1de5dd084","published","0","152zn04or","https://nikelectric.eu/product/152zn04or"
"152ZN06","ниворегулатор  електронен - 1325162137 - 1320903113","6a4880d2f41576d1de5dce56","published","0","152zn06","https://nikelectric.eu/product/152zn06"
"153IG00","кл. един. верт. защипване","6a487fa0f41576d1de5dacf6","published","0","153ig00","https://nikelectric.eu/product/153ig00"
"153IG02","кл. един. хоризонтален","6a488022f41576d1de5dbb48","published","1","153ig02","https://nikelectric.eu/product/153ig02"
"153LG09","редукция","6a488033f41576d1de5dbd22","published","5","153lg09","https://nikelectric.eu/product/153lg09"
"153MI01","клапан един. верт. с куплунг 4729811","6a487fd5f41576d1de5db2de","published","3","153mi01","https://nikelectric.eu/product/153mi01"
"154BH09","клапан двоен хор. - 00086311, 00265772","6a4880bef41576d1de5dcc34","published","0","154bh09","https://nikelectric.eu/product/154bh09"
"154CY05","49014304","6a487fd4f41576d1de5db2ae","published","1","154cy05","https://nikelectric.eu/product/154cy05"
"154ZN00","клапан дв. хориз. букси RAST 2,5 - 8074876221","6a488065f41576d1de5dc29e","published","0","154zn00","https://nikelectric.eu/product/154zn00"
"154ZN10","клапан дв. хориз. букси RAST 2,5 - 8074876312","6a48806ff41576d1de5dc39a","published","0","154zn10","https://nikelectric.eu/product/154zn10"
"154ZN40","клапан - 1325186508","6a488078f41576d1de5dc4a2","published","0","154zn40","https://nikelectric.eu/product/154zn40"
"156AR01","Касета за прах - C00269326","6a4880a1f41576d1de5dc904","published","0","156ar01","https://nikelectric.eu/product/156ar01"
"156AR02","Касета за прах - C00728281","6a4880cef41576d1de5dcde4","published","0","156ar02","https://nikelectric.eu/product/156ar02"
"156AR10","касета за прах пералня INDESIT - C00281253","6a4880bcf41576d1de5dcc04","published","0","156ar10","https://nikelectric.eu/product/156ar10"
"156AR11","156AR11 -","6a4880ecf41576d1de5dd138","published","0","156ar11","https://nikelectric.eu/product/156ar11"
"156BH100","Капак съдомиялна BOSCH - 00684304","6a4880a0f41576d1de5dc8e6","published","0","156bh100","https://nikelectric.eu/product/156bh100"
"156HA00","касета за прах HAIER - 4H7670134","6a487fcdf41576d1de5db1fa","published","0","156ha00","https://nikelectric.eu/product/156ha00"
"156ID02","Капак за омекотител - C00283624","6a4880fff41576d1de5dd348","published","0","156id02","https://nikelectric.eu/product/156id02"
"156IG20","касета за прах пералня Whirlpool - 481074669751","6a488097f41576d1de5dc802","published","0","156ig20","https://nikelectric.eu/product/156ig20"
"156IG21","капак касета за прах пералня Whirlpool - 481010487637","6a488098f41576d1de5dc808","published","0","156ig21","https://nikelectric.eu/product/156ig21"
"156IG22","касета за прах пералня Whirlpool - 481010921768 - 481010580618","6a4880a6f41576d1de5dc994","published","0","156ig22","https://nikelectric.eu/product/156ig22"
"156ZN04","капак за  касета прах пералня ELECTROLUX - 1326408117","6a488067f41576d1de5dc2c2","published","0","156zn04","https://nikelectric.eu/product/156zn04"
"156ZN05","касета за прах пералня ELECTROLUX  - 4055398699","6a488067f41576d1de5dc2c8","published","0","156zn05","https://nikelectric.eu/product/156zn05"
"156ZN20","капак касета за прах съдомиялна - 4006078028","6a48808ff41576d1de5dc71e","published","0","156zn20","https://nikelectric.eu/product/156zn20"
"159AC01","нагревател 1900W -  2703371300","6a487f56f41576d1de5da510","published","0","159ac01","https://nikelectric.eu/product/159ac01"
"159AE02","ТЕН 1320W - NTC+защита - 53188952849","6a488047f41576d1de5dbf44","published","2","159ae02","https://nikelectric.eu/product/159ae02"
"159AK06","ARDO","69b44344c23d34935c3b76ec","published","1","ardo-6","https://nikelectric.eu/product/ardo-6"
"159AR04","нагревател 1700W - C00055306","6a48808af41576d1de5dc682","published","1","159ar04","https://nikelectric.eu/product/159ar04"
"159AR05","нагревател 1750W - сотвор - IRCA","6a48808af41576d1de5dc688","published","0","159ar05","https://nikelectric.eu/product/159ar05"
"159AR06","нагревател 2000W","6a48808af41576d1de5dc68e","published","0","159ar06","https://nikelectric.eu/product/159ar06"
"159AR13","нагревател 1900W","6a4880e9f41576d1de5dd0de","published","20","159ar13","https://nikelectric.eu/product/159ar13"
"159AR21OR","Нагревател сушилня 1200W","6a4880c7f41576d1de5dcd24","published","10","159ar21or","https://nikelectric.eu/product/159ar21or"
"159AR22OR","Нагревател сушилня 1500 W","6a4880aff41576d1de5dca9c","published","3","159ar22or","https://nikelectric.eu/product/159ar22or"
"159BH01","нагревател 2500 W - 00075794","6a4880e8f41576d1de5dd0c0","published","0","159bh01","https://nikelectric.eu/product/159bh01"
"159CY22","1640W L 182mm - 22 41032112","6a4880bcf41576d1de5dcbf8","published","3","159cy22","https://nikelectric.eu/product/159cy22"
"159GR04","нагревател  сушилня -1400/700 - 124007","6a487fadf41576d1de5dae6a","published","0","159gr04","https://nikelectric.eu/product/159gr04"
"159GR09","нагревател GORENJE 2000W - 246168","6a4880fcf41576d1de5dd2e8","published","0","159gr09","https://nikelectric.eu/product/159gr09"
"159GR10","Н-л сушилня тръбен 2100W -","6a4880f6f41576d1de5dd258","published","0","159gr10","https://nikelectric.eu/product/159gr10"
"159HS00","нагр.HISSENS - 1900W - 46197042387 - 2защити","6a4880aaf41576d1de5dc9fa","published","2","159hs00","https://nikelectric.eu/product/159hs00"
"159ID14","нагревател сушилня 2400W + 4TRM- C00620174","6a4880d5f41576d1de5dceaa","published","0","159id14","https://nikelectric.eu/product/159id14"
"159IG02","нагревател 1900W с отвор - 481925928008","6a487f57f41576d1de5da522","published","0","159ig02","https://nikelectric.eu/product/159ig02"
"159IG04","нагревател 1900W","6a487f56f41576d1de5da504","published","1","159ig04","https://nikelectric.eu/product/159ig04"
"159IG05","нагревател 481925928459","6a487fbdf41576d1de5db032","published","0","159ig05","https://nikelectric.eu/product/159ig05"
"159IG07","нагревател 1900W","6a487f56f41576d1de5da50a","published","0","159ig07","https://nikelectric.eu/product/159ig07"
"159IG10","нагревател 1900W - Whirlpool","6a487fd9f41576d1de5db350","published","0","159ig10","https://nikelectric.eu/product/159ig10"
"159IG31","нагревател  3000W  - 270mm","6a487fdaf41576d1de5db356","published","2","159ig31","https://nikelectric.eu/product/159ig31"
"159IG32","нагревател  2700W - 270mm","6a487fdaf41576d1de5db35c","published","0","159ig32","https://nikelectric.eu/product/159ig32"
"159IG33","нагревател   3000W с NTC - 270мм - 481225928247","6a487fdaf41576d1de5db362","published","2","159ig33","https://nikelectric.eu/product/159ig33"
"159IG34","нагревател сушилня 1900W - 481231018585","6a487ff7f41576d1de5db680","published","0","159ig34","https://nikelectric.eu/product/159ig34"
"159LG100","TEH 600W","6a4880eaf41576d1de5dd0f6","published","0","159lg100","https://nikelectric.eu/product/159lg100"
"159MA00","нагревател 1900W - 175мм с отвор","6a487fdff41576d1de5db3f2","published","0","159ma00","https://nikelectric.eu/product/159ma00"
"159MI00","нагревател Миеле 3000W","6a487f56f41576d1de5da4fe","published","0","159mi00","https://nikelectric.eu/product/159mi00"
"159R100","159FR100 - нагревател за ледогенератор - 481925998215","6a4880c3f41576d1de5dccb2","published","0","159r100","https://nikelectric.eu/product/159r100"
"159RS03","ТЕН Роса 2000 W - мед","6a487f57f41576d1de5da516","published","0","159rs03","https://nikelectric.eu/product/159rs03"
"159SM01","Н-л сушилня 870+870W - 806890272","6a48802af41576d1de5dbc26","published","1","159sm01","https://nikelectric.eu/product/159sm01"
"159ZN03","нагревател сушилня 1400+600W - 125753201","6a487fe6f41576d1de5db4b2","published","0","159zn03","https://nikelectric.eu/product/159zn03"
"159ZN05","нагревател 1950W - L 240mm - 50253374008","6a487fc8f41576d1de5db164","published","0","159zn05","https://nikelectric.eu/product/159zn05"
"159ZN26","нагревател сушилня 800+800W - 1328213002 - 1328190002","6a4880caf41576d1de5dcd78","published","0","159zn26","https://nikelectric.eu/product/159zn26"
"161AR09OR","корпус  помпа съдомиялна с нагревател - C00256526","6a4880def41576d1de5dcfa6","published","3","161ar09or","https://nikelectric.eu/product/161ar09or"
"161AR14","161AR14  - корпус  с нагревател  за помпа - C00634181 - 488000634181","69fa02b7b6016830e5a48c94","published","0","161ar14-------------c00634181---488000634181","https://nikelectric.eu/product/161ar14-------------c00634181---488000634181"
"161CW01","нагревател съдомиялна - 1200W - 674001100064","6a488006f41576d1de5db830","published","0","161cw01","https://nikelectric.eu/product/161cw01"
"161CY03","Н-л сушилня 750 W","6a488032f41576d1de5dbd04","published","3","161cy03","https://nikelectric.eu/product/161cy03"
"161LG02","ТЕН миялна проф. 1800W - L 504mm.","6a488044f41576d1de5dbef6","published","0","161lg02","https://nikelectric.eu/product/161lg02"
"161LG100","TEH  3400/3700W","6a4880c0f41576d1de5dcc5e","published","0","161lg100","https://nikelectric.eu/product/161lg100"
"161MI02","2700W","6a487fd5f41576d1de5db2d8","published","0","161mi02","https://nikelectric.eu/product/161mi02"
"161SM02","нагревател миялна 2100W - 806890271","6a488026f41576d1de5dbbae","published","3","161sm02","https://nikelectric.eu/product/161sm02"
"161ZN10OR","Корпус с нагревател 1800W  за помпа на съдомиялна ELECTROLUX","6a4880d4f41576d1de5dce98","published","1","161zn10or","https://nikelectric.eu/product/161zn10or"
"161lLG01","нагревател съдомиялна1300W 115V","6a487f57f41576d1de5da51c","published","1","161llg01","https://nikelectric.eu/product/161llg01"
"162AC00","Модул ВЕКО - MOD 2600 за 650 - 800 rpm","6a488001f41576d1de5db7a0","published","1","162ac00","https://nikelectric.eu/product/162ac00"
"162AC06OR","Четкодържатели к-т - 5х12,5х32 - 371201201 - 371201205 - 481281719408","6a488045f41576d1de5dbf1a","published","0","162ac06or","https://nikelectric.eu/product/162ac06or"
"162AC10","модул съдомиялна - 1899450560","6a487fbcf41576d1de5db020","published","0","162ac10","https://nikelectric.eu/product/162ac10"
"162AC16","мотор асинхронен пистова шайба 2806710200","6a487ff4f41576d1de5db632","published","0","162ac16","https://nikelectric.eu/product/162ac16"
"162AC17","Модул BEKO  -  2812240100","6a48801ef41576d1de5dbad6","published","5","162ac17","https://nikelectric.eu/product/162ac17"
"162AC29","Модул BEKO  - 2396302800","6a488042f41576d1de5dbeae","published","0","162ac29","https://nikelectric.eu/product/162ac29"
"162AC30","BEKO","69b442f2c23d34935c3b6d8a","published","1","beko-2","https://nikelectric.eu/product/beko-2"
"162AC31","модул съдомиялна - 1510153180","6a488044f41576d1de5dbeea","published","0","162ac31","https://nikelectric.eu/product/162ac31"
"162AC32","Модул съдомиялна - 1899420705","6a488045f41576d1de5dbf02","published","0","162ac32","https://nikelectric.eu/product/162ac32"
"162AC33","модул за хладилник - 4335650185","6a488049f41576d1de5dbf74","published","0","162ac33","https://nikelectric.eu/product/162ac33"
"162AC34","модул съдомиялна - 1899610260","6a488050f41576d1de5dc040","published","1","162ac34","https://nikelectric.eu/product/162ac34"
"162AC45","модул съдомиялна - 1510153001","6a488095f41576d1de5dc7b4","published","0","162ac45","https://nikelectric.eu/product/162ac45"
"162AC49","модул съдомиялна - 1754441402","6a4880aaf41576d1de5dca12","published","0","162ac49","https://nikelectric.eu/product/162ac49"
"162AC50","Модул - 1739150210","6a4880aef41576d1de5dca84","published","0","162ac50","https://nikelectric.eu/product/162ac50"
"162AC51","Модул - 2446407000","6a4880aff41576d1de5dca8a","published","0","162ac51","https://nikelectric.eu/product/162ac51"
"162AC52","Инвертор БЕКО - 2443301000","6a4880b4f41576d1de5dcb26","published","0","162ac52","https://nikelectric.eu/product/162ac52"
"162AC58","Модул - 1519804040","6a4880e1f41576d1de5dcffa","published","0","162ac58","https://nikelectric.eu/product/162ac58"
"162AC60","модул хладилник - 5950987100","6a48808bf41576d1de5dc69a","published","0","162ac60","https://nikelectric.eu/product/162ac60"
"162AC61","Модул - 4896850600","6a48809af41576d1de5dc84a","published","0","162ac61","https://nikelectric.eu/product/162ac61"
"162AC62","DISPLAY CARD C7S - 2487801260","6a4880d8f41576d1de5dcef8","published","0","162ac62","https://nikelectric.eu/product/162ac62"
"162AC63","Модул BEKO  - 2969840302","6a4880e3f41576d1de5dd03c","published","0","162ac63","https://nikelectric.eu/product/162ac63"
"162AC66","Модул сушилня - 2966871101","6a4880e7f41576d1de5dd0ae","published","0","162ac66","https://nikelectric.eu/product/162ac66"
"162AC67","DISPLAY CARD  - сушилня - 2993703101","6a4880e7f41576d1de5dd0b4","published","0","162ac67","https://nikelectric.eu/product/162ac67"
"162AC68","Модул пералня - 2432301050","6a4880ebf41576d1de5dd114","published","0","162ac68","https://nikelectric.eu/product/162ac68"
"162AC74","Модул съдомиялна - 1510153181","6a488101f41576d1de5dd372","published","0","162ac74","https://nikelectric.eu/product/162ac74"
"162AE07","Четкодържатели к-т -къси- Type R - 6.3×12.5x35mm","6a488007f41576d1de5db84e","published","3","162ae07","https://nikelectric.eu/product/162ae07"
"162AK04","модул  546001402","6a487f6ff41576d1de5da7aa","published","3","162ak04","https://nikelectric.eu/product/162ak04"
"162AK11","модул 7.8","6a487f6ff41576d1de5da7a4","published","1","162ak11","https://nikelectric.eu/product/162ak11"
"162AK22","546021201 - DMPU H8 - 800 rpm","6a487f71f41576d1de5da7d4","published","1","162ak22","https://nikelectric.eu/product/162ak22"
"162AK50","помпа съдомиялна","6a487fcef41576d1de5db206","published","1","162ak50","https://nikelectric.eu/product/162ak50"
"162AR06","помпа миялна","6a487f5ff41576d1de5da5fa","published","1","162ar06","https://nikelectric.eu/product/162ar06"
"162AR07","помпа миялна - 025666, 695210160","6a488024f41576d1de5dbb7e","published","1","162ar07","https://nikelectric.eu/product/162ar07"
"162AR08","мотор пералня","6a487f71f41576d1de5da7e6","published","1","162ar08","https://nikelectric.eu/product/162ar08"
"162AR10","модул AI1247TX Margherita - аналог Micron","6a488001f41576d1de5db7a6","published","1","162ar10","https://nikelectric.eu/product/162ar10"
"162AR100","Разпределител миялна - 481010457476 - 481010745147","6a4880e5f41576d1de5dd06c","published","0","162ar100","https://nikelectric.eu/product/162ar100"
"162AR200","Модул хладилник - C00292772","6a4880f9f41576d1de5dd2ac","published","0","162ar200","https://nikelectric.eu/product/162ar200"
"162AR27","модул съдомиялна - C00505636","6a488090f41576d1de5dc724","published","0","162ar27","https://nikelectric.eu/product/162ar27"
"162AR28","модул съдомиялна  - C00259737","6a488058f41576d1de5dc124","published","0","162ar28","https://nikelectric.eu/product/162ar28"
"162AR30","Дисплей сушилня - C00290960","6a4880aef41576d1de5dca72","published","0","162ar30","https://nikelectric.eu/product/162ar30"
"162AR300","KIT PIN ASSEMBLY - C00308630","6a488093f41576d1de5dc78a","published","0","162ar300","https://nikelectric.eu/product/162ar300"
"162AR35","модул съдомиялна - C00265676","6a488042f41576d1de5dbec6","published","0","162ar35","https://nikelectric.eu/product/162ar35"
"162AR36","модул - C00143372","6a487fbcf41576d1de5db008","published","0","162ar36","https://nikelectric.eu/product/162ar36"
"162AR37","модул - C00345349","6a488034f41576d1de5dbd28","published","0","162ar37","https://nikelectric.eu/product/162ar37"
"162AR39","помпа съдомиялна Аристон - C00056014","6a487fecf41576d1de5db55a","published","0","162ar39","https://nikelectric.eu/product/162ar39"
"162AR40","модул Индезит","6a487fa4f41576d1de5dad68","published","1","162ar40","https://nikelectric.eu/product/162ar40"
"162AR41","Модул Whirlpool - 481010621594","6a488060f41576d1de5dc208","published","0","162ar41","https://nikelectric.eu/product/162ar41"
"162AR42","Модул INDESIT - C00303317 - C00296369","6a488094f41576d1de5dc79c","published","0","162ar42","https://nikelectric.eu/product/162ar42"
"162AR44","помпа съдомиялна Аристон C00058140","6a487fcbf41576d1de5db1b8","published","0","162ar44","https://nikelectric.eu/product/162ar44"
"162AR47","модул съдомиялна - C00526506 - C00629611","6a4880b4f41576d1de5dcb1a","published","0","162ar47","https://nikelectric.eu/product/162ar47"
"162AR48","Модул пералня - C00254297","6a4880e8f41576d1de5dd0d2","published","0","162ar48","https://nikelectric.eu/product/162ar48"
"162AR52","C00143103 - Хладилник","6a487fb2f41576d1de5daeee","published","0","162ar52","https://nikelectric.eu/product/162ar52"
"162AR53","помпа съдомиялна Аристон - C00076627","6a487f61f41576d1de5da636","published","0","162ar53","https://nikelectric.eu/product/162ar53"
"162AR54","модул 254535","6a487fb5f41576d1de5daf4e","published","0","162ar54","https://nikelectric.eu/product/162ar54"
"162AR57","Модул сушилня - C00627260","6a48805bf41576d1de5dc16c","published","0","162ar57","https://nikelectric.eu/product/162ar57"
"162AR58","Модул сушилня - C00627499","6a488082f41576d1de5dc5a4","published","0","162ar58","https://nikelectric.eu/product/162ar58"
"162AR59","Модул ARISTON - C00381519","6a488087f41576d1de5dc634","published","0","162ar59","https://nikelectric.eu/product/162ar59"
"162AR61","Четкодържатели к-т - 5x13,5x32","6a488026f41576d1de5dbba2","published","0","162ar61","https://nikelectric.eu/product/162ar61"
"162AR64","Панел пералня - C00516068","6a48805bf41576d1de5dc178","published","0","162ar64","https://nikelectric.eu/product/162ar64"
"162AR67","бордов панел 3 ключа - C00283372","6a487fcff41576d1de5db224","published","0","162ar67","https://nikelectric.eu/product/162ar67"
"162AR69","помпа миялна Аристон 75W  - C00077140","6a487f79f41576d1de5da8b8","published","0","162ar69","https://nikelectric.eu/product/162ar69"
"162AR71","модул съдомиялна - C00629618 - C00738137","6a4880edf41576d1de5dd150","published","0","162ar71","https://nikelectric.eu/product/162ar71"
"162AR76","платка миялна","6a487f6ef41576d1de5da77a","published","0","162ar76","https://nikelectric.eu/product/162ar76"
"162AR77","платка POWER BOARD - C00285557","6a48804bf41576d1de5dbfbc","published","0","162ar77","https://nikelectric.eu/product/162ar77"
"162AR78","платка миялна - C00143212","6a48809ff41576d1de5dc8d4","published","0","162ar78","https://nikelectric.eu/product/162ar78"
"162AR85","Модул ARISTON - C00378701","6a488087f41576d1de5dc63a","published","0","162ar85","https://nikelectric.eu/product/162ar85"
"162AR86","Модул ARISTON - C00254535","6a488097f41576d1de5dc7ea","published","0","162ar86","https://nikelectric.eu/product/162ar86"
"162AR87","Модул пералня - C00552844 - 481011026466","6a4880b5f41576d1de5dcb38","published","0","162ar87","https://nikelectric.eu/product/162ar87"
"162AR88","Модул INDESIT - C00254298","6a4880baf41576d1de5dcbc2","published","0","162ar88","https://nikelectric.eu/product/162ar88"
"162AR92","модул хладилник - C00293531","6a48808cf41576d1de5dc6b8","published","0","162ar92","https://nikelectric.eu/product/162ar92"
"162AR93","Инвертор WHIRLPOOL - 481221479871","6a48808cf41576d1de5dc6be","published","0","162ar93","https://nikelectric.eu/product/162ar93"
"162AR94","Модул сушилня - C00303312 - C00292963 - ARCADIA","6a48808ef41576d1de5dc700","published","0","162ar94","https://nikelectric.eu/product/162ar94"
"162AR95","Модул - C00637638","6a4880bbf41576d1de5dcbda","published","0","162ar95","https://nikelectric.eu/product/162ar95"
"162AR96","Модул C00306159","6a4880def41576d1de5dcfb2","published","0","162ar96","https://nikelectric.eu/product/162ar96"
"162AR97","Дисплейна платка - C00385572 - C00542909","6a4880e4f41576d1de5dd04e","published","0","162ar97","https://nikelectric.eu/product/162ar97"
"162AR98","Дисплейна платка за съдомиялна - C00264378","6a488104f41576d1de5dd3d8","published","0","162ar98","https://nikelectric.eu/product/162ar98"
"162BH01","Граф. четки - 5x12,5x32","6a487fcef41576d1de5db218","published","75","162bh01","https://nikelectric.eu/product/162bh01"
"162BH23OR","Циркулационна помпа за съдомиялна BOSCH с нагревател","6a488017f41576d1de5dba04","published","4","162bh23or","https://nikelectric.eu/product/162bh23or"
"162BH25OR","Циркулационна помпа за съдомиялна BOSCH с нагревател","6a469318068fc300483edd50","published","6","----bosch--","https://nikelectric.eu/product/----bosch--"
"162BH26OR","Циркулационна помпа за съдомиялна BOSCH с нагревател","6a4880f5f41576d1de5dd23a","published","2","162bh26or","https://nikelectric.eu/product/162bh26or"
"162BH28OR","Циркулационна помпа за съдомиялна BOSCH с нагревател","6a48803ff41576d1de5dbe6c","published","4","162bh28or","https://nikelectric.eu/product/162bh28or"
"162BH29OR","Циркулационна помпа за съдомиялна BOSCH с нагревател","6a488097f41576d1de5dc7fc","published","2","162bh29or","https://nikelectric.eu/product/162bh29or"
"162BR00","помпа съдомиялна - RC23377","6a4880eef41576d1de5dd17a","published","0","162br00","https://nikelectric.eu/product/162br00"
"162CY100","Панел пералня CANDY - 43015693","6a4880b4f41576d1de5dcb20","published","0","162cy100","https://nikelectric.eu/product/162cy100"
"162CY19","Четкодържатели к-т - 5x12.5x30","6a487f7df41576d1de5da936","published","0","162cy19","https://nikelectric.eu/product/162cy19"
"162CY24","модул  миялна - 41014192","6a487f6df41576d1de5da76e","published","0","162cy24","https://nikelectric.eu/product/162cy24"
"162CY29","модул  миялна - 49008092","6a487f6df41576d1de5da768","published","0","162cy29","https://nikelectric.eu/product/162cy29"
"162EG00","помпа съдомиялна 6871EN1010P","6a487fbaf41576d1de5dafd8","published","0","162eg00","https://nikelectric.eu/product/162eg00"
"162FR100","Температурен сензор - 3390015","6a4880e8f41576d1de5dd0ba","published","0","162fr100","https://nikelectric.eu/product/162fr100"
"162FR13","термостат но фрост 4 кабела","6a487fd8f41576d1de5db326","published","4","162fr13","https://nikelectric.eu/product/162fr13"
"162FR35","темп. сензор Whirlpool - 481221058078","6a48803ef41576d1de5dbe42","published","0","162fr35","https://nikelectric.eu/product/162fr35"
"162FR66","термо фус Whirlpool - 481010518265","6a4880a8f41576d1de5dc9ca","published","0","162fr66","https://nikelectric.eu/product/162fr66"
"162FR80","Температурен сензор - C00314452 - 481231019153","6a4880e6f41576d1de5dd08a","published","0","162fr80","https://nikelectric.eu/product/162fr80"
"162FR85","Температурен сензор за хладилник GORENJE","6a488103f41576d1de5dd3c0","published","1","162fr85","https://nikelectric.eu/product/162fr85"
"162GR05","Четкодържатели к-т 6x10x25","6a487f7df41576d1de5da924","published","4","162gr05","https://nikelectric.eu/product/162gr05"
"162HI01","мотор Welling - UML3906.01","6a4880d2f41576d1de5dce5c","published","2","162hi01","https://nikelectric.eu/product/162hi01"
"162ID01","Мотор C00077437","6a487f6ef41576d1de5da780","published","5","162id01","https://nikelectric.eu/product/162id01"
"162ID02","Мотор C00068947","6a487f6ef41576d1de5da786","published","9","162id02","https://nikelectric.eu/product/162id02"
"162ID03","Мотор C00043809","6a487f6ef41576d1de5da78c","published","20","162id03","https://nikelectric.eu/product/162id03"
"162ID04","Мотор C00042817","6a487f6ef41576d1de5da792","published","4","162id04","https://nikelectric.eu/product/162id04"
"162ID07","C00143067 - Горна за WIA","6a487fc0f41576d1de5db080","published","0","162id07","https://nikelectric.eu/product/162id07"
"162ID08A","Четкодържатели к-т - 5 x13,5 x 36  - alternativ","6a48801df41576d1de5dbabe","published","10","162id08a","https://nikelectric.eu/product/162id08a"
"162ID12","Модул съдомиялна- C00345296 - 482000022079","6a48803ef41576d1de5dbe4e","published","0","162id12","https://nikelectric.eu/product/162id12"
"162ID14","C00293259 - модул хладилник","6a488055f41576d1de5dc0ca","published","0","162id14","https://nikelectric.eu/product/162id14"
"162ID15","модул хладилник - C00258772","6a48806af41576d1de5dc316","published","0","162id15","https://nikelectric.eu/product/162id15"
"162ID16","Модул съдомиялна - C00143237","6a48809af41576d1de5dc856","published","0","162id16","https://nikelectric.eu/product/162id16"
"162ID17","модул хладилник - C00143102","6a4880aaf41576d1de5dca00","published","0","162id17","https://nikelectric.eu/product/162id17"
"162ID20","Модул C00502965","6a4880d0f41576d1de5dce2c","published","0","162id20","https://nikelectric.eu/product/162id20"
"162ID30","Панел съдомиялна - C00144070","6a488090f41576d1de5dc73c","published","0","162id30","https://nikelectric.eu/product/162id30"
"162ID50","Модул фурна - C00855473","6a4880ebf41576d1de5dd10e","published","0","162id50","https://nikelectric.eu/product/162id50"
"162ID51","Модул фурна - C00526089","6a4880f2f41576d1de5dd1d4","published","0","162id51","https://nikelectric.eu/product/162id51"
"162IG101","Модул хладилник - 481010742631","6a48802cf41576d1de5dbc5c","published","0","162ig101","https://nikelectric.eu/product/162ig101"
"162IG103","Модул хладилник - 481228238158 - 481223678535","6a488092f41576d1de5dc766","published","0","162ig103","https://nikelectric.eu/product/162ig103"
"162IG104","Модул хладилник - 481010490562","6a4880a5f41576d1de5dc982","published","0","162ig104","https://nikelectric.eu/product/162ig104"
"162IG105","Модул хладилник - 481010859893","6a4880b7f41576d1de5dcb68","published","0","162ig105","https://nikelectric.eu/product/162ig105"
"162IG106","Мотор за сушилня - 481010626010 - 480112101549","6a4880c9f41576d1de5dcd72","published","0","162ig106","https://nikelectric.eu/product/162ig106"
"162IG107","Мотор - 481010722856","6a4880e2f41576d1de5dd024","published","0","162ig107","https://nikelectric.eu/product/162ig107"
"162IG108","Мотор пералня - 480111100743 - 480111103622","6a4880e6f41576d1de5dd096","published","0","162ig108","https://nikelectric.eu/product/162ig108"
"162IG110","Панел съдомиялна - C00538645","6a4880c9f41576d1de5dcd60","published","0","162ig110","https://nikelectric.eu/product/162ig110"
"162IG111","Модул C00646937","6a4880ddf41576d1de5dcf8e","published","0","162ig111","https://nikelectric.eu/product/162ig111"
"162IG112","Модул  481010809057","6a4880ddf41576d1de5dcf94","published","0","162ig112","https://nikelectric.eu/product/162ig112"
"162IG120","Модул хладилник - 48101110911","6a4880e0f41576d1de5dcfee","published","0","162ig120","https://nikelectric.eu/product/162ig120"
"162IG52","Модул съдомиялна - 481221838522","6a488092f41576d1de5dc772","published","4","162ig52","https://nikelectric.eu/product/162ig52"
"162IG54","Таймер съдомиялна","6a488059f41576d1de5dc148","published","0","162ig54","https://nikelectric.eu/product/162ig54"
"162IG72","Разпределител съдомиялна - 480140102678","6a488096f41576d1de5dc7d2","published","0","162ig72","https://nikelectric.eu/product/162ig72"
"162LG04","6x10x35 - ъглова","6a487fcaf41576d1de5db1a6","published","0","162lg04","https://nikelectric.eu/product/162lg04"
"162LG06","Граф. четки - 12.5х5х36.5 пружина","6a488030f41576d1de5dbcc8","published","2","162lg06","https://nikelectric.eu/product/162lg06"
"162LG101","Електронен модул DIXELL XR04CX-5N0C1","6a488060f41576d1de5dc1f6","published","0","162lg101","https://nikelectric.eu/product/162lg101"
"162LG102","Помпа LGB LA350 0,15HP","6a4880baf41576d1de5dcbbc","published","0","162lg102","https://nikelectric.eu/product/162lg102"
"162MA04","помпа съдомиялна малка Мидея","6a487fdff41576d1de5db3ec","published","1","162ma04","https://nikelectric.eu/product/162ma04"
"162MA09","Мотор за помпа съдомиялна 98W/80W - YXW50-2E - 6740056001","6a48804ef41576d1de5dbffe","published","0","162ma09","https://nikelectric.eu/product/162ma09"
"162MA12","платка миялна  Мидея - XWJ30A-1.PCB","6a487fd8f41576d1de5db32c","published","1","162ma12","https://nikelectric.eu/product/162ma12"
"162MA13","платка миялна  Мидея - WQP12-9235C/B","6a487fd8f41576d1de5db332","published","1","162ma13","https://nikelectric.eu/product/162ma13"
"162MI100","Модул - ЕОК236 ЗУ6101-6201","6a4880dbf41576d1de5dcf64","published","0","162mi100","https://nikelectric.eu/product/162mi100"
"162MI11","Граф. четки - 10 x 6,3 x 29","6a488002f41576d1de5db7be","published","2","162mi11","https://nikelectric.eu/product/162mi11"
"162MI12","Граф. четки - 15 х 5 х 30 мм","6a488002f41576d1de5db7c4","published","0","162mi12","https://nikelectric.eu/product/162mi12"
"162PH01","REMCO 5133 - 800 rpm","6a487fb8f41576d1de5dafae","published","2","162ph01","https://nikelectric.eu/product/162ph01"
"162PH02","REMCO 5094 1000 RPM","6a487fb9f41576d1de5dafb4","published","1","162ph02","https://nikelectric.eu/product/162ph02"
"162PH03","модул 544 197-116102818-4","6a487fb9f41576d1de5dafba","published","1","162ph03","https://nikelectric.eu/product/162ph03"
"162PH04","REMCO 5099-C00068859","6a487fb9f41576d1de5dafc0","published","1","162ph04","https://nikelectric.eu/product/162ph04"
"162R45","162AR45 - Модул пералня - C00292611","6a48809bf41576d1de5dc85c","published","0","162r45","https://nikelectric.eu/product/162r45"
"162SM13","модул миална - 696290692","6a487fc2f41576d1de5db0c8","published","0","162sm13","https://nikelectric.eu/product/162sm13"
"162SM22","Помпа съдомиялна SMEG,TEKA,GORENJE,CANDY","6a48801cf41576d1de5dba94","published","1","162sm22","https://nikelectric.eu/product/162sm22"
"162SU02","мотор","6a487f6df41576d1de5da774","published","1","162su02","https://nikelectric.eu/product/162su02"
"162SU03","мотор - 512001003","6a487fc5f41576d1de5db104","published","1","162su03","https://nikelectric.eu/product/162su03"
"162SU05","модул 546023300","6a487fa4f41576d1de5dad6e","published","1","162su05","https://nikelectric.eu/product/162su05"
"162VE01","НЕО - 20626878 - B2/03","6a487fb1f41576d1de5daed6","published","0","162ve01","https://nikelectric.eu/product/162ve01"
"162VE02","invensys -  32003407","6a487fb4f41576d1de5daf3c","published","5","162ve02","https://nikelectric.eu/product/162ve02"
"162ZN101","FAN мотор за сушилня - 1327912026","6a488056f41576d1de5dc0e2","published","0","162zn101","https://nikelectric.eu/product/162zn101"
"162ZN102","Мотор за сушилня - SOLE Type 20583006","6a48805bf41576d1de5dc184","published","0","162zn102","https://nikelectric.eu/product/162zn102"
"162ZN103","Панел - 4055499380","6a488069f41576d1de5dc2f8","published","0","162zn103","https://nikelectric.eu/product/162zn103"
"162ZN104","Панел AEG WHITE  - 140150639015","6a488069f41576d1de5dc2fe","published","0","162zn104","https://nikelectric.eu/product/162zn104"
"162ZN108","Панел за пералня ELECTROLUX - 140068923022","6a488101f41576d1de5dd384","published","0","162zn108","https://nikelectric.eu/product/162zn108"
"162ZN110","Мотор за сушилня - 8072544029","6a4880c1f41576d1de5dcc7c","published","0","162zn110","https://nikelectric.eu/product/162zn110"
"162ZN120","Модул AEG - 973916098814007","6a488081f41576d1de5dc59e","published","0","162zn120","https://nikelectric.eu/product/162zn120"
"162ZN160","Корпус - 140041909015","6a48807ff41576d1de5dc556","published","0","162zn160","https://nikelectric.eu/product/162zn160"
"162ZN161","Панел съдомиялна - 140057328027","6a488083f41576d1de5dc5ce","published","0","162zn161","https://nikelectric.eu/product/162zn161"
"162ZN162","Дъно съдомиялна - 140000733182","6a488083f41576d1de5dc5d4","published","0","162zn162","https://nikelectric.eu/product/162zn162"
"162ZN163","Панел съдомиялна - 8581904036804 - 8581904038107","6a4880c5f41576d1de5dccfa","published","0","162zn163","https://nikelectric.eu/product/162zn163"
"162ZN164","планка за стелаж","6a4880fef41576d1de5dd336","published","0","162zn164","https://nikelectric.eu/product/162zn164"
"162ZN32","Модул пералня ELECTROLUX","6a488031f41576d1de5dbcd4","published","1","162zn32","https://nikelectric.eu/product/162zn32"
"162ZN33","Модул пералня ELECTROLUX","6a488088f41576d1de5dc65e","published","0","162zn33","https://nikelectric.eu/product/162zn33"
"162ZN34","Модул пералня ELECTROLUX - 1325277620","6a488039f41576d1de5dbdd0","published","0","162zn34","https://nikelectric.eu/product/162zn34"
"162ZN38","Модул фурна - EOC55100X - 8996619277792","6a488032f41576d1de5dbcf8","published","1","162zn38","https://nikelectric.eu/product/162zn38"
"162ZN39","Модул индукция - 3300362609","6a488040f41576d1de5dbe78","published","1","162zn39","https://nikelectric.eu/product/162zn39"
"162ZN40","Модул пералня ELECTROLUX - 4055407144 - 4055407169","6a488040f41576d1de5dbe84","published","0","162zn40","https://nikelectric.eu/product/162zn40"
"162ZN41","Модул фурна ELECTROLUX - 8996619279152","6a488045f41576d1de5dbf0e","published","0","162zn41","https://nikelectric.eu/product/162zn41"
"162ZN42","Модул съдомиялна - 1113322414","6a488046f41576d1de5dbf2c","published","0","162zn42","https://nikelectric.eu/product/162zn42"
"162ZN43","Модул съдомиялна - 1325277083","6a48804bf41576d1de5dbfb0","published","0","162zn43","https://nikelectric.eu/product/162zn43"
"162ZN44","Модул съдомиялна - 1380172518","6a488057f41576d1de5dc10c","published","1","162zn44","https://nikelectric.eu/product/162zn44"
"162ZN48","Модул пералня ELECTROLUX - 8078222307","6a488066f41576d1de5dc2a4","published","0","162zn48","https://nikelectric.eu/product/162zn48"
"162ZN49","Модул пералня ELECTROLUX - 1360057010","6a488032f41576d1de5dbd0a","published","1","162zn49","https://nikelectric.eu/product/162zn49"
"162ZN50","Дисплей пералня - 140193953019","6a48805af41576d1de5dc14e","published","0","162zn50","https://nikelectric.eu/product/162zn50"
"162ZN51","Дисплей пералня - 140177218025","6a48805af41576d1de5dc154","published","0","162zn51","https://nikelectric.eu/product/162zn51"
"162ZN52","Инвертор ELECTROLUX - 140028579104","6a48809cf41576d1de5dc87a","published","0","162zn52","https://nikelectric.eu/product/162zn52"
"162ZN53","Инвертор ELECTROLUX - 1366699005","6a4880b4f41576d1de5dcb2c","published","0","162zn53","https://nikelectric.eu/product/162zn53"
"162ZN54","Дисплей пералня - 4055558482","6a4880cdf41576d1de5dcdde","published","4","162zn54","https://nikelectric.eu/product/162zn54"
"162ZN55","Инвертор ELECTROLUX - 140028579245","6a4880d2f41576d1de5dce50","published","0","162zn55","https://nikelectric.eu/product/162zn55"
"162ZN56","Инвертор ELECTROLUX - 140028579245","6a4880e4f41576d1de5dd05a","published","0","162zn56","https://nikelectric.eu/product/162zn56"
"162ZN61","Модул пералня ELECTROLUX - 4055442158","6a488074f41576d1de5dc42a","published","0","162zn61","https://nikelectric.eu/product/162zn61"
"162ZN80","Модул пералня ELECTROLUX - 1327602015","6a488098f41576d1de5dc820","published","0","162zn80","https://nikelectric.eu/product/162zn80"
"162ZN92","Модул сушилня - 1327873004 - 1327873152","6a4880ddf41576d1de5dcf9a","published","0","162zn92","https://nikelectric.eu/product/162zn92"
"162zn111","Мотор за сушилня - 8086432013","6a4880c8f41576d1de5dcd42","published","0","162zn111","https://nikelectric.eu/product/162zn111"
"163AC00OR","Помпа сушилня BEKO 13W","6a4880fff41576d1de5dd34e","published","7","163ac00or","https://nikelectric.eu/product/163ac00or"
"163AC13OR","Ппомпа пералня BEKO с 3 отвора","6a4880c3f41576d1de5dccbe","published","11","163ac13or","https://nikelectric.eu/product/163ac13or"
"163AR09","помпа Ariston","6a487f63f41576d1de5da666","published","0","163ar09","https://nikelectric.eu/product/163ar09"
"163AR10","помпа съдомиялна Ariston","6a487f60f41576d1de5da606","published","1","163ar10","https://nikelectric.eu/product/163ar10"
"163AR23","помпа Ariston","6a487f61f41576d1de5da630","published","1","163ar23","https://nikelectric.eu/product/163ar23"
"163BH05","помпа Bosch","6a487f60f41576d1de5da60c","published","1","163bh05","https://nikelectric.eu/product/163bh05"
"163BH08","помпа  съдомиялна","6a487fd8f41576d1de5db31a","published","0","163bh08","https://nikelectric.eu/product/163bh08"
"163BH12OR","Помпа за пералня BOSCH","6a478239068fc300483f5482","published","5","--","https://nikelectric.eu/product/--"
"163BL01","163BL01  Blomberg, Privileg  - GRE 647","6a487f5ef41576d1de5da5dc","published","1","163bl01","https://nikelectric.eu/product/163bl01"
"163CY21","163CY21  Candy - конденз сушилня","6a487f64f41576d1de5da67e","published","0","163cy21","https://nikelectric.eu/product/163cy21"
"163GR08OR","помпа  GORENJE  с букса RAST 2,5","6a4880dbf41576d1de5dcf58","published","2","163gr08or","https://nikelectric.eu/product/163gr08or"
"163ID08","163ID08  помпа Indesit - C00036859 - C00035778","6a487f5ff41576d1de5da600","published","0","163id08","https://nikelectric.eu/product/163id08"
"163ID10","163ID10  Indesit - сушилня - C00260640","6a487fb7f41576d1de5daf8a","published","0","163id10","https://nikelectric.eu/product/163id10"
"163IG11","481236018004 - миялна","6a487fd9f41576d1de5db34a","published","0","163ig11","https://nikelectric.eu/product/163ig11"
"163IG17","163IG17  Ignis, Philips - 481936018213","6a487f63f41576d1de5da66c","published","0","163ig17","https://nikelectric.eu/product/163ig17"
"163IG37НЕ","Помпа WHIRLPOOL ориг. 481236018558","6a487f61f41576d1de5da62a","published","1","163ig37","https://nikelectric.eu/product/163ig37"
"163IG46","помпа сушилня 488000534043 - C00534043","6a488099f41576d1de5dc82c","published","0","163ig46","https://nikelectric.eu/product/163ig46"
"163LG03","163LG03  Помпа миялна - GRE1001","6a487f60f41576d1de5da61e","published","0","163lg03","https://nikelectric.eu/product/163lg03"
"163LG100","Помпа GRE - 3122415","6a488100f41576d1de5dd354","published","0","163lg100","https://nikelectric.eu/product/163lg100"
"163LG15","163LG15  миялна малка - GRE 2001","6a487f5ff41576d1de5da5f4","published","0","163lg15","https://nikelectric.eu/product/163lg15"
"163LG22","163LG22  Корпус ф35-30 - магн.помпа","6a487f5ef41576d1de5da5e2","published","0","163lg22","https://nikelectric.eu/product/163lg22"
"163LG35","помпа -38W - DPS25R-103 - 3122784","6a48803df41576d1de5dbe3c","published","0","163lg35","https://nikelectric.eu/product/163lg35"
"163LG72","Помпа HANNING DPS25-411 - 47W","6a48805ff41576d1de5dc1ea","published","0","163lg72","https://nikelectric.eu/product/163lg72"
"163LG73","Помпа HANNING  UP60-184 0.37HP","6a4880fdf41576d1de5dd30c","published","0","163lg73","https://nikelectric.eu/product/163lg73"
"163LG78","Бобина помпа Тамат мини","6a487f62f41576d1de5da648","published","1","163lg78","https://nikelectric.eu/product/163lg78"
"163VE00","помпа - GRE  байонет с куплунг","6a487f62f41576d1de5da642","published","0","163ve00","https://nikelectric.eu/product/163ve00"
"163ZN05","Aeg, Hoover GRE 573","6a487f64f41576d1de5da672","published","5","163zn05","https://nikelectric.eu/product/163zn05"
"163ZN05OR","Aeg, Hoover GRE 573","6a4880acf41576d1de5dca48","published","0","163zn05or","https://nikelectric.eu/product/163zn05or"
"163ZN37","JET помпа","6a487fa4f41576d1de5dad74","published","0","163zn37","https://nikelectric.eu/product/163zn37"
"163ZN39","Zanussi GRE 687","6a487f64f41576d1de5da678","published","0","163zn39","https://nikelectric.eu/product/163zn39"
"163ZN43","помпа сушилня AEG - HANYU 5W - 140075922025","6a4880f4f41576d1de5dd210","published","0","163zn43","https://nikelectric.eu/product/163zn43"
"164AR12","панта съдомиялна - C00538376 - C00302997","6a4880a2f41576d1de5dc934","published","0","164ar12","https://nikelectric.eu/product/164ar12"
"164AR13","панта съдомиялна - C00538374 - C00256541","6a4880a3f41576d1de5dc93a","published","0","164ar13","https://nikelectric.eu/product/164ar13"
"164BH00","панта Бош - 107638","6a487fa1f41576d1de5dad1a","published","0","164bh00","https://nikelectric.eu/product/164bh00"
"164CY05/OR","панти за вграждане - 92784297","6a487fe3f41576d1de5db45e","published","1","164cy05-or","https://nikelectric.eu/product/164cy05-or"
"164GR04","панта Горение","6a487feff41576d1de5db5a2","published","2","164gr04","https://nikelectric.eu/product/164gr04"
"164HP01","панти пластмаса","6a487fc5f41576d1de5db110","published","8","164hp01","https://nikelectric.eu/product/164hp01"
"164ID09","панта - C00034320","6a487fb6f41576d1de5daf60","published","1","164id09","https://nikelectric.eu/product/164id09"
"164IG12","лента за врата миялна - 480112101486","6a4880faf41576d1de5dd2b2","published","0","164ig12","https://nikelectric.eu/product/164ig12"
"164MA01","панта Мидея","6a487fd9f41576d1de5db33e","published","2","164ma01","https://nikelectric.eu/product/164ma01"
"164PL00","панта Полар","6a487fa5f41576d1de5dad80","published","0","164pl00","https://nikelectric.eu/product/164pl00"
"164SM01","Панта за вграждане","6a48804af41576d1de5dbfa4","published","2","164sm01","https://nikelectric.eu/product/164sm01"
"164SU02","панта - DC61- 04131A","6a4880a4f41576d1de5dc952","published","0","164su02","https://nikelectric.eu/product/164su02"
"164ZN00","панта  AEG 402","6a487fa4f41576d1de5dad7a","published","0","164zn00","https://nikelectric.eu/product/164zn00"
"164ZN01","панта - 645126610","6a487fbbf41576d1de5daff0","published","0","164zn01","https://nikelectric.eu/product/164zn01"
"164ZN13","Панта - 1240135010","6a488052f41576d1de5dc088","published","0","164zn13","https://nikelectric.eu/product/164zn13"
"164ZN14","1249560002","6a488057f41576d1de5dc0fa","published","0","164zn14","https://nikelectric.eu/product/164zn14"
"164ZN50","Монтажен комплект съдомиялна - 140125033344","6a48807df41576d1de5dc532","published","0","164zn50","https://nikelectric.eu/product/164zn50"
"164ZN51","панти съдомиялна - 4055161394","6a4880b2f41576d1de5dcaf0","published","0","164zn51","https://nikelectric.eu/product/164zn51"
"164ZN52","панти съдомиялна - 4055393351 - 4055260691","6a4880b7f41576d1de5dcb74","published","0","164zn52","https://nikelectric.eu/product/164zn52"
"164ZN53","панти съдомиялна - 50286441006","6a4880bdf41576d1de5dcc1c","published","0","164zn53","https://nikelectric.eu/product/164zn53"
"164ZN54","панти съдомиялна - 50286356006","6a4880eef41576d1de5dd162","published","0","164zn54","https://nikelectric.eu/product/164zn54"
"165AE01","рем.шайба","6a487fbbf41576d1de5daff6","published","0","165ae01","https://nikelectric.eu/product/165ae01"
"165AK03","рем.шайба Ардо - 268001700","6a487fa5f41576d1de5dad86","published","0","165ak03","https://nikelectric.eu/product/165ak03"
"165AK04","рем.шайба - 268001900","6a487fbff41576d1de5db05c","published","0","165ak04","https://nikelectric.eu/product/165ak04"
"165AR14","рем.шайба - C00044768","6a487fb5f41576d1de5daf48","published","0","165ar14","https://nikelectric.eu/product/165ar14"
"165BH00","Ремъчна шайба БОШ - 396074","6a487f71f41576d1de5da7e0","published","1","165bh00","https://nikelectric.eu/product/165bh00"
"165CY01","рем.шайба Канди - 92719020","6a487fa5f41576d1de5dad8c","published","0","165cy01","https://nikelectric.eu/product/165cy01"
"165CY02","Рем. шайба - 92730860","6a487fa2f41576d1de5dad2c","published","0","165cy02","https://nikelectric.eu/product/165cy02"
"165GR00","рем.шайба - 358672","6a487fa5f41576d1de5dad92","published","0","165gr00","https://nikelectric.eu/product/165gr00"
"165GR03","рем.шайба - стом. - 547249","6a487fa6f41576d1de5dad98","published","0","165gr03","https://nikelectric.eu/product/165gr03"
"165GR04","рем.шайба - 358673 - трапец","6a487fb9f41576d1de5dafcc","published","0","165gr04","https://nikelectric.eu/product/165gr04"
"165GR05","рем.шайба - 526026","6a487fbcf41576d1de5db014","published","0","165gr05","https://nikelectric.eu/product/165gr05"
"165ID03","рем.шайба  - трап. ремък - C00104529","6a487fa6f41576d1de5dad9e","published","0","165id03","https://nikelectric.eu/product/165id03"
"165ID10","Ремъчна шайба - C00089616","6a487fa1f41576d1de5dad20","published","0","165id10","https://nikelectric.eu/product/165id10"
"165IG03","Рем.шайба -  голям отв.","6a487fa1f41576d1de5dad26","published","0","165ig03","https://nikelectric.eu/product/165ig03"
"165IG07","рем.шайба - горно - 481252888082","6a487ff8f41576d1de5db6a4","published","0","165ig07","https://nikelectric.eu/product/165ig07"
"165IG08","рем.шайба - 480111100742","6a488082f41576d1de5dc5b6","published","0","165ig08","https://nikelectric.eu/product/165ig08"
"165IG09","рем.шайба - 481252858044 - 480111102563","6a4880b4f41576d1de5dcb14","published","0","165ig09","https://nikelectric.eu/product/165ig09"
"165LG00","Ремъчна шайба","6a487fd2f41576d1de5db284","published","4","165lg00","https://nikelectric.eu/product/165lg00"
"165MC01","Рем шайба Амика - 8010383","6a487fd5f41576d1de5db2c6","published","0","165mc01","https://nikelectric.eu/product/165mc01"
"165PL00","рем.шайба - PDN","6a487fa2f41576d1de5dad32","published","0","165pl00","https://nikelectric.eu/product/165pl00"
"165TM01","конусна втулка Тамат","6a487fa2f41576d1de5dad38","published","3","165tm01","https://nikelectric.eu/product/165tm01"
"165VE01","рем.шайба NEO - 35007435","6a487fb3f41576d1de5daf0c","published","0","165ve01","https://nikelectric.eu/product/165ve01"
"165ZN12","ELECTROLUX EWT-1216; EWT-10120W - 275mm","6a487fe1f41576d1de5db422","published","0","165zn12","https://nikelectric.eu/product/165zn12"
"165ZN13","ELECTROLUX EWF-810 - 315mm","6a487fe1f41576d1de5db428","published","0","165zn13","https://nikelectric.eu/product/165zn13"
"165ZN14","ELECTROLUX EWF 10470 W - 315mm","6a488000f41576d1de5db794","published","1","165zn14","https://nikelectric.eu/product/165zn14"
"165ZN21","рем.шайба ELECTROLUX - 1260393002","6a4880a2f41576d1de5dc922","published","0","165zn21","https://nikelectric.eu/product/165zn21"
"165ZN22","рем.шайба ELECTROLUX - 1462591015 - 1462591007","6a4880a5f41576d1de5dc988","published","0","165zn22","https://nikelectric.eu/product/165zn22"
"166CY04","Вариатор Канди","6a487fa2f41576d1de5dad3e","published","0","166cy04","https://nikelectric.eu/product/166cy04"
"166IG08OR","Ролка сушилня","6a4880c8f41576d1de5dcd3c","published","12","166ig08or","https://nikelectric.eu/product/166ig08or"
"166ZN06","ролка - 1506423100","6a4880c5f41576d1de5dccf4","published","0","166zn06","https://nikelectric.eu/product/166zn06"
"167AC06OR","Амортисьор 85N за пералня BEKO","6a488016f41576d1de5db9f8","published","24","167ac06or","https://nikelectric.eu/product/167ac06or"
"167AC07OR","Амортисьор 65N за пералня BEKO","6a4880d7f41576d1de5dcef2","published","11","167ac07or","https://nikelectric.eu/product/167ac07or"
"167AC10OR","Амортисьор 85N за пералня BEKO","6a4880bbf41576d1de5dcbd4","published","7","167ac10or","https://nikelectric.eu/product/167ac10or"
"167AE00","Аморт. с феродо AEG","6a487fa6f41576d1de5dada4","published","0","167ae00","https://nikelectric.eu/product/167ae00"
"167AE02OR","Амортисьор 100 N за пералня AEG","6a487fc8f41576d1de5db170","published","15","167ae02or","https://nikelectric.eu/product/167ae02or"
"167AK00","Амортисьор  80N","6a487fa3f41576d1de5dad5c","published","3","167ak00","https://nikelectric.eu/product/167ak00"
"167AR","Амортисьор - 100N - дебел - C00086515","6a487fa2f41576d1de5dad44","published","0","167ar","https://nikelectric.eu/product/167ar"
"167AR10","Щифт аморт.","6a487fa3f41576d1de5dad56","published","0","167ar10","https://nikelectric.eu/product/167ar10"
"167BH06","Амортисьор 90N - Ф8 мм + щифт - 00742719","6a4880abf41576d1de5dca1e","published","0","167bh06","https://nikelectric.eu/product/167bh06"
"167BH08OR","Амортисьор 80N - Ф8 мм + щифт - 11039636","6a48809bf41576d1de5dc868","published","4","167bh08or","https://nikelectric.eu/product/167bh08or"
"167CY07","Амортисьор 120N","6a487fe8f41576d1de5db4f4","published","0","167cy07","https://nikelectric.eu/product/167cy07"
"167GR06","Амортисьор - 391859","6a487fb7f41576d1de5daf90","published","0","167gr06","https://nikelectric.eu/product/167gr06"
"167GR07","Амортисьор - 244030","6a487fc0f41576d1de5db07a","published","0","167gr07","https://nikelectric.eu/product/167gr07"
"167GR08","Амортисьор 120N - Ф 8 mm - 274410","6a487ff5f41576d1de5db65c","published","1","167gr08","https://nikelectric.eu/product/167gr08"
"167GR10OR","Амортисьор 100N","69ff0bf058138c72b910c317","published","26","167gr10----100n---341221","https://nikelectric.eu/product/167gr10----100n---341221"
"167HP00","Амортисьор - 1600429","6a487fa3f41576d1de5dad4a","published","0","167hp00","https://nikelectric.eu/product/167hp00"
"167ID00","Амортисьор 120N - Горно - C00083787","6a487fe9f41576d1de5db4fa","published","0","167id00","https://nikelectric.eu/product/167id00"
"167IG05","Амортисьор - 481952918054","6a487fa3f41576d1de5dad50","published","0","167ig05","https://nikelectric.eu/product/167ig05"
"167LG05","метален щифт аморт. - 481252918045","6a48801df41576d1de5dbaa6","published","4","167lg05","https://nikelectric.eu/product/167lg05"
"167ZN07","Амортисьор + букса за сензор - 1327453005","6a488095f41576d1de5dc7c0","published","0","167zn07","https://nikelectric.eu/product/167zn07"
"167ZN10","Амортисьор - 80N - дълъг - като ZN02","6a488038f41576d1de5dbd9a","published","0","167zn10","https://nikelectric.eu/product/167zn10"
"168AC01OR","Носач за сушилня","6a488046f41576d1de5dbf26","published","6","168ac01or","https://nikelectric.eu/product/168ac01or"
"168AR17","Кръстачка за 168ID08 - ниска","6a487fa4f41576d1de5dad62","published","0","168ar17","https://nikelectric.eu/product/168ar17"
"168CY35","кръстачка 92999333 - за 3,5 кг","6a487ffaf41576d1de5db6da","published","0","168cy35","https://nikelectric.eu/product/168cy35"
"168EG05","кръстачка Ф37/30/25","6a48801ef41576d1de5dbaca","published","0","168eg05","https://nikelectric.eu/product/168eg05"
"168EG07","кръстачка Ф37/30/25 - 4434ER1004B","6a48801af41576d1de5dba64","published","2","168eg07","https://nikelectric.eu/product/168eg07"
"168FA02","носач сушилня - SC9205591","6a487fd7f41576d1de5db30e","published","0","168fa02","https://nikelectric.eu/product/168fa02"
"168ID09","Лаг.тяло високо-к-т - 038453","6a487fa6f41576d1de5dadaa","published","0","168id09","https://nikelectric.eu/product/168id09"
"168IG04","втулка Ф45мм /вътр.Ф41мм","6a487fccf41576d1de5db1e2","published","0","168ig04","https://nikelectric.eu/product/168ig04"
"168VE01","кръстачка","6a487fd6f41576d1de5db2ea","published","0","168ve01","https://nikelectric.eu/product/168ve01"
"168ZN31","кръстачка 1240259125","6a4880bef41576d1de5dcc28","published","0","168zn31","https://nikelectric.eu/product/168zn31"
"170AC02","казан  Беко - 2880600101","6a48809ff41576d1de5dc8ce","published","0","170ac02","https://nikelectric.eu/product/170ac02"
"170AC03","казан  BEKO - 2323100100","6a4880a1f41576d1de5dc916","published","0","170ac03","https://nikelectric.eu/product/170ac03"
"170AC04","казан  BEKO - 2441107001","6a4880a2f41576d1de5dc91c","published","0","170ac04","https://nikelectric.eu/product/170ac04"
"170AC06","казан  BEKO - 2441107001 - 2323100501","6a4880def41576d1de5dcfa0","published","0","170ac06","https://nikelectric.eu/product/170ac06"
"170AK04","барабан за горно отваряне","6a487fcdf41576d1de5db200","published","1","170ak04","https://nikelectric.eu/product/170ak04"
"170AK06","барабан за Ардо - дебела ос","6a487ffdf41576d1de5db73a","published","1","170ak06","https://nikelectric.eu/product/170ak06"
"170AR02","казан к-т C00287242 - 8055005872420","6a48802df41576d1de5dbc7a","published","0","170ar02","https://nikelectric.eu/product/170ar02"
"170AR03","казан к-т C00194233 - 8052476942331","6a48802ff41576d1de5dbcaa","published","0","170ar03","https://nikelectric.eu/product/170ar03"
"170AR05","казан к-т C00630551","6a488038f41576d1de5dbda0","published","0","170ar05","https://nikelectric.eu/product/170ar05"
"170AR06","казан к-т - C00285584","6a488040f41576d1de5dbe90","published","0","170ar06","https://nikelectric.eu/product/170ar06"
"170AR07","казан к-т C00287582 - 8055005875827","6a488049f41576d1de5dbf86","published","0","170ar07","https://nikelectric.eu/product/170ar07"
"170AR08","казан к-т C00145181","6a488057f41576d1de5dc112","published","0","170ar08","https://nikelectric.eu/product/170ar08"
"170AR09","казан к-т - C00296156","6a48805bf41576d1de5dc172","published","0","170ar09","https://nikelectric.eu/product/170ar09"
"170AR11","казан к-т - C00298592","6a488092f41576d1de5dc76c","published","0","170ar11","https://nikelectric.eu/product/170ar11"
"170AR13","казан к-т - C00096198","6a4880b1f41576d1de5dcad2","published","0","170ar13","https://nikelectric.eu/product/170ar13"
"170AR14","казан к-т - C00264943","6a4880c5f41576d1de5dcce8","published","0","170ar14","https://nikelectric.eu/product/170ar14"
"170AR15","казан к-т  C00269168","6a4880faf41576d1de5dd2be","published","0","170ar15","https://nikelectric.eu/product/170ar15"
"170AR50","Капак долен за пералня - C00508843","6a488094f41576d1de5dc7ae","published","0","170ar50","https://nikelectric.eu/product/170ar50"
"170CY01","барабан с кръстачка 41007503","6a48802ef41576d1de5dbc8c","published","0","170cy01","https://nikelectric.eu/product/170cy01"
"170ID06","капак Индезит - C00103440","6a487fa6f41576d1de5dadb0","published","0","170id06","https://nikelectric.eu/product/170id06"
"170IG01","казан к-т - 480111101425","6a488094f41576d1de5dc7a8","published","0","170ig01","https://nikelectric.eu/product/170ig01"
"170ZN01","казан AEG - 3484164102","6a488033f41576d1de5dbd16","published","0","170zn01","https://nikelectric.eu/product/170zn01"
"170ZN02","казан AEG - 1327480305","6a488033f41576d1de5dbd1c","published","0","170zn02","https://nikelectric.eu/product/170zn02"
"170ZN03","казан AEG - 3484166107","6a488034f41576d1de5dbd40","published","0","170zn03","https://nikelectric.eu/product/170zn03"
"170ZN04","казан AEG - 1926900505","6a488035f41576d1de5dbd52","published","0","170zn04","https://nikelectric.eu/product/170zn04"
"170ZN05","казан к-т AEG - 4055421632","6a48804bf41576d1de5dbfc2","published","0","170zn05","https://nikelectric.eu/product/170zn05"
"170ZN06","казан к-т AEG - 3484160811","6a488053f41576d1de5dc0a0","published","0","170zn06","https://nikelectric.eu/product/170zn06"
"170ZN07","казан к-т  AEG - 3484167402","6a48805ef41576d1de5dc1d8","published","0","170zn07","https://nikelectric.eu/product/170zn07"
"170ZN08","Фронт панел за пералня ELECTROLUX - 1364462000","6a488065f41576d1de5dc28c","published","0","170zn08","https://nikelectric.eu/product/170zn08"
"170ZN09","казан к-т ELECTROLUX - 3484171115 - 3484171107","6a488067f41576d1de5dc2d4","published","0","170zn09","https://nikelectric.eu/product/170zn09"
"170ZN10","Фронт панел за сушилня AEG - 140072110053","6a48806cf41576d1de5dc35e","published","0","170zn10","https://nikelectric.eu/product/170zn10"
"170ZN11","казан к-т  AEG - 3484169317","6a48806ef41576d1de5dc394","published","0","170zn11","https://nikelectric.eu/product/170zn11"
"170ZN12","Казан - 3484167808","6a488073f41576d1de5dc412","published","0","170zn12","https://nikelectric.eu/product/170zn12"
"170ZN13","казан AEG - 1926905108","6a488078f41576d1de5dc496","published","0","170zn13","https://nikelectric.eu/product/170zn13"
"170ZN14","Горен капак пералня - 366130118","6a48806ff41576d1de5dc3b2","published","0","170zn14","https://nikelectric.eu/product/170zn14"
"170ZN15","Горен капак пералня - 140025652078 - 140025652037","6a48808df41576d1de5dc6dc","published","0","170zn15","https://nikelectric.eu/product/170zn15"
"170ZN16","казан AEG - 1925158014","6a488090f41576d1de5dc730","published","0","170zn16","https://nikelectric.eu/product/170zn16"
"170ZN17","казан AEG - 3484164201","6a488091f41576d1de5dc748","published","0","170zn17","https://nikelectric.eu/product/170zn17"
"170ZN18","казан к-т AEG - 3484157403","6a488095f41576d1de5dc7c6","published","0","170zn18","https://nikelectric.eu/product/170zn18"
"170ZN19","казан AEG - 3484159714","6a4880a4f41576d1de5dc958","published","0","170zn19","https://nikelectric.eu/product/170zn19"
"170ZN20","казан AEG - 1327482004","6a4880b0f41576d1de5dcaba","published","0","170zn20","https://nikelectric.eu/product/170zn20"
"170ZN21","казан AEG - 4055399028","6a4880b1f41576d1de5dcac6","published","0","170zn21","https://nikelectric.eu/product/170zn21"
"170ZN22","казан к-т  AEG - 1926905009","6a4880cef41576d1de5dcdea","published","0","170zn22","https://nikelectric.eu/product/170zn22"
"170ZN23","казан к-т  AEG - 3484169903","6a4880e1f41576d1de5dd000","published","0","170zn23","https://nikelectric.eu/product/170zn23"
"170ZN24","казан к-т  AEG - 3484169705","6a4880e4f41576d1de5dd054","published","0","170zn24","https://nikelectric.eu/product/170zn24"
"170ZN25","Фронт панел за пералня ELECTROLUX - 140109520019","6a4880e5f41576d1de5dd072","published","0","170zn25","https://nikelectric.eu/product/170zn25"
"170ZN26","казан AEG - 3484168806 - 3484166305","6a4880ecf41576d1de5dd132","published","1","170zn26","https://nikelectric.eu/product/170zn26"
"170ZN30","Фронт панел за пералня ELECTROLUX - 140212108025","6a4880fff41576d1de5dd342","published","0","170zn30","https://nikelectric.eu/product/170zn30"
"171AC00","програматор Санг - 2824700100","6a487faaf41576d1de5dae10","published","1","171ac00","https://nikelectric.eu/product/171ac00"
"171AC01","програматор Sang EC4889.01 - 2818280100 - мод.WS","6a487faaf41576d1de5dae16","published","1","171ac01","https://nikelectric.eu/product/171ac01"
"171AK00","1024/7/2.05","6a487fc4f41576d1de5db0ec","published","1","171ak00","https://nikelectric.eu/product/171ak00"
"171AK04","EAS 9262.01 - 516002800","6a487fb4f41576d1de5daf24","published","1","171ak04","https://nikelectric.eu/product/171ak04"
"171AR00","програматор съдмиялна 160006521 Копречи","6a487fa9f41576d1de5dadec","published","2","171ar00","https://nikelectric.eu/product/171ar00"
"171AR01","1128/0/2.04 - C00024085","6a487fc3f41576d1de5db0e0","published","0","171ar01","https://nikelectric.eu/product/171ar01"
"171AR02","4324.01.В","6a487fa9f41576d1de5dadf8","published","1","171ar02","https://nikelectric.eu/product/171ar02"
"171AR03","EC 4242.04 - C00033641","6a487fc3f41576d1de5db0d4","published","1","171ar03","https://nikelectric.eu/product/171ar03"
"171AR04","сушилня Аристон","6a487fa9f41576d1de5dadf2","published","1","171ar04","https://nikelectric.eu/product/171ar04"
"171AR06","TMX 1629-LS66ES,LS61ST","6a487fa8f41576d1de5dadda","published","1","171ar06","https://nikelectric.eu/product/171ar06"
"171BH01","миялна Бош ЕА 9251.01","6a487fa9f41576d1de5dae04","published","1","171bh01","https://nikelectric.eu/product/171bh01"
"171BH02","миялна АКО 514 539","6a487faaf41576d1de5dae0a","published","1","171bh02","https://nikelectric.eu/product/171bh02"
"171CY15","програматор сушилня 92745272","6a487fa8f41576d1de5dade0","published","1","171cy15","https://nikelectric.eu/product/171cy15"
"171CY19","2000/2007 - 3179","6a487fa8f41576d1de5dade6","published","1","171cy19","https://nikelectric.eu/product/171cy19"
"171GR13","програматор  2000  2005/6561 - 538327 - 479331","6a487fa7f41576d1de5dadb6","published","1","171gr13","https://nikelectric.eu/product/171gr13"
"171IG01","EC 4172.02 - 481990311222","6a487fc3f41576d1de5db0ce","published","1","171ig01","https://nikelectric.eu/product/171ig01"
"171IG72","EC 4453.01E - 481228218703","6a487faff41576d1de5daea6","published","1","171ig72","https://nikelectric.eu/product/171ig72"
"171IG85","EC 4774.02 - 481228218694","6a487faff41576d1de5daea0","published","1","171ig85","https://nikelectric.eu/product/171ig85"
"171LG00","Селектор Сушилня","6a487fbff41576d1de5db068","published","2","171lg00","https://nikelectric.eu/product/171lg00"
"171LG01","ЕС 4680.01 Т.70","6a487fa7f41576d1de5dadc8","published","2","171lg01","https://nikelectric.eu/product/171lg01"
"171LG02","1858/2/5.06","6a487f70f41576d1de5da7c8","published","1","171lg02","https://nikelectric.eu/product/171lg02"
"171LG03","EAS 9227.02","6a487fc4f41576d1de5db0f2","published","1","171lg03","https://nikelectric.eu/product/171lg03"
"171LG04","1294/1/1.02","6a487fc4f41576d1de5db0e6","published","1","171lg04","https://nikelectric.eu/product/171lg04"
"171LG05","1839/0/5.01","6a487fc3f41576d1de5db0da","published","1","171lg05","https://nikelectric.eu/product/171lg05"
"171LG06","ЕС 4351.01","6a487fa9f41576d1de5dadfe","published","1","171lg06","https://nikelectric.eu/product/171lg06"
"171LG07","Прогр.миялна Триасун","6a487fa8f41576d1de5dadd4","published","1","171lg07","https://nikelectric.eu/product/171lg07"
"171LG100","Програматор съдомиялна 11904","6a4880d7f41576d1de5dcee6","published","0","171lg100","https://nikelectric.eu/product/171lg100"
"171LG101","Въздушна камера - 85x20x78 мм","6a4880d7f41576d1de5dceec","published","0","171lg101","https://nikelectric.eu/product/171lg101"
"171LG102","Програматор - 7804DV","6a4880e7f41576d1de5dd0a2","published","0","171lg102","https://nikelectric.eu/product/171lg102"
"171MO01","Прогр.миялна Морис 1754/1/5.01","6a487fa7f41576d1de5dadce","published","2","171mo01","https://nikelectric.eu/product/171mo01"
"171PE04","Щанга П04","6a487f97f41576d1de5dac06","published","3","171pe04","https://nikelectric.eu/product/171pe04"
"171PH20","116102865-Croazet 2000/675","6a487fb6f41576d1de5daf72","published","1","171ph20","https://nikelectric.eu/product/171ph20"
"171SL23","EC 4261.03 -  49550100","6a487fa7f41576d1de5dadbc","published","4","171sl23","https://nikelectric.eu/product/171sl23"
"171SL42","0635/6/0.09-49574000","6a487fa7f41576d1de5dadc2","published","1","171sl42","https://nikelectric.eu/product/171sl42"
"171SL44","0899/4/0.03 - 49578202","6a487faff41576d1de5dae9a","published","1","171sl44","https://nikelectric.eu/product/171sl44"
"171SM04","2006/1821","6a487fc6f41576d1de5db12e","published","1","171sm04","https://nikelectric.eu/product/171sm04"
"171TM01","Щанга Тамат","6a487f97f41576d1de5dac0c","published","1","171tm01","https://nikelectric.eu/product/171tm01"
"172AR01","Тежест - C00286449","6a488039f41576d1de5dbdbe","published","0","172ar01","https://nikelectric.eu/product/172ar01"
"172AR02","Тежест - C00290704","6a48808ef41576d1de5dc6f4","published","0","172ar02","https://nikelectric.eu/product/172ar02"
"172AR03","Тежест - C00259289","6a488096f41576d1de5dc7e4","published","0","172ar03","https://nikelectric.eu/product/172ar03"
"173LG09","Скоба Ф 80-100 мм","6a487f91f41576d1de5dab5e","published","0","173lg09","https://nikelectric.eu/product/173lg09"
"173LG14","Скоба Ф19-26 мм","6a487ff1f41576d1de5db5de","published","61","173lg14","https://nikelectric.eu/product/173lg14"
"174LG18","препарат за хладилник 500ml.","6a487ff0f41576d1de5db5c6","published","0","174lg18","https://nikelectric.eu/product/174lg18"
"174LG58","SMARTCLIM DE TK. - 484010678200","6a488021f41576d1de5dbb2a","published","6","174lg58","https://nikelectric.eu/product/174lg58"
"200FR41","Дръжка хладилник - универсална инокс","6a488011f41576d1de5db968","published","1","200fr41","https://nikelectric.eu/product/200fr41"
"200MC00","дръжка хладилник AMICA - INOX 1039438","6a4880a0f41576d1de5dc8ec","published","1","200mc00","https://nikelectric.eu/product/200mc00"
"201AR01","врата хладилник - C00512270","6a488039f41576d1de5dbdc4","published","0","201ar01","https://nikelectric.eu/product/201ar01"
"201AR02","Уплътнение камера хладилник - C00268623","6a488093f41576d1de5dc77e","published","0","201ar02","https://nikelectric.eu/product/201ar02"
"201AR03","Уплътнение  фризер - C00114661","6a488096f41576d1de5dc7d8","published","0","201ar03","https://nikelectric.eu/product/201ar03"
"201AR04","Уплътнение хладилник - C00114662","6a488096f41576d1de5dc7de","published","1","201ar04","https://nikelectric.eu/product/201ar04"
"201AR05","Уплътнение хладилник - C00115394","6a48809ef41576d1de5dc8b6","published","0","201ar05","https://nikelectric.eu/product/201ar05"
"201AR07","Кутия хладилник - C00480979","6a4880c3f41576d1de5dccca","published","0","201ar07","https://nikelectric.eu/product/201ar07"
"201IG01","Уплътнение врата хладилник - 480132101186","6a48805af41576d1de5dc160","published","0","201ig01","https://nikelectric.eu/product/201ig01"
"201IG02","врата хладилник - 481244069308","6a4880a2f41576d1de5dc92e","published","0","201ig02","https://nikelectric.eu/product/201ig02"
"201IG03","Уплътнение врата хладилник - 481246668938","6a4880c3f41576d1de5dccb8","published","0","201ig03","https://nikelectric.eu/product/201ig03"
"201IG04","Уплътнение врата хладилник - 481246668941","6a4880d0f41576d1de5dce32","published","0","201ig04","https://nikelectric.eu/product/201ig04"
"201IG100","врата фризер - 481244069331","6a488091f41576d1de5dc75a","published","0","201ig100","https://nikelectric.eu/product/201ig100"
"201MI01","Уплътнение хладилник - MIELE - 10382470","6a4880aff41576d1de5dca90","published","0","201mi01","https://nikelectric.eu/product/201mi01"
"201MI02","Уплътнение хладилник - MIELE - 10392500","6a4880aff41576d1de5dca96","published","0","201mi02","https://nikelectric.eu/product/201mi02"
"201ZN01","Уплътнение хладилник - 2248016590","6a4880c4f41576d1de5dccd6","published","0","201zn01","https://nikelectric.eu/product/201zn01"
"201ZN100","врата фризер - 4055515854","6a48808df41576d1de5dc6d6","published","0","201zn100","https://nikelectric.eu/product/201zn100"
"202FR04","Панта ракла Уирлпул - C00278651 - 480132102561","6a488021f41576d1de5dbb24","published","0","202fr04","https://nikelectric.eu/product/202fr04"
"202FR05","панта хладилник - C00174698","6a488094f41576d1de5dc796","published","0","202fr05","https://nikelectric.eu/product/202fr05"
"202FR06","202FR06","6a48809bf41576d1de5dc86e","published","0","202fr06","https://nikelectric.eu/product/202fr06"
"202ID01","панта - C00045967","6a4880c3f41576d1de5dccc4","published","0","202id01","https://nikelectric.eu/product/202id01"
"202ID02","Фиксатор - C00284296","6a4880d5f41576d1de5dcebc","published","0","202id02","https://nikelectric.eu/product/202id02"
"202IG01","панта - 481249298033","6a488092f41576d1de5dc760","published","0","202ig01","https://nikelectric.eu/product/202ig01"
"202IG02","Долен носач фризер - 481253248035","6a4880a4f41576d1de5dc964","published","1","202ig02","https://nikelectric.eu/product/202ig02"
"202IG03","Панта хладилник - C00075599","6a4880cdf41576d1de5dcdcc","published","0","202ig03","https://nikelectric.eu/product/202ig03"
"202IG04","Панта хладилник - C00075600","6a4880cdf41576d1de5dcdd2","published","0","202ig04","https://nikelectric.eu/product/202ig04"
"203AC05","Рафт хладилник - 4298130200","6a488099f41576d1de5dc826","published","0","203ac05","https://nikelectric.eu/product/203ac05"
"203AC08","Профил за стъклен рафт - 4638130100","6a4880d0f41576d1de5dce1a","published","5","203ac08","https://nikelectric.eu/product/203ac08"
"203AR01","Профил за стъклен рафт - C00114611","6a488047f41576d1de5dbf50","published","1","203ar01","https://nikelectric.eu/product/203ar01"
"203AR02","Профил за стъклен рафт - C00114787","6a488048f41576d1de5dbf56","published","1","203ar02","https://nikelectric.eu/product/203ar02"
"203AR03","Профил за стъклен рафт - C00114616","6a488048f41576d1de5dbf5c","published","1","203ar03","https://nikelectric.eu/product/203ar03"
"203AR04","Профил за стъклен рафт - C00114618","6a488048f41576d1de5dbf62","published","1","203ar04","https://nikelectric.eu/product/203ar04"
"203AR05","стъклен рафт - C00119758","6a488048f41576d1de5dbf68","published","1","203ar05","https://nikelectric.eu/product/203ar05"
"203AR06","стъклен рафт - C00114617","6a488089f41576d1de5dc66a","published","0","203ar06","https://nikelectric.eu/product/203ar06"
"203AR07","Профил за стъклен рафт- C00114789 - C00507221","6a488089f41576d1de5dc670","published","0","203ar07","https://nikelectric.eu/product/203ar07"
"203AR08","Рафт хладилник - C00283254","6a48809af41576d1de5dc83e","published","0","203ar08","https://nikelectric.eu/product/203ar08"
"203AR09","Рафт хладилник - C00506198","6a4880b0f41576d1de5dcaa2","published","0","203ar09","https://nikelectric.eu/product/203ar09"
"203AR10","Профил за стъклен рафт - C001119040","6a4880a8f41576d1de5dc9d6","published","0","203ar10","https://nikelectric.eu/product/203ar10"
"203AR11","Профил за стъклен рафт - C00506355","6a4880baf41576d1de5dcbc8","published","0","203ar11","https://nikelectric.eu/product/203ar11"
"203AR12","Рафт хладилник - C00089093","6a4880ccf41576d1de5dcdae","published","0","203ar12","https://nikelectric.eu/product/203ar12"
"203AR13","Профил за стъклен рафт - C00507221","6a4880ccf41576d1de5dcdb4","published","0","203ar13","https://nikelectric.eu/product/203ar13"
"203AR14","Рафт хладилник - C00858047","6a4880d8f41576d1de5dcf0a","published","0","203ar14","https://nikelectric.eu/product/203ar14"
"203AR15","Чекмедже за хладилник C00097910","6a4880dcf41576d1de5dcf6a","published","0","203ar15","https://nikelectric.eu/product/203ar15"
"203AR16","Рафт хладилник - C00584883","6a4880e5f41576d1de5dd066","published","0","203ar16","https://nikelectric.eu/product/203ar16"
"203AR17","Рафт хладилник - C00266258","6a4880f5f41576d1de5dd222","published","0","203ar17","https://nikelectric.eu/product/203ar17"
"203BH01","BOSCH","69b446b2c23d34935c3bd66e","published","3","bosch-22","https://nikelectric.eu/product/bosch-22"
"203IG01","Рафт хладилник - 481010596931","6a48809af41576d1de5dc844","published","0","203ig01","https://nikelectric.eu/product/203ig01"
"203IG02","Лайсна хладилник- C00520444","6a48809ef41576d1de5dc8b0","published","0","203ig02","https://nikelectric.eu/product/203ig02"
"203IG03","Рафт хладилник - C00272782","6a4880a5f41576d1de5dc976","published","0","203ig03","https://nikelectric.eu/product/203ig03"
"203IG04","Рафт хладилник - C00272778","6a4880a5f41576d1de5dc97c","published","0","203ig04","https://nikelectric.eu/product/203ig04"
"203IG06","Капак хладилник - C00273210","6a4880ccf41576d1de5dcdba","published","0","203ig06","https://nikelectric.eu/product/203ig06"
"203IG07","Капак хладилник - C00283886","6a4880ccf41576d1de5dcdc0","published","0","203ig07","https://nikelectric.eu/product/203ig07"
"203IG08","Капак хладилник - C00283741","6a4880cdf41576d1de5dcdc6","published","0","203ig08","https://nikelectric.eu/product/203ig08"
"203IG09","Капак хладилник - C00291478","6a4880cdf41576d1de5dcdd8","published","0","203ig09","https://nikelectric.eu/product/203ig09"
"203IG10","компресорна тава за хладилник - 486081500205","6a488093f41576d1de5dc784","published","0","203ig10","https://nikelectric.eu/product/203ig10"
"203IG11","част хладилник -  481241828892 - 480132102056","6a4880dff41576d1de5dcfca","published","0","203ig11","https://nikelectric.eu/product/203ig11"
"203IG12","част хладилник -  481010467690","6a4880fdf41576d1de5dd306","published","0","203ig12","https://nikelectric.eu/product/203ig12"
"203MI00","Чекмедже за фризер MIELE - 07056190","6a4880f3f41576d1de5dd1f2","published","0","203mi00","https://nikelectric.eu/product/203mi00"
"203MI01","Чекмедже за фризер MIELE - 07056170","6a4880f3f41576d1de5dd1fe","published","0","203mi01","https://nikelectric.eu/product/203mi01"
"203MI05","Табелка MIELE - 10382980","6a4880f3f41576d1de5dd204","published","0","203mi05","https://nikelectric.eu/product/203mi05"
"203ZN20","Елемент за вграждане хладилник - 140046408336","6a48807df41576d1de5dc52c","published","0","203zn20","https://nikelectric.eu/product/203zn20"
"203ZN21","Лайсна хладилник- 2250384209","6a488083f41576d1de5dc5c2","published","0","203zn21","https://nikelectric.eu/product/203zn21"
"203ZN22","държач на лайсна - 2630020010","6a488083f41576d1de5dc5c8","published","0","203zn22","https://nikelectric.eu/product/203zn22"
"203ZN23","релса за хладилник - 2250384191","6a488086f41576d1de5dc622","published","0","203zn23","https://nikelectric.eu/product/203zn23"
"203ZN24","Рафт хладилник - 2249061140","6a488102f41576d1de5dd390","published","0","203zn24","https://nikelectric.eu/product/203zn24"
"203ZN25","Чекмедже за фризер  - 2247137157","6a488102f41576d1de5dd396","published","0","203zn25","https://nikelectric.eu/product/203zn25"
"203ZN26","Стъклен рафт - 22513745301","6a488102f41576d1de5dd3a2","published","0","203zn26","https://nikelectric.eu/product/203zn26"
"208FR08","Крушка хладилник права 13W","6a487f91f41576d1de5dab6a","published","0","208fr08","https://nikelectric.eu/product/208fr08"
"208FR100","Завеса ледарка - 5155732","6a4880b0f41576d1de5dcab4","published","0","208fr100","https://nikelectric.eu/product/208fr100"
"208FR11","Помпа потопяема 7W Hmax. 0.7m  450L/h","6a487f62f41576d1de5da63c","published","0","208fr11","https://nikelectric.eu/product/208fr11"
"208FR12OR","Крушка за хладилник WHIRLPOOL  40W","6a4880f5f41576d1de5dd22e","published","28","208fr12or","https://nikelectric.eu/product/208fr12or"
"208FR23","Помпа ледогенератор GRE - BREMA23600","6a4880c4f41576d1de5dcce2","published","0","208fr23","https://nikelectric.eu/product/208fr23"
"208IG30","капак за помпа ледогенератор - 481940449197","6a488098f41576d1de5dc814","published","0","208ig30","https://nikelectric.eu/product/208ig30"
"208VE00","Плафон с термостат к-т 30029805 - 32001844","6a488046f41576d1de5dbf38","published","1","208ve00","https://nikelectric.eu/product/208ve00"
"209FR01","Пелтие елемент 50х50мм - ТЕС-12708","6a487fcbf41576d1de5db1c4","published","0","209fr01","https://nikelectric.eu/product/209fr01"
"210FR10","Бутон хладилник 3 извода","6a487f75f41576d1de5da84c","published","3","210fr10","https://nikelectric.eu/product/210fr10"
"215FR00","Термостат TF 57 FO - Mikrona","6a48801af41576d1de5dba52","published","1","215fr00","https://nikelectric.eu/product/215fr00"
"215FR106","Термостат KXF31N3 - VESTEL,CROWN,FINLUX","6a48800bf41576d1de5db8b4","published","2","215fr106","https://nikelectric.eu/product/215fr106"
"215FR107","Термостат NEO - WPF18F-100-024","6a488019f41576d1de5dba46","published","1","215fr107","https://nikelectric.eu/product/215fr107"
"215FR110","Термостат NEO CROWN - WPF33","6a488024f41576d1de5dbb78","published","3","215fr110","https://nikelectric.eu/product/215fr110"
"215FR121","HAIER","69b445abc23d34935c3bb926","published","2","haier-14","https://nikelectric.eu/product/haier-14"
"215FR123","Термостат - PFN-175D-01 - хладилник DAEWOO - 2 кр.","6a4880c1f41576d1de5dcc8e","published","10","215fr123","https://nikelectric.eu/product/215fr123"
"215FR38","Термостат ТАМ 112 1М 71- абсорбционен","6a487f77f41576d1de5da888","published","2","215fr38","https://nikelectric.eu/product/215fr38"
"215FR43","Термостат двукам. BOSCH  LK №...540 - K+4/-24C","6a487fbff41576d1de5db074","published","7","215fr43","https://nikelectric.eu/product/215fr43"
"215FR44","Термостат Фризер Кончар","6a487f75f41576d1de5da846","published","8","215fr44","https://nikelectric.eu/product/215fr44"
"215FR46","Термостат двукам. THOMSON","6a487fbff41576d1de5db06e","published","7","215fr46","https://nikelectric.eu/product/215fr46"
"215FR50","Термостат WPF24E-S-EX  с игла - CN","6a487ff2f41576d1de5db5fc","published","1","215fr50","https://nikelectric.eu/product/215fr50"
"215IG01","Електронен термостат - 481010751141","6a488054f41576d1de5dc0ac","published","0","215ig01","https://nikelectric.eu/product/215ig01"
"216FR03","216FR03 -","6a488049f41576d1de5dbf80","published","2","216fr03","https://nikelectric.eu/product/216fr03"
"216FR04","термостат CN - VC 1 K50 - P1110","6a487feaf41576d1de5db518","published","2","216fr04","https://nikelectric.eu/product/216fr04"
"216FR13","K50-P1118 - 1200 mm RANCO - витрина","6a487feaf41576d1de5db51e","published","0","216fr13","https://nikelectric.eu/product/216fr13"
"216FR16","TERMOSTATO DAMPER - 4211800185","6a4880acf41576d1de5dca3c","published","0","216fr16","https://nikelectric.eu/product/216fr16"
"219AC03","реле к-т за компр. + конденз.5625400101","6a487ff4f41576d1de5db644","published","2","219ac03","https://nikelectric.eu/product/219ac03"
"219AR01","Реле - C00522745","6a4880c6f41576d1de5dcd0c","published","0","219ar01","https://nikelectric.eu/product/219ar01"
"219FR54","Реле протектор SPP","6a487f74f41576d1de5da82e","published","1","219fr54","https://nikelectric.eu/product/219fr54"
"219FR60","Реле пусково","6a487f74f41576d1de5da83a","published","12","219fr60","https://nikelectric.eu/product/219fr60"
"222FR100","Вентилатор но фрост WH - 481202858346","6a48802cf41576d1de5dbc56","published","0","222fr100","https://nikelectric.eu/product/222fr100"
"222FR103","Вентилатор No Frost - 220V - Ф4мм - DAEWOO","6a4880c1f41576d1de5dcc94","published","2","222fr103","https://nikelectric.eu/product/222fr103"
"222FR108","Вентилатор 12V - 2.1W - C00293162 - C00308602","6a488097f41576d1de5dc7f0","published","0","222fr108","https://nikelectric.eu/product/222fr108"
"222FR36","Мотор хладилна витрина 82E-2011 - 11/55W","6a4880d1f41576d1de5dce3e","published","0","222fr36","https://nikelectric.eu/product/222fr36"
"222FR99","Вентилатор 12V ARISTON - C00293764","6a48805bf41576d1de5dc17e","published","0","222fr99","https://nikelectric.eu/product/222fr99"
"223AC01","дъно сушилня к-т  - 2990610500","6a48809af41576d1de5dc850","published","0","223ac01","https://nikelectric.eu/product/223ac01"
"223FR05","компресор - 4055283727","6a488033f41576d1de5dbd10","published","0","223fr05","https://nikelectric.eu/product/223fr05"
"223FR06","компресор сушилня EA078PAA - 2969930200","6a48808af41576d1de5dc694","published","0","223fr06","https://nikelectric.eu/product/223fr06"
"223FR08","компресор - TU1110Y -  R600 - 4361193100","6a4880cef41576d1de5dcdf0","published","0","223fr08","https://nikelectric.eu/product/223fr08"
"223FR09","компресор - NS1121Y -  R600 - 4361195590","6a4880cef41576d1de5dcdf6","published","0","223fr09","https://nikelectric.eu/product/223fr09"
"223FR10","компресор - MTZ90MT -  R600 - 5380105011","6a4880cff41576d1de5dcdfc","published","3","223fr10","https://nikelectric.eu/product/223fr10"
"225FR26","ъгъл за уплътнители","6a487f75f41576d1de5da840","published","2","225fr26","https://nikelectric.eu/product/225fr26"
"226FR10","Упл.ракла - 1599 х 582 - 481946818202","6a488023f41576d1de5dbb60","published","0","226fr10","https://nikelectric.eu/product/226fr10"
"227AC00","тръбен нагревател размразител - 4099980100","6a48804ff41576d1de5dc034","published","2","227ac00","https://nikelectric.eu/product/227ac00"
"227AR01","нагревател C00304241","6a4880bff41576d1de5dcc52","published","0","227ar01","https://nikelectric.eu/product/227ar01"
"227AR02","Нагревател - 482000031196","6a4880ddf41576d1de5dcf88","published","0","227ar02","https://nikelectric.eu/product/227ar02"
"227FR07","Н-л хладилник 6.5 W","6a487f74f41576d1de5da834","published","0","227fr07","https://nikelectric.eu/product/227fr07"
"227FR08","размразител L450 , D14 - 125W","6a487ff9f41576d1de5db6c2","published","3","227fr08","https://nikelectric.eu/product/227fr08"
"227FR19","тръбен нагревател размразител DA81-01691AG","6a4880a9f41576d1de5dc9e8","published","2","227fr19","https://nikelectric.eu/product/227fr19"
"227FR20","тръбен нагревател размразител DA81-01691AB","6a4880a9f41576d1de5dc9ee","published","1","227fr20","https://nikelectric.eu/product/227fr20"
"227FR69","Нагр.хладилник 124W - VESTEL - 32004870","6a488049f41576d1de5dbf7a","published","2","227fr69","https://nikelectric.eu/product/227fr69"
"227FR78","тръбен нагревател размразител к-т термофус-180W/72C - C00292646","6a48809df41576d1de5dc892","published","0","227fr78","https://nikelectric.eu/product/227fr78"
"227FR80","HISENSE","69b445fac23d34935c3bc1db","published","5","hisense-2","https://nikelectric.eu/product/hisense-2"
"227FR81","HISENSE","69b445fac23d34935c3bc1e3","published","4","hisense-3","https://nikelectric.eu/product/hisense-3"
"227IG20","нагревател хладилник - 481925928719","6a488098f41576d1de5dc80e","published","0","227ig20","https://nikelectric.eu/product/227ig20"
"229FR","Конектор 1/4","6a48805cf41576d1de5dc196","published","0","229fr","https://nikelectric.eu/product/229fr"
"229FR21","клапан за вода хладилник INDESIT - 481201225743","6a488034f41576d1de5dbd34","published","0","229fr21","https://nikelectric.eu/product/229fr21"
"229FR33","филт.за вода","6a487f75f41576d1de5da858","published","2","229fr33","https://nikelectric.eu/product/229fr33"
"230FR21","ТРМ PRODIGY -35/+35 C - 1.5м осезател","6a48801ef41576d1de5dbad0","published","1","230fr21","https://nikelectric.eu/product/230fr21"
"230FR28","ТРМ PRODIGY -35/+35 C","6a48801af41576d1de5dba58","published","8","230fr28","https://nikelectric.eu/product/230fr28"
"230FR500","Четирипътен вентил","6a4880d5f41576d1de5dceb6","published","0","230fr500","https://nikelectric.eu/product/230fr500"
"230IG05","203IG05 - Рафт хладилник - 481052800172","6a4880c9f41576d1de5dcd5a","published","0","230ig05","https://nikelectric.eu/product/230ig05"
"250FR04","Мотор за вентилатор - вътрешно тяло на климатик- 30W - YYS30-4","6a4880caf41576d1de5dcd7e","published","1","250fr04","https://nikelectric.eu/product/250fr04"
"250FR05","Мотор за вентилатор - вътрешно тяло на климатик- 30W - YYS30-4(YYS30-4-7B)","6a4880caf41576d1de5dcd84","published","1","250fr05","https://nikelectric.eu/product/250fr05"
"250FR06","МОТОР ЗА КЛИМАТИК","69b44602c23d34935c3bc2cc","published","1","d0bcd0bed182d0bed180-d0b7d0b0-d0bad0bbd0b8d0bcd0b0d182d0b8d0ba-4","https://nikelectric.eu/product/d0bcd0bed182d0bed180-d0b7d0b0-d0bad0bbd0b8d0bcd0b0d182d0b8d0ba-4"
"250FR10","МОТОР ЗА КЛИМАТИК","69b44603c23d34935c3bc2f0","published","1","d0bcd0bed182d0bed180-d0b7d0b0-d0bad0bbd0b8d0bcd0b0d182d0b8d0ba-8","https://nikelectric.eu/product/d0bcd0bed182d0bed180-d0b7d0b0-d0bad0bbd0b8d0bcd0b0d182d0b8d0ba-8"
"250FR11","МОТОР ЗА КЛИМАТИК","69b44604c23d34935c3bc2f9","published","1","d0bcd0bed182d0bed180-d0b7d0b0-d0bad0bbd0b8d0bcd0b0d182d0b8d0ba-9","https://nikelectric.eu/product/d0bcd0bed182d0bed180-d0b7d0b0-d0bad0bbd0b8d0bcd0b0d182d0b8d0ba-9"
"250FR12","Мотор за климатик - YDK30-6B (YDK30-6G) - 30W","6a4880cbf41576d1de5dcd96","published","1","250fr12","https://nikelectric.eu/product/250fr12"
"250FR13","МОТОР ЗА КЛИМАТИК","69b44604c23d34935c3bc302","published","1","d0bcd0bed182d0bed180-d0b7d0b0-d0bad0bbd0b8d0bcd0b0d182d0b8d0ba-10","https://nikelectric.eu/product/d0bcd0bed182d0bed180-d0b7d0b0-d0bad0bbd0b8d0bcd0b0d182d0b8d0ba-10"
"250FR14","МОТОР ЗА КЛИМАТИК","69b44604c23d34935c3bc30b","published","1","d0bcd0bed182d0bed180-d0b7d0b0-d0bad0bbd0b8d0bcd0b0d182d0b8d0ba-11","https://nikelectric.eu/product/d0bcd0bed182d0bed180-d0b7d0b0-d0bad0bbd0b8d0bcd0b0d182d0b8d0ba-11"
"300CU02","СКАРА 460 х 225 mm","69b44612c23d34935c3bc491","published","1","d181d0bad0b0d180d0b0-460-d185-225-mm","https://nikelectric.eu/product/d181d0bad0b0d180d0b0-460-d185-225-mm"
"300CU20","МЕМБРАНА","6a47317cf8704b009674d3b6","hidden","9","d0bcd0b5d0bcd0b1d180d0b0d0bdd0b0-3","https://nikelectric.eu/product/d0bcd0b5d0bcd0b1d180d0b0d0bdd0b0-3"
"300CU24","300ZN24 - Капак за вентилатор фурна - 3531923427","6a4880c8f41576d1de5dcd48","published","0","300cu24","https://nikelectric.eu/product/300cu24"
"300CU55","Странична решетка фурна Whirlpool - 481010657448","6a488059f41576d1de5dc136","published","0","300cu55","https://nikelectric.eu/product/300cu55"
"300CU56","скара 426 х 357 - ELECTROLUX - 140066595020","6a48805ff41576d1de5dc1de","published","1","300cu56","https://nikelectric.eu/product/300cu56"
"300CU58","Тава за фурна  - ELECTROLUX -3870288200","6a48806af41576d1de5dc310","published","0","300cu58","https://nikelectric.eu/product/300cu58"
"300CU59","Решетка фурна Whirlpool - C00108932","6a4880a5f41576d1de5dc970","published","0","300cu59","https://nikelectric.eu/product/300cu59"
"300CU62","Телескопи за фурна к-т - 481010640987 + 481010764710","6a488037f41576d1de5dbd8e","published","1","300cu62","https://nikelectric.eu/product/300cu62"
"300CU63","Въздуховод фурна - L=270mm. - 3301863035","6a48804ef41576d1de5dc016","published","0","300cu63","https://nikelectric.eu/product/300cu63"
"300CU65","скара  455x350 mm","6a4880d2f41576d1de5dce62","published","2","300cu65","https://nikelectric.eu/product/300cu65"
"300CU66","скара  435x325 mm","6a4880d2f41576d1de5dce68","published","1","300cu66","https://nikelectric.eu/product/300cu66"
"300CU67","скара  445x340 mm","6a4880d3f41576d1de5dce6e","published","2","300cu67","https://nikelectric.eu/product/300cu67"
"300CU68","скара  445x328 mm","6a4880d3f41576d1de5dce74","published","1","300cu68","https://nikelectric.eu/product/300cu68"
"300CU69","скара  455x365 mm","6a4880d3f41576d1de5dce7a","published","1","300cu69","https://nikelectric.eu/product/300cu69"
"300CU70","скара  428x305 mm","6a4880d3f41576d1de5dce80","published","1","300cu70","https://nikelectric.eu/product/300cu70"
"300CU90","Телескопи за фурна - 5611854117 - 140047902014","6a4880def41576d1de5dcfac","published","0","300cu90","https://nikelectric.eu/product/300cu90"
"300ID01","тава за фурна - C00099622","6a488099f41576d1de5dc832","published","0","300id01","https://nikelectric.eu/product/300id01"
"300ID02","Скара фурна - C00299296","6a488099f41576d1de5dc838","published","0","300id02","https://nikelectric.eu/product/300id02"
"300ID03","Капак за вентилатор фурна - C00290621","6a4880f1f41576d1de5dd1ce","published","0","300id03","https://nikelectric.eu/product/300id03"
"300IG01","Странична решетка фурна Whirlpool - 481010762741","6a4880b3f41576d1de5dcafc","published","0","300ig01","https://nikelectric.eu/product/300ig01"
"300ZN01","решетка пара - 5613164069","6a48806bf41576d1de5dc32e","published","1","300zn01","https://nikelectric.eu/product/300zn01"
"300ZN02","тава за фурна - 3878855109 - 140172872081","6a488070f41576d1de5dc3be","published","0","300zn02","https://nikelectric.eu/product/300zn02"
"300ZN03","тава за фурна - 3532458027","6a488070f41576d1de5dc3c4","published","0","300zn03","https://nikelectric.eu/product/300zn03"
"300ZN04","тава за фурна - 140024698023","6a488072f41576d1de5dc3fa","published","0","300zn04","https://nikelectric.eu/product/300zn04"
"300ZN05","тава за фурна - 3532559022","6a488074f41576d1de5dc436","published","0","300zn05","https://nikelectric.eu/product/300zn05"
"300ZN06","тава за фурна - 140020490029","6a48807bf41576d1de5dc4f0","published","0","300zn06","https://nikelectric.eu/product/300zn06"
"300ZN07","тава за фурна - 140024700027","6a48807cf41576d1de5dc51a","published","0","300zn07","https://nikelectric.eu/product/300zn07"
"300ZN08","тава за фурна - 3870287202","6a488098f41576d1de5dc81a","published","0","300zn08","https://nikelectric.eu/product/300zn08"
"300ZN10","тава пара за фурна - 140024982054","6a48807bf41576d1de5dc4ea","published","0","300zn10","https://nikelectric.eu/product/300zn10"
"300ZN20","Решетка фурна - 140064006012","6a488075f41576d1de5dc45a","published","0","300zn20","https://nikelectric.eu/product/300zn20"
"300ZN21","Решетка фурна - 140067172019","6a488079f41576d1de5dc4b4","published","0","300zn21","https://nikelectric.eu/product/300zn21"
"300ZN22","Решетка фурна - 5611753202 - 5611753319","6a48809df41576d1de5dc8a4","published","0","300zn22","https://nikelectric.eu/product/300zn22"
"300ZN23","Капак за вентилатор фурна - 140111991091 - 3532460072","6a4880a0f41576d1de5dc8f8","published","0","300zn23","https://nikelectric.eu/product/300zn23"
"301AC04","вент. фурна Беко - 264440104","6a487ff7f41576d1de5db698","published","0","301ac04","https://nikelectric.eu/product/301ac04"
"301BH05","Вентилатор фурна БОШ  - EBMR2K150-AH06","6a48802df41576d1de5dbc74","published","1","301bh05","https://nikelectric.eu/product/301bh05"
"301CU02","гайка вентилатор М6 лява резба","6a488044f41576d1de5dbefc","published","23","301cu02","https://nikelectric.eu/product/301cu02"
"301CU24","Микроключ Metalflex 10A метал","6a488025f41576d1de5dbb90","published","17","301cu24","https://nikelectric.eu/product/301cu24"
"301CU33","Термостат фурна SMEG - 818730622","6a48803bf41576d1de5dbdee","published","7","301cu33","https://nikelectric.eu/product/301cu33"
"301CU43","Вентилатор IMS","6a48802df41576d1de5dbc6e","published","3","301cu43","https://nikelectric.eu/product/301cu43"
"301CU80","Клема 2.5 мм2 - двойна порцелан","6a487f8ff41576d1de5dab1c","published","0","301cu80","https://nikelectric.eu/product/301cu80"
"301CU81","Клема 4 мм2 - тройна порцелан","6a487f8ff41576d1de5dab22","published","5","301cu81","https://nikelectric.eu/product/301cu81"
"301CU82","Клема 4 мм2 - двойна порцелан","6a487f8ff41576d1de5dab28","published","1","301cu82","https://nikelectric.eu/product/301cu82"
"301CU84","Клема 6 мм2 - двойна порцелан","6a487f8ff41576d1de5dab2e","published","11","301cu84","https://nikelectric.eu/product/301cu84"
"301CY01","клеморед CANDY малък - 92125541","6a48802ff41576d1de5dbc9e","published","0","301cy01","https://nikelectric.eu/product/301cy01"
"301CY02","мотор вентилатор 60W - 41032330","6a4880bef41576d1de5dcc3a","published","0","301cy02","https://nikelectric.eu/product/301cy02"
"301EG01","Перка за вентилатор фурна LG - 5900W3A004B","6a487ff7f41576d1de5db686","published","0","301eg01","https://nikelectric.eu/product/301eg01"
"301FA06","вент. фурна - 25 C460000A3","6a487fb0f41576d1de5daec4","published","1","301fa06","https://nikelectric.eu/product/301fa06"
"301GR04","клеморед Горение - букса - 617097","6a487fe8f41576d1de5db4ee","published","0","301gr04","https://nikelectric.eu/product/301gr04"
"301GR05","перка вентилатор - 436957","6a48800df41576d1de5db8f0","published","0","301gr05","https://nikelectric.eu/product/301gr05"
"301GR07OR","Клеморед за готварски печки Горение","6a4880c7f41576d1de5dcd30","published","24","301gr07or","https://nikelectric.eu/product/301gr07or"
"301GR08OR","Клеморед за готварски печки Горение","6a4880cff41576d1de5dce14","published","10","301gr08or","https://nikelectric.eu/product/301gr08or"
"301GR10","Мотор за Грил GORENJE - 383878 - 344038","6a4880cbf41576d1de5dcda2","published","1","301gr10","https://nikelectric.eu/product/301gr10"
"301LG100","Вентилатор конвектор - 197 мм - 3340242","6a4880b0f41576d1de5dcaae","published","0","301lg100","https://nikelectric.eu/product/301lg100"
"301NE01","Вентилатор за мини фурна","6a488062f41576d1de5dc232","published","2","301ne01","https://nikelectric.eu/product/301ne01"
"301NE02","Вентилатор за мини фурна","6a488062f41576d1de5dc238","published","4","301ne02","https://nikelectric.eu/product/301ne02"
"301SU03","Вент фурна Самсунг - ляво въртящ","6a487fe2f41576d1de5db43a","published","0","301su03","https://nikelectric.eu/product/301su03"
"301VE00","вент фурна 38 W - ос 23 мм","6a48804cf41576d1de5dbfd4","published","0","301ve00","https://nikelectric.eu/product/301ve00"
"301VE03","вент фурна 38 W - ос 23 мм","6a487feaf41576d1de5db524","published","0","301ve03","https://nikelectric.eu/product/301ve03"
"301VE04","вент фурна 38 W - ос 23 мм","6a487ffdf41576d1de5db734","published","0","301ve04","https://nikelectric.eu/product/301ve04"
"301VE06","вент фурна 35 W - като AE01 с 5мм по дълъг","6a48804cf41576d1de5dbfc8","published","0","301ve06","https://nikelectric.eu/product/301ve06"
"301ZN02","Обдухващ вентилатор фурна Електролукс - 5610265018","6a48804af41576d1de5dbf98","published","0","301zn02","https://nikelectric.eu/product/301zn02"
"302CU13","ЧНП Ф180 - 1500W - YQ-180","6a487fb5f41576d1de5daf54","published","5","302cu13","https://nikelectric.eu/product/302cu13"
"302CU38","Гривна Ф80 мм","6a487f54f41576d1de5da4d8","published","3","302cu38","https://nikelectric.eu/product/302cu38"
"302CU40","145mm 1500W - 2 извода без термостат","69d38f14aee9eefaf1f41238","published","0","302cu40","https://nikelectric.eu/product/302cu40"
"302CU42","ЧНП 180mm 1500W - 2 извода","6a488056f41576d1de5dc0dc","published","0","302cu42","https://nikelectric.eu/product/302cu42"
"302CU44","145 mm  - 600 W - два края","6a488007f41576d1de5db854","published","6","302cu44","https://nikelectric.eu/product/302cu44"
"302CU48","ЧНП Ф145 - 1000W - 3 края","6a488027f41576d1de5dbbc0","published","6","302cu48","https://nikelectric.eu/product/302cu48"
"302CU52","плоча U.K - 145 mm 1200W - регулатор","6a48802bf41576d1de5dbc44","published","1","302cu52","https://nikelectric.eu/product/302cu52"
"302CU53","U.K - 180 mm 1800W - регулатор","6a48802cf41576d1de5dbc4a","published","1","302cu53","https://nikelectric.eu/product/302cu53"
"302CU75","ЧНП 165mm 1250-1500W - 2 края","6a488085f41576d1de5dc60a","published","1","302cu75","https://nikelectric.eu/product/302cu75"
"303AR100","Болт печка - C00084862","6a488092f41576d1de5dc778","published","0","303ar100","https://nikelectric.eu/product/303ar100"
"303CU12","Сигн. лампа без кабел - Ф12 мм","6a487f7af41576d1de5da8d0","published","0","303cu12","https://nikelectric.eu/product/303cu12"
"303CU20","Глим лампа 220 V - Е 14","6a487f7bf41576d1de5da8f4","published","0","303cu20","https://nikelectric.eu/product/303cu20"
"303CU29","светодиод за прточен бойлер MUHLER","6a48803df41576d1de5dbe2a","published","2","303cu29","https://nikelectric.eu/product/303cu29"
"303CU38","СИГНАЛНА ЛАМПА ЗЕЛЕНА","69b445f1c23d34935c3bc0d6","published","10","d181d0b8d0b3d0bdd0b0d0bbd0bdd0b0-d0bbd0b0d0bcd0bfd0b0-d0b7d0b5d0bbd0b5d0bdd0b0","https://nikelectric.eu/product/d181d0b8d0b3d0bdd0b0d0bbd0bdd0b0-d0bbd0b0d0bcd0bfd0b0-d0b7d0b5d0bbd0b5d0bdd0b0"
"303ZN100","Болт печка - 4055218657","6a488075f41576d1de5dc442","published","0","303zn100","https://nikelectric.eu/product/303zn100"
"304CU00","Фасунга за фурна с гривна Ф50мм","6a47ba7bfa3ae84745413634","published","-1","-----50","https://nikelectric.eu/product/-----50"
"304CU02","плафон фурна Ф38 - G9  18W 230V -  300 С","6a488061f41576d1de5dc220","published","2","304cu02","https://nikelectric.eu/product/304cu02"
"304CU14","Крушка фурна  300° С  Е14 - 40W 220V","6a488019f41576d1de5dba40","published","1","304cu14","https://nikelectric.eu/product/304cu14"
"304GR00","Плафон фурна Gorenje - 196005","6a487fe5f41576d1de5db494","published","0","304gr00","https://nikelectric.eu/product/304gr00"
"304IG01OR","Стъкло за плафон на фурна WHIRLPOOL","6a4880a4f41576d1de5dc96a","published","12","304ig01or","https://nikelectric.eu/product/304ig01or"
"306AC01","термодв. Беко 35см - 230311004","6a48802ef41576d1de5dbc92","published","3","306ac01","https://nikelectric.eu/product/306ac01"
"306AC02","термодв. Беко 33см - 231900039","6a48802ef41576d1de5dbc98","published","2","306ac02","https://nikelectric.eu/product/306ac02"
"306CU93","Термодв. газ 30 см - Г образна","6a487f93f41576d1de5dab8e","published","1","306cu93","https://nikelectric.eu/product/306cu93"
"306CU94","Термодв. газ","6a487ff4f41576d1de5db62c","published","5","306cu94","https://nikelectric.eu/product/306cu94"
"306CU95","Термодв.Горение 50см  - 162125 - кръгъл куплун","6a487feef41576d1de5db596","published","2","306cu95","https://nikelectric.eu/product/306cu95"
"307AC02","Ключ сдвоен 7+0 - 42.08100.006","6a487f8af41576d1de5daaaa","published","0","307ac02","https://nikelectric.eu/product/307ac02"
"307AC08OR","Ключ Беко 8+0","6a48800ef41576d1de5db914","published","8","307ac08or","https://nikelectric.eu/product/307ac08or"
"307AC11","Ключ Беко 6+0 - за гайка - 41.41723.027","6a488022f41576d1de5dbb3c","published","2","307ac11","https://nikelectric.eu/product/307ac11"
"307AR07","Ключ Индезит  19HE-004 - 8+0","6a487fe4f41576d1de5db46a","published","0","307ar07","https://nikelectric.eu/product/307ar07"
"307AR15","Ключ Аристон 30104/6  10+0 - C00052299","6a48805af41576d1de5dc15a","published","0","307ar15","https://nikelectric.eu/product/307ar15"
"307CU10","Упл.за врътка плот - C00112484","6a487fc8f41576d1de5db15e","published","2","307cu10","https://nikelectric.eu/product/307cu10"
"307CW04","Ключ фурна 4+0 - 46.25866.515","6a488004f41576d1de5db800","published","0","307cw04","https://nikelectric.eu/product/307cw04"
"307CW05","Ключ 6+0 - EGO - 4141723009 - обратен на 307AC06","6a488006f41576d1de5db82a","published","0","307cw05","https://nikelectric.eu/product/307cw05"
"307CW06","Ключ минифурна 3+0 - 3 края като вент. печка","6a488009f41576d1de5db890","published","1","307cw06","https://nikelectric.eu/product/307cw06"
"307CW07","Ключ минифурна 3+0 - 3 +2 края като вент. печка","6a48804df41576d1de5dbfe6","published","5","307cw07","https://nikelectric.eu/product/307cw07"
"307ED05","Кл.фурна Дипломат-4033/9АК - 3020200612","6a487f8ef41576d1de5daafe","published","0","307ed05","https://nikelectric.eu/product/307ed05"
"307FA03","Ключ 6+0 Fagor","6a487f8df41576d1de5daaf8","published","1","307fa03","https://nikelectric.eu/product/307fa03"
"307GR09","Ключ Горение - 599150 за реостат","6a487faef41576d1de5dae8e","published","0","307gr09","https://nikelectric.eu/product/307gr09"
"307GR15","Ключ Горение 11HE-139 - 6+0","6a487fd6f41576d1de5db2f0","published","0","307gr15","https://nikelectric.eu/product/307gr15"
"307GR16","Ключ Горение - 156003 реостатен 1 кръг  EGO 50.77021.004","6a487fe8f41576d1de5db4e8","published","0","307gr16","https://nikelectric.eu/product/307gr16"
"307GR33","Ключ GR - двоен тесен 6+0 / 6+0 - 255692","6a4880fbf41576d1de5dd2d6","published","0","307gr33","https://nikelectric.eu/product/307gr33"
"307ID02","Ключ 6+0 - Индезит - C00013413","6a487f8cf41576d1de5daada","published","1","307id02","https://nikelectric.eu/product/307id02"
"307IG08OR","Селектор фурна WHIRLPOOL 12 позиции","6a4880fcf41576d1de5dd2ee","published","4","307ig08or","https://nikelectric.eu/product/307ig08or"
"307LG100","Ключ 0+2 - 7100585","6a4880e8f41576d1de5dd0cc","published","0","307lg100","https://nikelectric.eu/product/307lg100"
"307LG14","Ключ реостат /син/ - Invensis","6a487f8cf41576d1de5daae0","published","0","307lg14","https://nikelectric.eu/product/307lg14"
"307LG17","Ключ 3022/11 - вкл.+ТРМ","6a487fbdf41576d1de5db038","published","1","307lg17","https://nikelectric.eu/product/307lg17"
"307LG19","Ключ EGO 7+0 - 42.08000.019","6a487fc9f41576d1de5db176","published","0","307lg19","https://nikelectric.eu/product/307lg19"
"307LG20","Ключ EGO с термостат за плоча с дупка - 76.01122.000","6a487fb2f41576d1de5daefa","published","0","307lg20","https://nikelectric.eu/product/307lg20"
"307LG34","ключ керамичен 4+0","6a487feff41576d1de5db5a8","published","1","307lg34","https://nikelectric.eu/product/307lg34"
"307LG35","ключ 4+0 - 4053/16","6a487ffaf41576d1de5db6ec","published","0","307lg35","https://nikelectric.eu/product/307lg35"
"307LG36","ключ  6+0 - 4073/10","6a487ffbf41576d1de5db6f2","published","0","307lg36","https://nikelectric.eu/product/307lg36"
"307LG43","Кл.Квадрат термостат-Елит","6a487f8df41576d1de5daaf2","published","6","307lg43","https://nikelectric.eu/product/307lg43"
"307LG49","Ключ Фурна заТРМ верига - EGO","6a487fbef41576d1de5db050","published","2","307lg49","https://nikelectric.eu/product/307lg49"
"307LG51","Ключ фурна 5+0 - an.el - 8809524040","6a488051f41576d1de5dc052","published","2","307lg51","https://nikelectric.eu/product/307lg51"
"307LG52","Ключ фурна 4+0 - EGO - 42.05000.009","6a488051f41576d1de5dc058","published","1","307lg52","https://nikelectric.eu/product/307lg52"
"307LG56","ключ EGO 7+0 49.28915.751 - 3057034 ZN конвектомат","6a4880b3f41576d1de5dcb0e","published","1","307lg56","https://nikelectric.eu/product/307lg56"
"307MA02","Ключ Мидея 4+0","6a487fd3f41576d1de5db2a2","published","0","307ma02","https://nikelectric.eu/product/307ma02"
"307MD00","Ключ MIDEA  6+0","6a4880f2f41576d1de5dd1da","published","0","307md00","https://nikelectric.eu/product/307md00"
"307MD01","Ключ MIDEA  6+0","6a4880f2f41576d1de5dd1e0","published","1","307md01","https://nikelectric.eu/product/307md01"
"307MK02","Ключ Fagor 11НЕ-112 - 6+0 - C110008A0","6a487f8bf41576d1de5daabc","published","6","307mk02","https://nikelectric.eu/product/307mk02"
"307MK04","Ключ Мастеркук 11HE-043","6a4880fef41576d1de5dd330","published","0","307mk04","https://nikelectric.eu/product/307mk04"
"307NE02","ключ  3+0  минифурни NEO - OV-50IX","6a487fedf41576d1de5db584","published","1","307ne02","https://nikelectric.eu/product/307ne02"
"307NE05","Ключ фурна 5+0 - F-36","6a488061f41576d1de5dc226","published","4","307ne05","https://nikelectric.eu/product/307ne05"
"307NE06","Ключ фурна 6+0 B/S - 4073/10","6a488061f41576d1de5dc22c","published","0","307ne06","https://nikelectric.eu/product/307ne06"
"307SM05","ключ фурна  8+0 - 811730131 - 30911/1","6a488028f41576d1de5dbbf0","published","4","307sm05","https://nikelectric.eu/product/307sm05"
"307SM06","ключ 6+0 - EGO 42.07000.002 - 811730066","6a488029f41576d1de5dbbf6","published","5","307sm06","https://nikelectric.eu/product/307sm06"
"307SM07","ключ фурна  10+0 - 40114/1 - 811730202","6a488029f41576d1de5dbbfc","published","1","307sm07","https://nikelectric.eu/product/307sm07"
"307SM08","ключ реостатен - 80.13040.000 - 816810028","6a48802af41576d1de5dbc20","published","3","307sm08","https://nikelectric.eu/product/307sm08"
"307SM11","ключ за плот 6+0 - 811730138","6a488050f41576d1de5dc04c","published","4","307sm11","https://nikelectric.eu/product/307sm11"
"307SM12","ключ фурна + грил  - пълен -811730108","6a488051f41576d1de5dc05e","published","2","307sm12","https://nikelectric.eu/product/307sm12"
"307SM13","ключ за фурна с гайка 3+0 - 811730155","6a488051f41576d1de5dc064","published","4","307sm13","https://nikelectric.eu/product/307sm13"
"307TR02","Ключ 3+0 - 422","6a487ff2f41576d1de5db608","published","6","307tr02","https://nikelectric.eu/product/307tr02"
"307TR22","ключ фурна 9+0 - 32001918","6a487fddf41576d1de5db3bc","published","0","307tr22","https://nikelectric.eu/product/307tr22"
"307TR23","Ключ 6+0 - VCM7002L","6a4880a0f41576d1de5dc8fe","published","15","307tr23","https://nikelectric.eu/product/307tr23"
"307TR31","Ключ 1+0 вкл./изкл. с кабели и сиг.лампа","6a48803af41576d1de5dbddc","published","5","307tr31","https://nikelectric.eu/product/307tr31"
"307TR35","Ключ 6+0 - 5800","6a48804df41576d1de5dbfec","published","0","307tr35","https://nikelectric.eu/product/307tr35"
"307TR36","Ключ 3+0 - 3800","6a48804df41576d1de5dbff2","published","0","307tr36","https://nikelectric.eu/product/307tr36"
"307VE01","Кл.Краун 5+0 - дълъг - 32001424","6a487fccf41576d1de5db1d0","published","0","307ve01","https://nikelectric.eu/product/307ve01"
"307VE05","ключ фурна 5+0 - EGO 46.26866.523","6a487fdcf41576d1de5db3a4","published","1","307ve05","https://nikelectric.eu/product/307ve05"
"307VE21","Ключ 9+0 - EGO 42.00001.019","6a48804df41576d1de5dbff8","published","2","307ve21","https://nikelectric.eu/product/307ve21"
"307ZN03","ключ фурна 8+0 - 11HE 144","6a487fdff41576d1de5db3e6","published","0","307zn03","https://nikelectric.eu/product/307zn03"
"307ZN07","ключ фурна 4+0 - EGO 42.25866.808","6a487fddf41576d1de5db3b6","published","0","307zn07","https://nikelectric.eu/product/307zn07"
"307ZN08","ключ фурна 8+0 - 357059801","6a487fddf41576d1de5db3c2","published","0","307zn08","https://nikelectric.eu/product/307zn08"
"307ZN09","ключ фурна 8+0 - 11HE 071","6a487fddf41576d1de5db3aa","published","0","307zn09","https://nikelectric.eu/product/307zn09"
"307ZN10","ключ фурна 6+0 - 11HE 104","6a487fddf41576d1de5db3b0","published","0","307zn10","https://nikelectric.eu/product/307zn10"
"307ZN11","ключ фурна 6+0 - АЕГ 42.07000.059","6a487fe0f41576d1de5db40a","published","0","307zn11","https://nikelectric.eu/product/307zn11"
"307ZN18","ключ фурна 7+0  - 140137439018","6a488050f41576d1de5dc03a","published","0","307zn18","https://nikelectric.eu/product/307zn18"
"307ZN22","ключ фурна 9+0 -8071806064","6a4880b2f41576d1de5dcae4","published","0","307zn22","https://nikelectric.eu/product/307zn22"
"307ZN28","ключ фурна 9+0 - 3421527015","6a488103f41576d1de5dd3ba","published","0","307zn28","https://nikelectric.eu/product/307zn28"
"307ZN30","Ключ фурна 3303166007","6a4880f9f41576d1de5dd294","published","0","307zn30","https://nikelectric.eu/product/307zn30"
"307ZN50","Ключ 9+0 с кабел 140137440016","6a488104f41576d1de5dd3cc","published","0","307zn50","https://nikelectric.eu/product/307zn50"
"308AC05OR","Уплътнение за фурна 340х420 мм","6a487f58f41576d1de5da540","published","6","308ac05or","https://nikelectric.eu/product/308ac05or"
"308AC14OR","Упл. фурна BEKO - пиролиза","6a48808bf41576d1de5dc6a0","published","3","308ac14or","https://nikelectric.eu/product/308ac14or"
"308AC15OR","Уплътнител за фурна BEKO с обратни куки 17х43","6a4880f5f41576d1de5dd234","published","2","308ac15or","https://nikelectric.eu/product/308ac15or"
"308AE04","Упл. фурна AEG с обр. куки 31.5 x 41.5","6a488062f41576d1de5dc23e","published","8","308ae04","https://nikelectric.eu/product/308ae04"
"308AR06","Упл. фурна INDESIT - пиролиза - C00096820","6a4880abf41576d1de5dca30","published","0","308ar06","https://nikelectric.eu/product/308ar06"
"308CU101","Уплътнител фурна","6a487ff8f41576d1de5db6b6","published","2","308cu101","https://nikelectric.eu/product/308cu101"
"308CU21","Упл.фурна Тека П-обр. - 27х43.5 см","6a487fcff41576d1de5db21e","published","3","308cu21","https://nikelectric.eu/product/308cu21"
"308CU24","Упл.фурна Тека  - 31х42см","6a487ff2f41576d1de5db5f6","published","2","308cu24","https://nikelectric.eu/product/308cu24"
"308CU39","Упл.фурна 31x42 см","6a487fc7f41576d1de5db14c","published","0","308cu39","https://nikelectric.eu/product/308cu39"
"308CU41","Упл.фурна П-обр. 365 x 220 - SILICON GASKET","6a488007f41576d1de5db848","published","1","308cu41","https://nikelectric.eu/product/308cu41"
"308CU43","308CU43","6a4880c7f41576d1de5dcd2a","published","0","308cu43","https://nikelectric.eu/product/308cu43"
"308CY00","308CY0 - Упл.фурна","6a48803ef41576d1de5dbe5a","published","1","308cy00","https://nikelectric.eu/product/308cy00"
"308GR08","Упл. фурна обр. куки - 867770","6a4880fef41576d1de5dd32a","published","0","308gr08","https://nikelectric.eu/product/308gr08"
"308MI01","9278820 - 485x401mm.","6a4880ebf41576d1de5dd120","published","0","308mi01","https://nikelectric.eu/product/308mi01"
"308VE00","Упл. фурна  - 32 x 42","6a4880adf41576d1de5dca60","published","2","308ve00","https://nikelectric.eu/product/308ve00"
"308VE01","Упл. фурна VESTEL - 31.5 x 36 обр. куки - 42009965","6a4880cbf41576d1de5dcda8","published","0","308ve01","https://nikelectric.eu/product/308ve01"
"308VE03","Упл. фурна П-обр. 30x34","6a487fe0f41576d1de5db410","published","1","308ve03","https://nikelectric.eu/product/308ve03"
"308ZN07","Упл. фурна Електролукс - 32х38 см","6a4880e3f41576d1de5dd042","published","13","308zn07","https://nikelectric.eu/product/308zn07"
"308ZN08","Упл. фурна AEG - пиролиза - 3873918019","6a4880fdf41576d1de5dd312","published","0","308zn08","https://nikelectric.eu/product/308zn08"
"308ZN09","Упл. фурна AEG - 3898788009","6a488100f41576d1de5dd35a","published","0","308zn09","https://nikelectric.eu/product/308zn09"
"308ZN20","Упл. фурна Електролукс - 5610468034","6a488074f41576d1de5dc43c","published","0","308zn20","https://nikelectric.eu/product/308zn20"
"309CU103","309CU103","6a4880eef41576d1de5dd174","published","0","309cu103","https://nikelectric.eu/product/309cu103"
"309CU105","Дюза PB 0.87 mm - M6x0.75","6a48800ef41576d1de5db908","published","1","309cu105","https://nikelectric.eu/product/309cu105"
"309CU113","Дюза PB 0.75mm - M6x1 - C730022N1","6a487fb0f41576d1de5daeca","published","55","309cu113","https://nikelectric.eu/product/309cu113"
"309CU115","Дюза PB 0.95mm - M6x1 - C730043P2","6a487fb1f41576d1de5daed0","published","1","309cu115","https://nikelectric.eu/product/309cu115"
"309CU20","Дюзи к-т 5МВ - GPL - NARDI","6a488017f41576d1de5dba0a","published","0","309cu20","https://nikelectric.eu/product/309cu20"
"309CU21","Дюзи к-т 5МВ - GPL - FORNELLII","6a488017f41576d1de5dba10","published","4","309cu21","https://nikelectric.eu/product/309cu21"
"309CU22","Дюзи к-т 6МA - GPL - FORNELLII","6a488018f41576d1de5dba16","published","0","309cu22","https://nikelectric.eu/product/309cu22"
"309CU26","Дюзи к-т 4МВ - METAN","6a488018f41576d1de5dba1c","published","20","309cu26","https://nikelectric.eu/product/309cu26"
"309CU28","Дюзи к-т  6МВ - METAN","6a488018f41576d1de5dba22","published","3","309cu28","https://nikelectric.eu/product/309cu28"
"309CU33","Дюзи к-т 4бр.-TEKA - M7 - метан","6a487fd0f41576d1de5db248","published","0","309cu33","https://nikelectric.eu/product/309cu33"
"309CU43","Дюзи к-т 6МВ GPL","6a48805cf41576d1de5dc19c","published","2","309cu43","https://nikelectric.eu/product/309cu43"
"309CU63","Кран за газ котлон Дипломат - зелен - 3020300648","6a487fc9f41576d1de5db17c","published","0","309cu63","https://nikelectric.eu/product/309cu63"
"309CU64","Кран за газ фурна Дипломат -  червен - 3020200648","6a487fc9f41576d1de5db182","published","0","309cu64","https://nikelectric.eu/product/309cu64"
"309CU68","Кран за газова печка VESTEL - игла + нипел","6a48804cf41576d1de5dbfda","published","1","309cu68","https://nikelectric.eu/product/309cu68"
"309CU75","Кран за газ VESTEL - Г образен - кабел+нипел","6a48804df41576d1de5dbfe0","published","1","309cu75","https://nikelectric.eu/product/309cu75"
"309CU77","Кран за газ котлон Дипломат с алум.капачка","6a48805ef41576d1de5dc1c0","published","2","309cu77","https://nikelectric.eu/product/309cu77"
"309CU78","Кран за газ котлон Дипломат с месинг капачка","6a48805ef41576d1de5dc1c6","published","0","309cu78","https://nikelectric.eu/product/309cu78"
"309CU79","Кран за газова печка","6a488061f41576d1de5dc214","published","13","309cu79","https://nikelectric.eu/product/309cu79"
"309CU81","Кран за газ","6a4880b5f41576d1de5dcb44","published","0","309cu81","https://nikelectric.eu/product/309cu81"
"310CU39","Електрод газ + запалка","6a48809df41576d1de5dc89e","published","1","310cu39","https://nikelectric.eu/product/310cu39"
"310CU43","Електрод газови котлони L800mm 5X6X28 mm","6a487f92f41576d1de5dab82","published","0","310cu43","https://nikelectric.eu/product/310cu43"
"310CU44","Електрод газови котлони L1050mm 5X6X28 mm","6a487f92f41576d1de5dab7c","published","0","310cu44","https://nikelectric.eu/product/310cu44"
"311CU03","Горелки к-т Нарди","6a487f94f41576d1de5dabbe","published","1","311cu03","https://nikelectric.eu/product/311cu03"
"311CU201","решетки за турски газови печки - 4 вида","6a487f92f41576d1de5dab88","published","1","311cu201","https://nikelectric.eu/product/311cu201"
"311CU41","Капачка за горелка Ф80 - Дипломат","6a48805df41576d1de5dc1ba","published","0","311cu41","https://nikelectric.eu/product/311cu41"
"311CU44","Горелка Дипломат Ф80 мм","6a48805df41576d1de5dc1ae","published","0","311cu44","https://nikelectric.eu/product/311cu44"
"311CU45","Горелка Дипломат Ф100 мм","6a48805df41576d1de5dc1b4","published","0","311cu45","https://nikelectric.eu/product/311cu45"
"311CU46","Патрон за газ - Зануси","6a487f92f41576d1de5dab70","published","5","311cu46","https://nikelectric.eu/product/311cu46"
"311CU47","Патрон за газ бойлер - голям","6a487f92f41576d1de5dab76","published","0","311cu47","https://nikelectric.eu/product/311cu47"
"311CU500","Горелка - ø 115 mm 6KW - 3025403","6a4880dbf41576d1de5dcf52","published","0","311cu500","https://nikelectric.eu/product/311cu500"
"311CU74","к-т врътки газ.печка","6a487f7ef41576d1de5da93c","published","1","311cu74","https://nikelectric.eu/product/311cu74"
"311LG100","Горелка ø 75 mm 4.3Kw - 3025169","6a4880c0f41576d1de5dcc6a","published","0","311lg100","https://nikelectric.eu/product/311lg100"
"311lg101","Горелка ø 95 mm 6.4Kw - 3025172","6a4880c0f41576d1de5dcc70","published","0","311lg101","https://nikelectric.eu/product/311lg101"
"312AC28OR","ТЕН Беко 1200 W в тава","6a488104f41576d1de5dd3c6","published","3","312ac28or","https://nikelectric.eu/product/312ac28or"
"312BH02","ТЕН фритюрник БОШ-комплект","6a487fcff41576d1de5db236","published","2","312bh02","https://nikelectric.eu/product/312bh02"
"312BH16OR","ТЕН Бош 2800W - 776188","6a4880cff41576d1de5dce0e","published","0","312bh16or","https://nikelectric.eu/product/312bh16or"
"312BH26","ТЕН Бош долен  1100W - 00470763","6a4880faf41576d1de5dd2c4","published","2","312bh26","https://nikelectric.eu/product/312bh26"
"312BH27","Кръгъл нагревател за фурна BOSCH 2200W","6a3d47de63ce2a8468e4791b","published","0","----bosch-2200w","https://nikelectric.eu/product/----bosch-2200w"
"312BP05","ТЕН Бомпани 1100+1500W","6a48801af41576d1de5dba5e","published","1","312bp05","https://nikelectric.eu/product/312bp05"
"312BP07","ТЕН Бомпани долен 1100W - 40023062","6a488025f41576d1de5dbb9c","published","0","312bp07","https://nikelectric.eu/product/312bp07"
"312CU105","ТЕН Минифурна 37,5см 500W-115V - пръчка","6a48800bf41576d1de5db8ba","published","0","312cu105","https://nikelectric.eu/product/312cu105"
"312CU106","ТЕН Минифурна 40см 500W-115V - пръчка","6a48800bf41576d1de5db8c0","published","10","312cu106","https://nikelectric.eu/product/312cu106"
"312CU108","ТЕН Минифурна 45см 500W-115V - пръчка- планка","6a48800bf41576d1de5db8c6","published","6","312cu108","https://nikelectric.eu/product/312cu108"
"312CU176","ТЕН НЕО СИМФЕР - 800W","6a4880a8f41576d1de5dc9c4","published","3","312cu176","https://nikelectric.eu/product/312cu176"
"312CU197","ТЕН Скара 1000W с кабел","6a488000f41576d1de5db782","published","0","312cu197","https://nikelectric.eu/product/312cu197"
"312CU206","ТЕН Чайка 350 W","6a487f58f41576d1de5da546","published","1","312cu206","https://nikelectric.eu/product/312cu206"
"312CU218","ТЕН 900W - 110V /25/","6a487f59f41576d1de5da54c","published","2","312cu218","https://nikelectric.eu/product/312cu218"
"312CU222","ТЕН тостер 1000W-110V /28/","6a487f59f41576d1de5da552","published","1","312cu222","https://nikelectric.eu/product/312cu222"
"312CU223","ТЕН тостер 900W-110V /24/","6a487f59f41576d1de5da558","published","1","312cu223","https://nikelectric.eu/product/312cu223"
"312CU224","ТЕН тостер 650W-220V /27/","6a487f59f41576d1de5da55e","published","2","312cu224","https://nikelectric.eu/product/312cu224"
"312CU233","ТЕН  1100W - долен","6a487f59f41576d1de5da564","published","1","312cu233","https://nikelectric.eu/product/312cu233"
"312CU242","ТЕН без планка - 1000W","6a487fccf41576d1de5db1ca","published","0","312cu242","https://nikelectric.eu/product/312cu242"
"312CU243","ТЕН Минифурна 38см 400W-115V - пръчка","6a48807bf41576d1de5dc4f6","published","0","312cu243","https://nikelectric.eu/product/312cu243"
"312CU258","ТЕН тостер BOSCH - 481265","6a488011f41576d1de5db96e","published","0","312cu258","https://nikelectric.eu/product/312cu258"
"312CU263","ТЕН вент. дълга планка 1800W","6a487fe6f41576d1de5db4b8","published","0","312cu263","https://nikelectric.eu/product/312cu263"
"312CU265","ТЕН конелиано - 800W","6a487fd6f41576d1de5db2e4","published","2","312cu265","https://nikelectric.eu/product/312cu265"
"312CU267","ТЕН Санг 1100 W","6a487fd8f41576d1de5db320","published","1","312cu267","https://nikelectric.eu/product/312cu267"
"312CU268","ТЕН НЕО 1000W - М-образен","6a487fdef41576d1de5db3ce","published","0","312cu268","https://nikelectric.eu/product/312cu268"
"312CU279OR","Нагревател микровълнова фурна 400 W  230V","6a488058f41576d1de5dc11e","published","14","312cu279or","https://nikelectric.eu/product/312cu279or"
"312CU288","ТЕН Минифурна 390 х 220 мм -  800W  230V","6a487fe9f41576d1de5db50c","published","0","312cu288","https://nikelectric.eu/product/312cu288"
"312CU289","ТЕН Минифурна 260 х 220 мм -  800W  230V","6a487fe9f41576d1de5db512","published","0","312cu289","https://nikelectric.eu/product/312cu289"
"312CU300","ТЕН тостер","6a487ffff41576d1de5db76a","published","2","312cu300","https://nikelectric.eu/product/312cu300"
"312CU302","ТЕН минифурна долен 210x410mm - 650W","6a488028f41576d1de5dbbde","published","0","312cu302","https://nikelectric.eu/product/312cu302"
"312CU307","ТЕН Фиба с планка 650 W","6a488054f41576d1de5dc0be","published","1","312cu307","https://nikelectric.eu/product/312cu307"
"312CU308","ТЕН Фиба с планка 450 W","6a488055f41576d1de5dc0c4","published","1","312cu308","https://nikelectric.eu/product/312cu308"
"312CU312","TEH фурна 1000W с планки","6a4880adf41576d1de5dca4e","published","1","312cu312","https://nikelectric.eu/product/312cu312"
"312CU313","ТЕН фурна - 1000W","6a4880adf41576d1de5dca54","published","2","312cu313","https://nikelectric.eu/product/312cu313"
"312CU314","ТЕН фурна - 1000W","6a4880adf41576d1de5dca5a","published","3","312cu314","https://nikelectric.eu/product/312cu314"
"312CU501","ТЕН фритюрник  3000W - 5089639","6a4880c6f41576d1de5dcd06","published","0","312cu501","https://nikelectric.eu/product/312cu501"
"312CU502","TEH 1800W - 7118462","6a4880d0f41576d1de5dce20","published","0","312cu502","https://nikelectric.eu/product/312cu502"
"312CW12","ТЕН вентилатор Краун широка планка - 2000W","6a488004f41576d1de5db7fa","published","0","312cw12","https://nikelectric.eu/product/312cw12"
"312CY06OR","Кръгъл нагревател за Канди 2200 W","6a4880e1f41576d1de5dd00c","published","7","312cy06or","https://nikelectric.eu/product/312cy06or"
"312GR09","ТЕН вент. Горение 2200W","6a487f5af41576d1de5da570","published","4","312gr09","https://nikelectric.eu/product/312gr09"
"312GR10","ТЕН вент. Горение 2500W - 318349","6a487fadf41576d1de5dae64","published","1","312gr10","https://nikelectric.eu/product/312gr10"
"312GR31","312GR31","6a4880e2f41576d1de5dd018","published","0","312gr31","https://nikelectric.eu/product/312gr31"
"312GR36","ТЕН Горение 1100W  - задна планка - 400269","6a4880fff41576d1de5dd33c","published","1","312gr36","https://nikelectric.eu/product/312gr36"
"312IG14","ТЕН Whirlpool 2250W горен - C00082732","6a4880aef41576d1de5dca6c","published","0","312ig14","https://nikelectric.eu/product/312ig14"
"312ME04","ТЕН Мечта 500W","6a487f58f41576d1de5da52e","published","0","312me04","https://nikelectric.eu/product/312me04"
"312ME05","ТЕН Мечта 800W","6a487f57f41576d1de5da528","published","0","312me05","https://nikelectric.eu/product/312me05"
"312NE07","ТЕН НЕО горен изм пл - 800 + 1500 W","6a487fdef41576d1de5db3c8","published","0","312ne07","https://nikelectric.eu/product/312ne07"
"312NE17","ТЕН НЕО горен рамка - 1000W - стр.планка","6a488060f41576d1de5dc20e","published","1","312ne17","https://nikelectric.eu/product/312ne17"
"312NE19","ТЕН НЕО - 800 W","6a4880daf41576d1de5dcf34","published","2","312ne19","https://nikelectric.eu/product/312ne19"
"312NE20","ТЕН НЕО - 700 W","6a4880daf41576d1de5dcf3a","published","0","312ne20","https://nikelectric.eu/product/312ne20"
"312NE21","ТЕН НЕО - 1150W - стр.планка","6a4880daf41576d1de5dcf40","published","1","312ne21","https://nikelectric.eu/product/312ne21"
"312NE22","ТЕН НЕО горен - 1000+1800W","6a4880daf41576d1de5dcf46","published","2","312ne22","https://nikelectric.eu/product/312ne22"
"312SU02","ТЕН вент. Самсунг  - 1800W","6a487ff1f41576d1de5db5f0","published","0","312su02","https://nikelectric.eu/product/312su02"
"312SU03","ТЕН вент. Самсунг  - 1200W - Ф150мм","6a48800df41576d1de5db8f6","published","5","312su03","https://nikelectric.eu/product/312su03"
"312SU06","TEH SAMSUNG - DG47-00011C","6a4880cff41576d1de5dce02","published","0","312su06","https://nikelectric.eu/product/312su06"
"312ZN04","ТЕН Зануси горен 1200/1800W","6a487f5af41576d1de5da576","published","1","312zn04","https://nikelectric.eu/product/312zn04"
"312ZN11","ТЕН AEG  2900W - AEG","6a487fdef41576d1de5db3d4","published","2","312zn11","https://nikelectric.eu/product/312zn11"
"312ZN14","ТЕН долен 1000W","6a487fdef41576d1de5db3da","published","2","312zn14","https://nikelectric.eu/product/312zn14"
"312ZN16","ТЕН Електролукс 850W долен дълга планка","6a487fe0f41576d1de5db404","published","1","312zn16","https://nikelectric.eu/product/312zn16"
"312ZN26OR","Горен нагревател за готварска печка 1000+900W","6a488053f41576d1de5dc08e","published","3","312zn26or","https://nikelectric.eu/product/312zn26or"
"312ZN30OR","ТЕН AEG долен 1500W  - 140053756015","6a4880bef41576d1de5dcc2e","published","0","312zn30or","https://nikelectric.eu/product/312zn30or"
"312ZN31OR","ТЕН горен 1900W  - 5550294010","6a4880d0f41576d1de5dce26","published","0","312zn31or","https://nikelectric.eu/product/312zn31or"
"313AC01","Стъкло плот - 4410300398","6a488091f41576d1de5dc74e","published","0","313ac01","https://nikelectric.eu/product/313ac01"
"313AR01","Стъкло фурна - C00274559","6a48809ef41576d1de5dc8bc","published","0","313ar01","https://nikelectric.eu/product/313ar01"
"313AR02","Стъкло фурна - C00142660","6a4880e3f41576d1de5dd048","published","0","313ar02","https://nikelectric.eu/product/313ar02"
"313CU10","NEO CROWN","69b43f10c23d34935c3afa99","published","1","neo-crown-2","https://nikelectric.eu/product/neo-crown-2"
"313CU14","Стъкло Дипломат 297/445 - вън. тъмно","6a487faef41576d1de5dae7c","published","0","313cu14","https://nikelectric.eu/product/313cu14"
"313CU15","Стъкло Дипломат 297/445 -  вън. бяло","6a487faef41576d1de5dae82","published","0","313cu15","https://nikelectric.eu/product/313cu15"
"313CU16","Стъкло Дипломат - вътрешно","6a487faef41576d1de5dae88","published","0","313cu16","https://nikelectric.eu/product/313cu16"
"313CU22","CROWN NEO ELITE","69b44157c23d34935c3b4089","published","0","crown-neo-elite-3","https://nikelectric.eu/product/crown-neo-elite-3"
"313ID01","Стъкло фурна - C00143451","6a488087f41576d1de5dc640","published","0","313id01","https://nikelectric.eu/product/313id01"
"313ID02","Стъкло плот - C00118042","6a48809cf41576d1de5dc880","published","0","313id02","https://nikelectric.eu/product/313id02"
"313ID03","Стъкло фурна - C00386254","6a4880b1f41576d1de5dcad8","published","0","313id03","https://nikelectric.eu/product/313id03"
"313ID04","Стъкло фурна - C00299111 - C00628579","6a4880f4f41576d1de5dd216","published","0","313id04","https://nikelectric.eu/product/313id04"
"313ID05","Държач за стъкло - C00299103","6a4880f4f41576d1de5dd21c","published","0","313id05","https://nikelectric.eu/product/313id05"
"313ID06","Стъкло за керамичен плот C00118042","6a488105f41576d1de5dd3e4","published","0","313id06","https://nikelectric.eu/product/313id06"
"313ID07","Стъкло за фурна вътрешно","6a488106f41576d1de5dd408","published","0","313id07","https://nikelectric.eu/product/313id07"
"313IG02","Стъкло за фурна - 480121101617","6a48803ef41576d1de5dbe48","published","1","313ig02","https://nikelectric.eu/product/313ig02"
"313IG03","Стъкло за фурна - 481010545250","6a48807ef41576d1de5dc53e","published","0","313ig03","https://nikelectric.eu/product/313ig03"
"313IG04","Стъкло фурна - 481011098629","6a488094f41576d1de5dc7a2","published","0","313ig04","https://nikelectric.eu/product/313ig04"
"313ZN01","Стъкло плот ELECTROLUX ZANUSSI AEG","6a48802cf41576d1de5dbc62","published","0","313zn01","https://nikelectric.eu/product/313zn01"
"313ZN02","Стъкло фурна ELECTROLUX - 3578708897","6a488054f41576d1de5dc0a6","published","0","313zn02","https://nikelectric.eu/product/313zn02"
"313ZN03","Стъкло плот ELECTROLUX ZANUSSI AEG - 3578745410","6a488059f41576d1de5dc142","published","0","313zn03","https://nikelectric.eu/product/313zn03"
"313ZN04","Стъкло фурна - външно ELECTROLUX - 140037378134","6a488063f41576d1de5dc25c","published","0","313zn04","https://nikelectric.eu/product/313zn04"
"313ZN05","Стъкло фурна - вътрешно  ЕLECTROLUX - 3878349012","6a488063f41576d1de5dc262","published","-1","313zn05","https://nikelectric.eu/product/313zn05"
"313ZN06","Стъкло фурна - вътрешно ЕLECTROLUX - 3878356017","6a488064f41576d1de5dc268","published","0","313zn06","https://nikelectric.eu/product/313zn06"
"313ZN07","Стъкло фурна - вътрешно ЕLECTROLUX - 140058301023","6a488064f41576d1de5dc26e","published","0","313zn07","https://nikelectric.eu/product/313zn07"
"313ZN08","Стъкло фурна - външно ELECTROLUX - 140037378035","6a488064f41576d1de5dc27a","published","0","313zn08","https://nikelectric.eu/product/313zn08"
"313ZN09","Стъкло плот ELECTROLUX  - 5551128803","6a488066f41576d1de5dc2aa","published","0","313zn09","https://nikelectric.eu/product/313zn09"
"313ZN10","Стъкло плот ELECTROLUX - 5551123952","6a488066f41576d1de5dc2b0","published","0","313zn10","https://nikelectric.eu/product/313zn10"
"313ZN100","Плот AEG - 3058136387","6a48806df41576d1de5dc364","published","0","313zn100","https://nikelectric.eu/product/313zn100"
"313ZN101","Плот AEG - 5551122970","6a48806df41576d1de5dc36a","published","0","313zn101","https://nikelectric.eu/product/313zn101"
"313ZN102","Стъкло фурна - външно AEG - 140037378027","6a48806df41576d1de5dc370","published","-1","313zn102","https://nikelectric.eu/product/313zn102"
"313ZN103","Плот AEG - 5551131641","6a48806df41576d1de5dc376","published","0","313zn103","https://nikelectric.eu/product/313zn103"
"313ZN104","Плот AEG - 140055892016","6a48806df41576d1de5dc37c","published","0","313zn104","https://nikelectric.eu/product/313zn104"
"313ZN105","Плот AEG - 5551121162","6a48806ef41576d1de5dc382","published","0","313zn105","https://nikelectric.eu/product/313zn105"
"313ZN106","Плот AEG - 140005556059","6a488070f41576d1de5dc3d0","published","0","313zn106","https://nikelectric.eu/product/313zn106"
"313ZN107","Плот AEG - 140005556679","6a488071f41576d1de5dc3d6","published","0","313zn107","https://nikelectric.eu/product/313zn107"
"313ZN108","стъкло врата фурна - 5616002019","6a488071f41576d1de5dc3dc","published","0","313zn108","https://nikelectric.eu/product/313zn108"
"313ZN109","стъкло врата фурна - 3561630017","6a488071f41576d1de5dc3e8","published","-1","313zn109","https://nikelectric.eu/product/313zn109"
"313ZN11","Плот AEG  - 5551121170","6a488066f41576d1de5dc2b6","published","0","313zn11","https://nikelectric.eu/product/313zn11"
"313ZN110","предна рамка - 140049840014","6a488072f41576d1de5dc400","published","0","313zn110","https://nikelectric.eu/product/313zn110"
"313ZN111","Плот AEG - 5616691118","6a488072f41576d1de5dc406","published","0","313zn111","https://nikelectric.eu/product/313zn111"
"313ZN112","Плот AEG - 5551124950","6a488077f41576d1de5dc48a","published","0","313zn112","https://nikelectric.eu/product/313zn112"
"313ZN12","Стъкло плот ELECTROLUX  - 5613013118","6a488067f41576d1de5dc2bc","published","0","313zn12","https://nikelectric.eu/product/313zn12"
"313ZN120","Плот AEG - 3428371235","6a488078f41576d1de5dc4a8","published","0","313zn120","https://nikelectric.eu/product/313zn120"
"313ZN121","Плот AEG - 5612197961","6a488079f41576d1de5dc4ae","published","0","313zn121","https://nikelectric.eu/product/313zn121"
"313ZN13","Плот AEG - 4055536355","6a488068f41576d1de5dc2da","published","0","313zn13","https://nikelectric.eu/product/313zn13"
"313ZN14","Стъкло фурна - външно - AEG - 140210982017","6a488069f41576d1de5dc304","published","0","313zn14","https://nikelectric.eu/product/313zn14"
"313ZN15","Стъкло фурна - външно ELECTROLUX - 140044082794","6a488074f41576d1de5dc430","published","0","313zn15","https://nikelectric.eu/product/313zn15"
"313ZN16","Стъкло фурна - външно ELECTROLUX - 140037378043","6a488075f41576d1de5dc454","published","0","313zn16","https://nikelectric.eu/product/313zn16"
"313ZN17","Стъкло фурна - външно  - 140037378126 - 140037378282","6a488076f41576d1de5dc460","published","0","313zn17","https://nikelectric.eu/product/313zn17"
"313ZN18","Стъкло фурна - външно ELECTROLUX - 140123469409","6a488076f41576d1de5dc466","published","0","313zn18","https://nikelectric.eu/product/313zn18"
"313ZN19","Стъкло фурна - вътрешно ЕLECTROLUX - 140058297023","6a488077f41576d1de5dc478","published","0","313zn19","https://nikelectric.eu/product/313zn19"
"313ZN20","Стъкло фурна - външно - 140123469466","6a488079f41576d1de5dc4c6","published","0","313zn20","https://nikelectric.eu/product/313zn20"
"313ZN21","Стъкло фурна - вътрешно - 140040025011","6a48807af41576d1de5dc4cc","published","0","313zn21","https://nikelectric.eu/product/313zn21"
"313ZN22","Стъкло фурна - външно - 140037378019 - 140037378191","6a48807af41576d1de5dc4d8","published","0","313zn22","https://nikelectric.eu/product/313zn22"
"313ZN23","Стъкло фурна - вътрешно - 140163112026","6a48807ef41576d1de5dc538","published","0","313zn23","https://nikelectric.eu/product/313zn23"
"313ZN24","Стъкло плот - 5612197938","6a488080f41576d1de5dc56e","published","0","313zn24","https://nikelectric.eu/product/313zn24"
"313ZN25","Стъкло фурна - външно AEG - 5613093102","6a488080f41576d1de5dc580","published","0","313zn25","https://nikelectric.eu/product/313zn25"
"313ZN26","Стъкло фурна - външно AEG - 5612573419","6a488081f41576d1de5dc592","published","0","313zn26","https://nikelectric.eu/product/313zn26"
"313ZN27","Стъкло плот - 5618267115","6a488084f41576d1de5dc5e0","published","0","313zn27","https://nikelectric.eu/product/313zn27"
"313ZN28","Стъкло плот - 5551124299","6a488084f41576d1de5dc5e6","published","-1","313zn28","https://nikelectric.eu/product/313zn28"
"313ZN29","Плот AEG - 140197243052","6a48808ef41576d1de5dc6ee","published","0","313zn29","https://nikelectric.eu/product/313zn29"
"313ZN30","Стъкло плот AEG - 3870750118","6a48808ff41576d1de5dc712","published","0","313zn30","https://nikelectric.eu/product/313zn30"
"313ZN31","Стъкло фурна - вътрешно ЕLECTROLUX - 3429349040","6a4880e5f41576d1de5dd07e","published","0","313zn31","https://nikelectric.eu/product/313zn31"
"313ZN32","Стъкло фурна ELECTROLUX - 3428434264 - 3428434769","6a488102f41576d1de5dd39c","published","0","313zn32","https://nikelectric.eu/product/313zn32"
"315TG20","Турбина 180х60 - дясна - 485509930005","6a487ff2f41576d1de5db602","published","4","315tg20","https://nikelectric.eu/product/315tg20"
"316AC08","врътка Беко 6+0 -  450910027","6a487ff8f41576d1de5db69e","published","0","316ac08","https://nikelectric.eu/product/316ac08"
"316AC10","Врътка котл. 6+0 - странична 150951407","6a487f7bf41576d1de5da900","published","1","316ac10","https://nikelectric.eu/product/316ac10"
"316AC11","Врътка  Беко за термостат","6a487f7cf41576d1de5da90c","published","1","316ac11","https://nikelectric.eu/product/316ac11"
"316AC30","Врътка  - обратна","6a4880b8f41576d1de5dcb92","published","29","316ac30","https://nikelectric.eu/product/316ac30"
"316AC39","BEKO SANG BLOMBERG","69b44634c23d34935c3bc860","published","20","beko-sang-blomberg-348","https://nikelectric.eu/product/beko-sang-blomberg-348"
"316AC49","Врътка Беко 6+0 - 250316279","6a4880d6f41576d1de5dceda","published","4","316ac49","https://nikelectric.eu/product/316ac49"
"316AC51","Врътка фурна BEKO 5+0","6a4880d9f41576d1de5dcf1c","published","3","316ac51","https://nikelectric.eu/product/316ac51"
"316AC52","Врътка за газ BEKO","6a4880d9f41576d1de5dcf22","published","1","316ac52","https://nikelectric.eu/product/316ac52"
"316AC53","Врътка за газ+грил  BEKO","6a4880d9f41576d1de5dcf28","published","1","316ac53","https://nikelectric.eu/product/316ac53"
"316AC54","Врътка за котлон BEKO  6+0","6a4880d9f41576d1de5dcf2e","published","16","316ac54","https://nikelectric.eu/product/316ac54"
"316AC57","BEKO BLOMBERG","69b446bbc23d34935c3bd772","hidden","5","beko-blomberg-45-trashed","https://nikelectric.eu/product/beko-blomberg-45-trashed"
"316AE00","врътка - натиск","6a487fdbf41576d1de5db380","published","1","316ae00","https://nikelectric.eu/product/316ae00"
"316AE02","врътка фурна 9+0 - натиск","6a487fdbf41576d1de5db386","published","1","316ae02","https://nikelectric.eu/product/316ae02"
"316AE03","врътка инокс - натиск","6a487fdcf41576d1de5db38c","published","2","316ae03","https://nikelectric.eu/product/316ae03"
"316AR01","врътка  ARISTON - C00298879","6a48808bf41576d1de5dc6b2","published","0","316ar01","https://nikelectric.eu/product/316ar01"
"316AR02","Врътка INDESIT - C00306614","6a4880a6f41576d1de5dc98e","published","0","316ar02","https://nikelectric.eu/product/316ar02"
"316AR03","врътка  ARISTON - C00283964","6a4880c8f41576d1de5dcd4e","published","0","316ar03","https://nikelectric.eu/product/316ar03"
"316AR04","врътка  ARISTON - C00285225","6a4880c8f41576d1de5dcd54","published","0","316ar04","https://nikelectric.eu/product/316ar04"
"316AR05","врътка  ARISTON - C00302526","6a4880c9f41576d1de5dcd66","published","0","316ar05","https://nikelectric.eu/product/316ar05"
"316AR06","врътка  ARISTON - C00194286","6a4880c9f41576d1de5dcd6c","published","0","316ar06","https://nikelectric.eu/product/316ar06"
"316C35","316AC35 - Врътка Беко т-т 0-250 С - пуш бутон - 250400262","6a4880c4f41576d1de5dccdc","published","1","316c35","https://nikelectric.eu/product/316c35"
"316CU01","Врътка 4 + 0 - черна","6a487f7af41576d1de5da8d6","published","0","316cu01","https://nikelectric.eu/product/316cu01"
"316CU02","Врътка термостат 0 - 300 С -  черна","6a487f7af41576d1de5da8dc","published","0","316cu02","https://nikelectric.eu/product/316cu02"
"316CU03","Врътка  фурна - черна","6a487f7af41576d1de5da8e2","published","0","316cu03","https://nikelectric.eu/product/316cu03"
"316CU04","Врътка 4 + 0 - бяла","6a487f7bf41576d1de5da8e8","published","10","316cu04","https://nikelectric.eu/product/316cu04"
"316CU06","Врътка фурна - бяла","6a487f7bf41576d1de5da8ee","published","2","316cu06","https://nikelectric.eu/product/316cu06"
"316CU10","Врътка малка - бяла 0-4","6a487ff7f41576d1de5db68c","published","3","316cu10","https://nikelectric.eu/product/316cu10"
"316CU104","Врътка черна ТРМ - 300 С  професионални","6a487fc9f41576d1de5db18e","published","0","316cu104","https://nikelectric.eu/product/316cu104"
"316CU105","Врътка фритюрник 0-200С","6a487fc8f41576d1de5db158","published","0","316cu105","https://nikelectric.eu/product/316cu105"
"316CU107","врътка газ бяла - Турска","6a487faaf41576d1de5dae1c","published","4","316cu107","https://nikelectric.eu/product/316cu107"
"316CU31","Врътка бяла странична с черно Ф8 газ  - дълга ос 10мм.","6a48802df41576d1de5dbc68","published","8","316cu31","https://nikelectric.eu/product/316cu31"
"316CU500","врътка малка","6a487fecf41576d1de5db554","published","2","316cu500","https://nikelectric.eu/product/316cu500"
"316CU503","Врътка за Елит NEO CROWN - странична засечка","6a488006f41576d1de5db836","published","3","316cu503","https://nikelectric.eu/product/316cu503"
"316CU504","врътка таймер  - равна","6a487fedf41576d1de5db578","published","9","316cu504","https://nikelectric.eu/product/316cu504"
"316CU505","врътка таймер дълбока - МАЛКА ВЪЛНА","6a487fedf41576d1de5db57e","published","11","316cu505","https://nikelectric.eu/product/316cu505"
"316CU506","Врътка черна - малка","6a487f79f41576d1de5da8ca","published","13","316cu506","https://nikelectric.eu/product/316cu506"
"316CU507","Врътка фурна Привилег обратна  - бяла","6a487fcaf41576d1de5db194","published","4","316cu507","https://nikelectric.eu/product/316cu507"
"316CU508","Врътка фурна Привилег обратна  - кафява","6a487fcaf41576d1de5db19a","published","4","316cu508","https://nikelectric.eu/product/316cu508"
"316CU509","врътка таймер дълга ос - черна","6a488006f41576d1de5db83c","published","8","316cu509","https://nikelectric.eu/product/316cu509"
"316CU510","Врътка черна - дълга ос NEO CROWN","6a488007f41576d1de5db842","published","0","316cu510","https://nikelectric.eu/product/316cu510"
"316CU511","врътка ARISTON - разни","6a48800cf41576d1de5db8e4","published","10","316cu511","https://nikelectric.eu/product/316cu511"
"316CW05","врътка - черна с инокс","6a487fdcf41576d1de5db39e","published","0","316cw05","https://nikelectric.eu/product/316cw05"
"316GR11","Врътка Таймер  Горение - 488257","6a487fd4f41576d1de5db2b4","published","0","316gr11","https://nikelectric.eu/product/316gr11"
"316MC00","Врътка Амика фурна","6a487f7ef41576d1de5da94e","published","0","316mc00","https://nikelectric.eu/product/316mc00"
"316MC01","Врътка 6+0 такта дясно","6a487f7ef41576d1de5da942","published","9","316mc01","https://nikelectric.eu/product/316mc01"
"316MC02","Врътка газ","6a487f7ef41576d1de5da948","published","7","316mc02","https://nikelectric.eu/product/316mc02"
"316NE01","врътка инокс за таймер мини фурна","6a487feef41576d1de5db58a","published","4","316ne01","https://nikelectric.eu/product/316ne01"
"316NE02","врътка инокс  мини фурна НЕО OV-45B/W","6a487feef41576d1de5db590","published","1","316ne02","https://nikelectric.eu/product/316ne02"
"316NE05","NEO","69b447b6c23d34935c3bf1ea","published","0","neo-34","https://nikelectric.eu/product/neo-34"
"316VE00","врътка за Краун - 2 части","6a487f7cf41576d1de5da906","published","2","316ve00","https://nikelectric.eu/product/316ve00"
"316VE10","врътка котлон 6+0 - пружина","6a487fdcf41576d1de5db392","published","2","316ve10","https://nikelectric.eu/product/316ve10"
"316ZN00","връткa кер котлон - дълбока 13мм","6a487fdaf41576d1de5db368","published","0","316zn00","https://nikelectric.eu/product/316zn00"
"316ZN01","връткa кер котлон с уширение - дълбока 13мм","6a487fdaf41576d1de5db36e","published","0","316zn01","https://nikelectric.eu/product/316zn01"
"316ZN02","връткa фурна 8+0 - дълбока 13мм","6a487fdbf41576d1de5db374","published","2","316zn02","https://nikelectric.eu/product/316zn02"
"316ZN03","връткa таймер 120 мин - дълбока 13мм","6a487fdbf41576d1de5db37a","published","1","316zn03","https://nikelectric.eu/product/316zn03"
"316ZN04","врътка кер котлон - равна","6a487fdcf41576d1de5db398","published","1","316zn04","https://nikelectric.eu/product/316zn04"
"316ZN11","Врътка печка AEG","6a487f7bf41576d1de5da8fa","published","0","316zn11","https://nikelectric.eu/product/316zn11"
"316ZN12","врътка термостат - равна","6a487fe4f41576d1de5db470","published","0","316zn12","https://nikelectric.eu/product/316zn12"
"316ZN20","бутон таймер - 3550293066","6a48807cf41576d1de5dc50e","published","0","316zn20","https://nikelectric.eu/product/316zn20"
"317ZN01","Лайсна врата на фурна  - 3878386253 - 140129634014","6a488064f41576d1de5dc274","published","0","317zn01","https://nikelectric.eu/product/317zn01"
"317ZN02","Панел за фурна ELECTROLUX - 3578807319","6a488064f41576d1de5dc280","published","0","317zn02","https://nikelectric.eu/product/317zn02"
"317ZN03","Панел за фурна ELECTROLUX - 3578865085","6a488065f41576d1de5dc286","published","0","317zn03","https://nikelectric.eu/product/317zn03"
"317ZN04","Панел за фурна ELECTROLUX - 140172904074","6a488068f41576d1de5dc2e0","published","0","317zn04","https://nikelectric.eu/product/317zn04"
"317ZN05","Панел - 140187114396","6a488068f41576d1de5dc2ec","published","0","317zn05","https://nikelectric.eu/product/317zn05"
"317ZN06","Панел  AEG - 140039833037","6a48806cf41576d1de5dc358","published","0","317zn06","https://nikelectric.eu/product/317zn06"
"317ZN07","Панел - 140187114123","6a488073f41576d1de5dc418","published","0","317zn07","https://nikelectric.eu/product/317zn07"
"317ZN08","Панел за фурна ELECTROLUX - 140057065942","6a488075f41576d1de5dc448","published","0","317zn08","https://nikelectric.eu/product/317zn08"
"317ZN10","Лайсна врата на фурна - 140122196011 - 5611388256","6a488075f41576d1de5dc44e","published","0","317zn10","https://nikelectric.eu/product/317zn10"
"317ZN11","Лайсна врата на фурна ELECTROLUX - 3554104012","6a488076f41576d1de5dc472","published","0","317zn11","https://nikelectric.eu/product/317zn11"
"317ZN12","Лайсна врата на фурна ELECTROLUX - 8074557037","6a488077f41576d1de5dc47e","published","0","317zn12","https://nikelectric.eu/product/317zn12"
"317ZN13","Лайсна врата на фурна - 140044122012","6a488079f41576d1de5dc4c0","published","0","317zn13","https://nikelectric.eu/product/317zn13"
"317ZN14","Лайсна врата на фурна - 140036108011","6a48807af41576d1de5dc4d2","published","0","317zn14","https://nikelectric.eu/product/317zn14"
"317ZN15","Лайсна врата на фурна - 3878387269","6a48807af41576d1de5dc4de","published","0","317zn15","https://nikelectric.eu/product/317zn15"
"317ZN16","Лайсна - фурна - 8074557011","6a48807af41576d1de5dc4e4","published","0","317zn16","https://nikelectric.eu/product/317zn16"
"317ZN17","Панел за фурна - 140109303044","6a48807df41576d1de5dc526","published","0","317zn17","https://nikelectric.eu/product/317zn17"
"317ZN18","Лайсна врата на фурна - 8078954214","6a488081f41576d1de5dc586","published","0","317zn18","https://nikelectric.eu/product/317zn18"
"317ZN19","Лайсна врата на фурна  - 5613446201","6a488081f41576d1de5dc58c","published","0","317zn19","https://nikelectric.eu/product/317zn19"
"317ZN20","Панел за фурна - 140137810341","6a488084f41576d1de5dc5da","published","0","317zn20","https://nikelectric.eu/product/317zn20"
"317ZN21","Панел за фурна - 8081116173","6a488086f41576d1de5dc610","published","0","317zn21","https://nikelectric.eu/product/317zn21"
"317ZN22","Панел за фурна ELECTROLUX - 3578807301","6a48808df41576d1de5dc6e2","published","0","317zn22","https://nikelectric.eu/product/317zn22"
"317ZN23","Панел за фурна AEG - 140137810465","6a48808ef41576d1de5dc6fa","published","0","317zn23","https://nikelectric.eu/product/317zn23"
"317ZN24","Панел за фурна AEG - 140200520074","6a48808ff41576d1de5dc70c","published","0","317zn24","https://nikelectric.eu/product/317zn24"
"320AC03","Панти фурна Силтал - Беко","6a487f5af41576d1de5da56a","published","0","320ac03","https://nikelectric.eu/product/320ac03"
"320AE00","панта фурна AEG - 3870770025","6a487fd0f41576d1de5db242","published","0","320ae00","https://nikelectric.eu/product/320ae00"
"320AE03","панта фурна AEG - 502000002","6a488012f41576d1de5db974","published","0","320ae03","https://nikelectric.eu/product/320ae03"
"320AR01","Панта фурна Аристон дясна - C00111612","6a487fc5f41576d1de5db11c","published","0","320ar01","https://nikelectric.eu/product/320ar01"
"320AR02","Панта фурна Аристон лява - C00111614","6a487fc6f41576d1de5db122","published","0","320ar02","https://nikelectric.eu/product/320ar02"
"320AR03","Панти фурна Аристон - C00522336","6a4880e6f41576d1de5dd090","published","0","320ar03","https://nikelectric.eu/product/320ar03"
"320AR08","Панта фурна Аристон - C00082464","6a48806bf41576d1de5dc334","published","0","320ar08","https://nikelectric.eu/product/320ar08"
"320AR10","Панта фурна Аристон дясна - C00194971","6a488082f41576d1de5dc5aa","published","0","320ar10","https://nikelectric.eu/product/320ar10"
"320AR11","Панта фурна Аристон лява - C00194972","6a488082f41576d1de5dc5b0","published","0","320ar11","https://nikelectric.eu/product/320ar11"
"320AR12","Панта фурна Аристон - C00094655","6a488091f41576d1de5dc754","published","0","320ar12","https://nikelectric.eu/product/320ar12"
"320AR13","Панта фурна Аристон - C00118487","6a4880a1f41576d1de5dc910","published","0","320ar13","https://nikelectric.eu/product/320ar13"
"320CU520","панти за фурна","6a487ff9f41576d1de5db6c8","published","3","320cu520","https://nikelectric.eu/product/320cu520"
"320CW01","Панта фурна CROWN -60x60","6a488026f41576d1de5dbba8","published","12","320cw01","https://nikelectric.eu/product/320cw01"
"320ED02","ОС ЗА ПРУЖИНА","69b44116c23d34935c3b38c3","published","31","diplomat-22","https://nikelectric.eu/product/diplomat-22"
"320GR05","Панта фурна Горение Г-образна /лява  - 313963","6a487fc7f41576d1de5db140","published","0","320gr05","https://nikelectric.eu/product/320gr05"
"320GR06","Панта фурна Горение Г-образна /дясна - 313964","6a487fc7f41576d1de5db146","published","0","320gr06","https://nikelectric.eu/product/320gr06"
"320IG02","Панти фурна к-т Whirlpool - 481010724324","6a48809ff41576d1de5dc8da","published","0","320ig02","https://nikelectric.eu/product/320ig02"
"320IG03","Панти фурна к-т Whirlpool - 481010724327","6a4880adf41576d1de5dca66","published","0","320ig03","https://nikelectric.eu/product/320ig03"
"320IG04","Панта фурна  Whirlpool - 481010562918","6a4880b1f41576d1de5dcacc","published","0","320ig04","https://nikelectric.eu/product/320ig04"
"320IG05","Панта фурна  Whirlpool - 481241719472","6a4880b9f41576d1de5dcba4","published","0","320ig05","https://nikelectric.eu/product/320ig05"
"320IG06","Панти фурна к-т Whirlpool - 481010745134","6a4880d4f41576d1de5dce8c","published","0","320ig06","https://nikelectric.eu/product/320ig06"
"320LG04","Панта фурна - 34 - 40","6a48803bf41576d1de5dbdf4","published","0","320lg04","https://nikelectric.eu/product/320lg04"
"320LG05","Панти фурна","6a48803bf41576d1de5dbdfa","published","1","320lg05","https://nikelectric.eu/product/320lg05"
"320LG06","Панти фурна","6a48803bf41576d1de5dbe00","published","1","320lg06","https://nikelectric.eu/product/320lg06"
"320MA01","Панта фурна Мидея","6a48800cf41576d1de5db8cc","published","9","320ma01","https://nikelectric.eu/product/320ma01"
"320NA04","Панти фурна Нарди,Bompani","6a488011f41576d1de5db95c","published","0","320na04","https://nikelectric.eu/product/320na04"
"320RA00","Панти фурна Раховец","6a487f58f41576d1de5da53a","published","0","320ra00","https://nikelectric.eu/product/320ra00"
"320VE01","Панта фурна","6a487fd3f41576d1de5db29c","published","0","320ve01","https://nikelectric.eu/product/320ve01"
"320VE03","Панта фурна - 20-25-49-003","6a48802ff41576d1de5dbca4","published","6","320ve03","https://nikelectric.eu/product/320ve03"
"320ZN00","Панти фурна Зануси","6a487fc5f41576d1de5db116","published","0","320zn00","https://nikelectric.eu/product/320zn00"
"320ZN07","Панта фурна EX - 1400591664411","6a4880f1f41576d1de5dd1b6","published","0","320zn07","https://nikelectric.eu/product/320zn07"
"320ZN08","Панта фурна EX - 1400591670501","6a4880f1f41576d1de5dd1bc","published","0","320zn08","https://nikelectric.eu/product/320zn08"
"321AC01","Дръжка фурна Санг - 258100540","6a487fb4f41576d1de5daf36","published","0","321ac01","https://nikelectric.eu/product/321ac01"
"321AC03","Дръжка Фурна Беко - 458100201","6a487fbaf41576d1de5dafde","published","0","321ac03","https://nikelectric.eu/product/321ac03"
"321AC08","BEKO SANG","69b4431cc23d34935c3b724c","published","3","beko-sang-32","https://nikelectric.eu/product/beko-sang-32"
"321AC11","BEKO SANG","69b44539c23d34935c3bac83","published","1","beko-sang-20","https://nikelectric.eu/product/beko-sang-20"
"321AR01","Дръжка фурна  -  C00305851","6a488035f41576d1de5dbd5e","published","0","321ar01","https://nikelectric.eu/product/321ar01"
"321AR02","Дръжка фурна  - C00285212","6a48808bf41576d1de5dc6ac","published","0","321ar02","https://nikelectric.eu/product/321ar02"
"321AR03","Дръжка фурна  - C00299109","6a4880b3f41576d1de5dcaf6","published","0","321ar03","https://nikelectric.eu/product/321ar03"
"321AR50","Водач фурна - C00637084","6a4880dcf41576d1de5dcf70","published","0","321ar50","https://nikelectric.eu/product/321ar50"
"321FA01","Дръжка фурна Фагор - C240001A5","6a487fc8f41576d1de5db16a","published","0","321fa01","https://nikelectric.eu/product/321fa01"
"321IG02","Дръжка за фурна Whirlpool  - C00522029","6a4880aef41576d1de5dca78","published","0","321ig02","https://nikelectric.eu/product/321ig02"
"321IG04","Дръжка за фурна Whirlpool  - C00853640","6a488105f41576d1de5dd3ea","published","0","321ig04","https://nikelectric.eu/product/321ig04"
"321LG01","Дръжка - 445mm","6a487fd7f41576d1de5db302","published","0","321lg01","https://nikelectric.eu/product/321lg01"
"321LG02","Дръжка конвектомат","6a488095f41576d1de5dc7cc","published","0","321lg02","https://nikelectric.eu/product/321lg02"
"321ZN01","Държач врата на фурна - 3558062042","6a488049f41576d1de5dbf8c","published","0","321zn01","https://nikelectric.eu/product/321zn01"
"321ZN02","монтажен канал двоен - 140176488058","6a488071f41576d1de5dc3e2","published","0","321zn02","https://nikelectric.eu/product/321zn02"
"321ZN21","Разграничител за врата фурна - 5616033014","6a488070f41576d1de5dc3ca","published","0","321zn21","https://nikelectric.eu/product/321zn21"
"321ZN22","Разграничител за врата фурна - 140129634014","6a488072f41576d1de5dc3ee","published","0","321zn22","https://nikelectric.eu/product/321zn22"
"321ZN23","фиксатор за дръжка - 3425874017 - 3879712200","6a488072f41576d1de5dc3f4","published","0","321zn23","https://nikelectric.eu/product/321zn23"
"321ZN30","Дръжка фурна - 3879711020","6a488076f41576d1de5dc46c","published","0","321zn30","https://nikelectric.eu/product/321zn30"
"321ZN31","Дръжка фурна - 140040083010","6a488077f41576d1de5dc484","published","0","321zn31","https://nikelectric.eu/product/321zn31"
"321ZN32","Дръжка фурна - 140044120016","6a488079f41576d1de5dc4ba","published","0","321zn32","https://nikelectric.eu/product/321zn32"
"321ZN33","Дръжка фурна - 3879711012","6a48807df41576d1de5dc520","published","0","321zn33","https://nikelectric.eu/product/321zn33"
"321ZN34","Дръжка фурна - 140040083069","6a488081f41576d1de5dc598","published","0","321zn34","https://nikelectric.eu/product/321zn34"
"322CU05","ТРМ Текаса 50-300 С - NT-252 CT","6a487fe8f41576d1de5db4dc","published","0","322cu05","https://nikelectric.eu/product/322cu05"
"322CU19","ТРМ минифурна 180 C NEO CROWN ELITE","6a488018f41576d1de5dba28","published","3","322cu19","https://nikelectric.eu/product/322cu19"
"322CU22","ТРМ 50 - 263C - Смег  - 818730401","6a488029f41576d1de5dbc02","published","1","322cu22","https://nikelectric.eu/product/322cu22"
"322CU25","ТРМ за скара к-т с кабел - ARIETE - AT6136000400","6a488036f41576d1de5dbd6a","published","0","322cu25","https://nikelectric.eu/product/322cu25"
"322CU27","ТРМ 50-285 С - FSTB - 2 края","6a48804af41576d1de5dbf9e","published","0","322cu27","https://nikelectric.eu/product/322cu27"
"322CU62","ТРМ 294 C  L=163mm","6a32955963ce2a8468d9e2db","published","0","-294-c--l163mm","https://nikelectric.eu/product/-294-c--l163mm"
"322IG01OR","Селектор за температура на фурна WHIRLPOOL","6a4880fcf41576d1de5dd2f4","published","3","322ig01or","https://nikelectric.eu/product/322ig01or"
"323CU03","ТРМ FIKO 3P 0-40 C","6a487fc9f41576d1de5db188","published","1","323cu03","https://nikelectric.eu/product/323cu03"
"323CU30","Защита 110 + 190 C","6a4880b9f41576d1de5dcbb6","published","0","323cu30","https://nikelectric.eu/product/323cu30"
"324AC13","Таймер печка Беко - 267480286","6a4880edf41576d1de5dd156","published","0","324ac13","https://nikelectric.eu/product/324ac13"
"324AR01","Таймер Фурна Аристон - C00194056","6a487f90f41576d1de5dab34","published","0","324ar01","https://nikelectric.eu/product/324ar01"
"324AR02","Таймер Фурна Аристон - C00377122 - 481010383718","6a48807ef41576d1de5dc544","published","0","324ar02","https://nikelectric.eu/product/324ar02"
"324AR03","Таймер метален 120 мин. - C00537660","6a48809ff41576d1de5dc8c8","published","0","324ar03","https://nikelectric.eu/product/324ar03"
"324CU09","Таймер ROMO - 6 min","6a487f90f41576d1de5dab40","published","0","324cu09","https://nikelectric.eu/product/324cu09"
"324CU12","Таймер 15 минути  - с  прорез","6a48801cf41576d1de5dba88","published","1","324cu12","https://nikelectric.eu/product/324cu12"
"324CU13","Таймер 120 минути TAURUS","6a48801cf41576d1de5dba8e","published","0","324cu13","https://nikelectric.eu/product/324cu13"
"324CU20","Таймер 11904 F1 - 4 часа 12 мин.","6a4880b6f41576d1de5dcb4a","published","0","324cu20","https://nikelectric.eu/product/324cu20"
"324CU21","Таймер 11904 F1 - 4 часа 10 мин.","6a4880b6f41576d1de5dcb50","published","0","324cu21","https://nikelectric.eu/product/324cu21"
"324GR00","Таймер печка Горение -  ключ","6a487feef41576d1de5db59c","published","2","324gr00","https://nikelectric.eu/product/324gr00"
"324MA01","Таймер метален  120 мин.","6a487ff2f41576d1de5db60e","published","0","324ma01","https://nikelectric.eu/product/324ma01"
"324SM00","Таймер печка SMEG - механичен 100мин. - 818600034","6a488029f41576d1de5dbc0e","published","0","324sm00","https://nikelectric.eu/product/324sm00"
"324VE00","Таймер печка Вестел - 32012508","6a487f5af41576d1de5da57c","published","0","324ve00","https://nikelectric.eu/product/324ve00"
"324ZN02","Таймер Електролукс 120 мин","6a487fe3f41576d1de5db464","published","0","324zn02","https://nikelectric.eu/product/324zn02"
"324ZN04","таймер Електролукс - 8996619278907","6a488032f41576d1de5dbcfe","published","1","324zn04","https://nikelectric.eu/product/324zn04"
"324ZN05","таймер Електролукс - 3872108729","6a488041f41576d1de5dbe9c","published","0","324zn05","https://nikelectric.eu/product/324zn05"
"325CU15","Нагревател 400 W","6a487f58f41576d1de5da534","published","1","325cu15","https://nikelectric.eu/product/325cu15"
"325CU21","Реотан 315 W - пакетен","6a487f5bf41576d1de5da588","published","0","325cu21","https://nikelectric.eu/product/325cu21"
"325CU22","Реотан 500 W - пакетен","6a487f5bf41576d1de5da58e","published","0","325cu22","https://nikelectric.eu/product/325cu22"
"325CU25","Реотан 800 W - калем","6a487f5bf41576d1de5da582","published","0","325cu25","https://nikelectric.eu/product/325cu25"
"325CU28","Реотан Изгрев за 6 канала","6a487f5bf41576d1de5da594","published","3","325cu28","https://nikelectric.eu/product/325cu28"
"325CU29","Реотан Изгрев за 12 канала","6a487f5cf41576d1de5da59a","published","5","325cu29","https://nikelectric.eu/product/325cu29"
"325CU30","Реотан Пауталия - 1500 W","6a487f5cf41576d1de5da5a0","published","0","325cu30","https://nikelectric.eu/product/325cu30"
"325CU37","Бързовар","6a487f95f41576d1de5dabca","published","0","325cu37","https://nikelectric.eu/product/325cu37"
"325CU38","Н-л стенен конвектор Елдом 1500W","6a487ffaf41576d1de5db6e6","published","0","325cu38","https://nikelectric.eu/product/325cu38"
"325CU42","пура инфраред - дълга","6a488013f41576d1de5db99e","published","2","325cu42","https://nikelectric.eu/product/325cu42"
"325CU43","пура инфраред - къса","6a488013f41576d1de5db9a4","published","2","325cu43","https://nikelectric.eu/product/325cu43"
"325CU46","КВАРЦОВ НАГРЕВАТЕЛ","69b44567c23d34935c3bb19c","published","1","d0bad0b2d0b0d180d186d0bed0b2-d0bdd0b0d0b3d180d0b5d0b2d0b0d182d0b5d0bb","https://nikelectric.eu/product/d0bad0b2d0b0d180d186d0bed0b2-d0bdd0b0d0b3d180d0b5d0b2d0b0d182d0b5d0bb"
"325CU49","Нагревател конвектор ТЕСИ  - 421996","6a488041f41576d1de5dbea2","published","1","325cu49","https://nikelectric.eu/product/325cu49"
"325CU55","Нагревател конвектор ТЕСИ - 1500W - 80 см","6a4880a3f41576d1de5dc946","published","3","325cu55","https://nikelectric.eu/product/325cu55"
"325CU56","TESY","69b446fdc23d34935c3bdecc","published","1","tesy-12","https://nikelectric.eu/product/tesy-12"
"325CU57","Нагревател конвектор ТЕСИ - 2500W - 201730","69b446fdc23d34935c3bded5","published","3","tesy-13","https://nikelectric.eu/product/tesy-13"
"325CU58","TESY","69b44858c23d34935c3c02fb","published","3","tesy-15","https://nikelectric.eu/product/tesy-15"
"325CU59","TESY","69b44858c23d34935c3c0304","published","3","tesy-16","https://nikelectric.eu/product/tesy-16"
"325CU80","Метална планка за кварцова печка","6a488053f41576d1de5dc09a","published","1","325cu80","https://nikelectric.eu/product/325cu80"
"326AR100","приставка - C00297578","6a4880abf41576d1de5dca2a","published","0","326ar100","https://nikelectric.eu/product/326ar100"
"326CU02","Бъркалка за хлебопекарна - SS-188070","6a487fd0f41576d1de5db23c","published","0","326cu02","https://nikelectric.eu/product/326cu02"
"326CU08OR","Ремък за хлебопекарна 546 мм","6a4880f8f41576d1de5dd288","published","18","326cu08or","https://nikelectric.eu/product/326cu08or"
"326CU10OR","Ремък за хлебопекарна 528 мм","6a487fdff41576d1de5db3f8","published","51","326cu10or","https://nikelectric.eu/product/326cu10or"
"326CU14","Вана за хлебопекарна Елит - малка","6a487fe0f41576d1de5db3fe","published","1","326cu14","https://nikelectric.eu/product/326cu14"
"326CU140","Решетка месомелачка CROWN NEO- Ф54мм отвор 7","6a488004f41576d1de5db7ee","published","0","326cu140","https://nikelectric.eu/product/326cu140"
"326CU141","Шнек месомелачка - NEO CROWN","6a488004f41576d1de5db7f4","published","5","326cu141","https://nikelectric.eu/product/326cu141"
"326CU145","зъбно колело  месомел. CROWN - голямо","6a488009f41576d1de5db884","published","2","326cu145","https://nikelectric.eu/product/326cu145"
"326CU147","дръжка  месомелачка с резба - NEO CROWN","6a488009f41576d1de5db88a","published","11","326cu147","https://nikelectric.eu/product/326cu147"
"326CU17","Вана + бъркалка за хлебопекарна Елит, Краун -  единична","6a487fe2f41576d1de5db440","published","1","326cu17","https://nikelectric.eu/product/326cu17"
"326CU177","MULER","69b44680c23d34935c3bd0bb","published","6","muler-2","https://nikelectric.eu/product/muler-2"
"326CU179","зъбно колело  месомел.","6a4880e2f41576d1de5dd02a","published","5","326cu179","https://nikelectric.eu/product/326cu179"
"326CU18","Ремък за хлебопекарна 490 мм","6a487fe2f41576d1de5db446","published","0","326cu18","https://nikelectric.eu/product/326cu18"
"326CU19","Ремък за хлебопекарна 536 мм","6a487fe2f41576d1de5db44c","published","0","326cu19","https://nikelectric.eu/product/326cu19"
"326CU23","Мотор JC-50A за хлебопекарна Елит","6a487fecf41576d1de5db54e","published","1","326cu23","https://nikelectric.eu/product/326cu23"
"326CU26","Вана за хлебопекарна - EH1264","6a487feff41576d1de5db5ae","published","0","326cu26","https://nikelectric.eu/product/326cu26"
"326CU27","Вана за хлебопекарна - Gorenje - 329957","6a487feff41576d1de5db5b4","published","0","326cu27","https://nikelectric.eu/product/326cu27"
"326CU28","Ремък за хлебопекарна 420 мм - Gorenje","6a487feff41576d1de5db5ba","published","0","326cu28","https://nikelectric.eu/product/326cu28"
"326CU30","Бъркалка за хлебопекарна - 5832FB3300B - LG","6a487ff0f41576d1de5db5c0","published","0","326cu30","https://nikelectric.eu/product/326cu30"
"326CU48","Ремък за хлебопекарна 588 мм","6a48801bf41576d1de5dba82","published","4","326cu48","https://nikelectric.eu/product/326cu48"
"326CU49","Мотор за хлебопекарна Елит,Краун - XB8635-L 100W","6a488020f41576d1de5dbafa","published","1","326cu49","https://nikelectric.eu/product/326cu49"
"326CU50","Мотор за хлебопекарна Елит,Краун - XB62/40-B 100W","6a488020f41576d1de5dbb00","published","0","326cu50","https://nikelectric.eu/product/326cu50"
"326CU54","Мотор за хлебопекарна - BOM-ZDM-15A","6a48803ef41576d1de5dbe54","published","3","326cu54","https://nikelectric.eu/product/326cu54"
"326LG200","Термостат 135 С - котлон НЕО EK 601 IX/602 IX","6a487ff3f41576d1de5db61a","published","0","326lg200","https://nikelectric.eu/product/326lg200"
"326LG201","Термостат 145 С - котлон НЕО EK 601 IX/602 IX","6a487ff3f41576d1de5db620","published","0","326lg201","https://nikelectric.eu/product/326lg201"
"327LG18","кран машина за вода- нипел мъжки - син","6a487febf41576d1de5db530","published","8","327lg18","https://nikelectric.eu/product/327lg18"
"327LG35","Ключ вент.печка 3+0 безконечен 2-3 контакта","6a487fc2f41576d1de5db0bc","published","1","327lg35","https://nikelectric.eu/product/327lg35"
"327LG36","Ключ вент.печка термостат+3полож. 2-3 контакта","6a487fc2f41576d1de5db0c2","published","3","327lg36","https://nikelectric.eu/product/327lg36"
"327LG40","модул вент.+нагревател к-т за керамична печка","6a48800af41576d1de5db896","published","3","327lg40","https://nikelectric.eu/product/327lg40"
"327LG42","Ключ вентилаторна печка 2+2 кр. 3 положения","6a48800af41576d1de5db8a2","published","5","327lg42","https://nikelectric.eu/product/327lg42"
"327LG46","Ключ вент.печка 3+0 три контакта","6a487f8bf41576d1de5daab6","published","22","327lg46","https://nikelectric.eu/product/327lg46"
"327LG50","Мотор вентил. печка","6a488087f41576d1de5dc646","published","3","327lg50","https://nikelectric.eu/product/327lg50"
"327LG81","КРАН","69b4476ec23d34935c3bea1f","published","12","d0bad180d0b0d0bd-31","https://nikelectric.eu/product/d0bad180d0b0d0bd-31"
"327LG90","Възвратен клапан","6a4880e4f41576d1de5dd060","published","10","327lg90","https://nikelectric.eu/product/327lg90"
"413LG01","челен упл. Н-13","6a487f68f41576d1de5da6de","published","1","413lg01","https://nikelectric.eu/product/413lg01"
"413LG02","челен упл. Н-14","6a487f68f41576d1de5da6e4","published","0","413lg02","https://nikelectric.eu/product/413lg02"
"413LG03","челен упл. Н-15","6a487f68f41576d1de5da6ea","published","1","413lg03","https://nikelectric.eu/product/413lg03"
"413LG05","челен упл. Р-18","6a487f68f41576d1de5da6f0","published","0","413lg05","https://nikelectric.eu/product/413lg05"
"413LG06","челен упл. Р-20","6a487f69f41576d1de5da6f6","published","0","413lg06","https://nikelectric.eu/product/413lg06"
"420RG02","Втулка Рига малка","6a487f95f41576d1de5dabd6","published","2","420rg02","https://nikelectric.eu/product/420rg02"
"420RG03","Перка Рига","6a487f95f41576d1de5dabdc","published","1","420rg03","https://nikelectric.eu/product/420rg03"
"420RG04","Турбина Рига","6a487f96f41576d1de5dabe2","published","1","420rg04","https://nikelectric.eu/product/420rg04"
"420RG05","Решетка за Рига","6a487f96f41576d1de5dabee","published","1","420rg05","https://nikelectric.eu/product/420rg05"
"420RG06","Болт за корпус Рига","6a487f96f41576d1de5dabe8","published","4","420rg06","https://nikelectric.eu/product/420rg06"
"500AC01","Карб.филтър-150 mm 2бр. к-т - Беко - 9179183012","6a487ff5f41576d1de5db650","published","0","500ac01","https://nikelectric.eu/product/500ac01"
"500BH01","Въздуховод за плот","6a488105f41576d1de5dd3f0","published","0","500bh01","https://nikelectric.eu/product/500bh01"
"500CY01","Карб.филтър 240 х220мм - Candy - 49002532","6a487ff5f41576d1de5db656","published","0","500cy01","https://nikelectric.eu/product/500cy01"
"500FC01","Решетка - 4055499679","6a488068f41576d1de5dc2f2","published","0","500fc01","https://nikelectric.eu/product/500fc01"
"500FC104","филтър алум. 485х215","6a487fe4f41576d1de5db476","published","0","500fc104","https://nikelectric.eu/product/500fc104"
"500FC135","филтър алум.  248 x 312 мм - C00058073","6a4880b8f41576d1de5dcb86","published","1","500fc135","https://nikelectric.eu/product/500fc135"
"500FC136","филтър алум.  267 x 305 мм - C00280008","6a4880b8f41576d1de5dcb8c","published","1","500fc136","https://nikelectric.eu/product/500fc136"
"500FC157","филтър алум.  312 x 224 мм","6a4880cbf41576d1de5dcd9c","published","2","500fc157","https://nikelectric.eu/product/500fc157"
"500FC58","Карб.филтър-237mm- Universal","6a487f7ff41576d1de5da95a","published","0","500fc58","https://nikelectric.eu/product/500fc58"
"500FC75","Карб.филтър 138mm - 2бр. к-т","6a487ffef41576d1de5db758","published","0","500fc75","https://nikelectric.eu/product/500fc75"
"500FC80","Карб.филтър - Ф174mm/H37mm - DAVOLINE","6a488028f41576d1de5dbbd8","published","5","500fc80","https://nikelectric.eu/product/500fc80"
"500IG01","филтър алум. - 482000009755","6a4880a8f41576d1de5dc9d0","published","0","500ig01","https://nikelectric.eu/product/500ig01"
"500ZN01","филтър алум.- 329х271 мм - 4055357869","6a488063f41576d1de5dc250","published","0","500zn01","https://nikelectric.eu/product/500zn01"
"500ZN02","филтър алум.- 124х254 мм - 4055348199","6a488063f41576d1de5dc256","published","0","500zn02","https://nikelectric.eu/product/500zn02"
"500ZN08","Филтър AEG - 4055499646","6a48806cf41576d1de5dc352","published","0","500zn08","https://nikelectric.eu/product/500zn08"
"500ZN20","Филтър AEG - 80877780","6a488080f41576d1de5dc57a","published","0","500zn20","https://nikelectric.eu/product/500zn20"
"501AR01","модул аспиратор - C00142313","6a48808bf41576d1de5dc6a6","published","0","501ar01","https://nikelectric.eu/product/501ar01"
"501AR02","Турбина за аспиратор двойна - 482000022197","6a4880c5f41576d1de5dccee","published","0","501ar02","https://nikelectric.eu/product/501ar02"
"501FC04","мотор аспиратор 3 скорости к-т  - ELICA","6a487ff4f41576d1de5db638","published","0","501fc04","https://nikelectric.eu/product/501fc04"
"501FC10","ТУРБИНА","69b447cac23d34935c3bf404","published","2","d182d183d180d0b1d0b8d0bdd0b0-16","https://nikelectric.eu/product/d182d183d180d0b1d0b8d0bdd0b0-16"
"501FC100","Стъкло ELECTROLUX - 140205123015","6a488069f41576d1de5dc30a","published","0","501fc100","https://nikelectric.eu/product/501fc100"
"501FC101","Стъкло ELECTROLUX - 140202848010","6a48806bf41576d1de5dc33a","published","0","501fc101","https://nikelectric.eu/product/501fc101"
"501FC102","Стъкло ELECTROLUX - 140185930017","6a488085f41576d1de5dc604","published","0","501fc102","https://nikelectric.eu/product/501fc102"
"501FC103","Стъкло ELECTROLUX - 20055240","6a488089f41576d1de5dc67c","published","0","501fc103","https://nikelectric.eu/product/501fc103"
"501FC104","Стъкло ELECTROLUX - 140202849018","6a48808ff41576d1de5dc718","published","0","501fc104","https://nikelectric.eu/product/501fc104"
"501FC30","Турбина пластм. абсорбатор","6a487fd1f41576d1de5db260","published","0","501fc30","https://nikelectric.eu/product/501fc30"
"501FC31","Мотор аспиратор - Елит","6a487fd1f41576d1de5db266","published","1","501fc31","https://nikelectric.eu/product/501fc31"
"501FC34","Мотор аспиратор - турбина охлюв","6a487fcdf41576d1de5db1f4","published","3","501fc34","https://nikelectric.eu/product/501fc34"
"501FC40","Клавишен блок аспиратор","6a487f8df41576d1de5daae6","published","2","501fc40","https://nikelectric.eu/product/501fc40"
"501FC43","Мотор аспиратор FIME 160 W - турбина","6a488027f41576d1de5dbbd2","published","1","501fc43","https://nikelectric.eu/product/501fc43"
"501FC48","мотор турбина аспиратор 2 скорости к-т - черен","6a488026f41576d1de5dbbb4","published","7","501fc48","https://nikelectric.eu/product/501fc48"
"501FC49","мотор турбина аспиратор 2 скорости к-т - черен+бяла турбина","6a488026f41576d1de5dbbba","published","4","501fc49","https://nikelectric.eu/product/501fc49"
"501FC62","мотор турбина аспиратор 2 скорости к-т - черен","6a4880b8f41576d1de5dcb98","published","0","501fc62","https://nikelectric.eu/product/501fc62"
"501FC66","Мотор аспиратор  - НЕ","6a4880dff41576d1de5dcfd6","published","4","501fc66","https://nikelectric.eu/product/501fc66"
"501IG01","Бутон аспиратор WHIRLPOOL - 481941129634 - 481941129646","6a4880b9f41576d1de5dcbaa","published","0","501ig01","https://nikelectric.eu/product/501ig01"
"501ZN01","Мотор аспиратор - турбина охлюв -140221783016","6a4880b5f41576d1de5dcb32","published","0","501zn01","https://nikelectric.eu/product/501zn01"
"502BH01","Стъклен капак за крушка","6a488106f41576d1de5dd3fc","published","10","502bh01","https://nikelectric.eu/product/502bh01"
"502FC06","Ключ плъзгащ  двуп. 5 поз. - 12 края","6a487f85f41576d1de5daa1a","published","0","502fc06","https://nikelectric.eu/product/502fc06"
"502FC08","Ключ  плъзгащ 3 поз. 14A - сешоар","6a487f8bf41576d1de5daac2","published","0","502fc08","https://nikelectric.eu/product/502fc08"
"502FC17","Фасунги аспиратор 2 бр.","6a488024f41576d1de5dbb72","published","1","502fc17","https://nikelectric.eu/product/502fc17"
"600AR01","рейка заключваща - C00294045","6a4880d3f41576d1de5dce86","published","0","600ar01","https://nikelectric.eu/product/600ar01"
"600EG10OR","Рейка заключваща микровеле LG","6a4880f9f41576d1de5dd2a0","published","6","600eg10or","https://nikelectric.eu/product/600eg10or"
"600GL01","Магн. M210A - GALANZ","6a488011f41576d1de5db962","published","0","600gl01","https://nikelectric.eu/product/600gl01"
"600IG01","Магнетрон 2M167B-M62  Whirlpool","6a48800df41576d1de5db8fc","published","0","600ig01","https://nikelectric.eu/product/600ig01"
"600MD05","Магнетрон SHARP - 2M253H - orig.","6a487f93f41576d1de5daba0","published","0","600md05","https://nikelectric.eu/product/600md05"
"600MD09","Магнетрон AM 740J - DAEWOO  - обратен","6a487ff7f41576d1de5db692","published","0","600md09","https://nikelectric.eu/product/600md09"
"600MD11","Магнетрон AM 730","6a487ffcf41576d1de5db728","published","0","600md11","https://nikelectric.eu/product/600md11"
"600MD124","Врътка микровълнова Елит - черна","6a488000f41576d1de5db788","published","1","600md124","https://nikelectric.eu/product/600md124"
"600MD128","Захр.модул - DNV-0818A","6a488020f41576d1de5dbb12","published","1","600md128","https://nikelectric.eu/product/600md128"
"600MD13","Магнетрон AM 720J - прав- замества LG214","6a487ffdf41576d1de5db72e","published","0","600md13","https://nikelectric.eu/product/600md13"
"600MD132","UNIVERSAL","69b44799c23d34935c3beec5","published","5","universal-248","https://nikelectric.eu/product/universal-248"
"600MD135","TIMER MICROWELE - VF30M100IITG - SH","6a4880c0f41576d1de5dcc76","published","3","600md135","https://nikelectric.eu/product/600md135"
"600MD137","ТАЙМЕР","69b445d2c23d34935c3bbd77","published","1","d182d0b0d0b9d0bcd0b5d180-17","https://nikelectric.eu/product/d182d0b0d0b9d0bcd0b5d180-17"
"600MD14","Магнетрон AM 920H - прав LG","6a487ffff41576d1de5db764","published","0","600md14","https://nikelectric.eu/product/600md14"
"600MD15","Магн. AM 930H - прав LG THOSIBA","6a48800ff41576d1de5db938","published","0","600md15","https://nikelectric.eu/product/600md15"
"600MD427","Кондензатор MW  - 1 uF 2100V","6a48807cf41576d1de5dc502","published","0","600md427","https://nikelectric.eu/product/600md427"
"600MD44","рейка заключваща врата микровеле","6a487fbef41576d1de5db044","published","2","600md44","https://nikelectric.eu/product/600md44"
"600MD45","Захр.блок микровълнова SAMSUNG","6a488008f41576d1de5db866","published","10","600md45","https://nikelectric.eu/product/600md45"
"600MD51","Таймер Samsung 21V - DE45-00001A - TMFK35MTD1","6a487f94f41576d1de5daba6","published","6","600md51","https://nikelectric.eu/product/600md51"
"600MD54","Мотор за микровълнова - 10DWC2-A07 - 20170331A","6a4880ecf41576d1de5dd12c","published","1","600md54","https://nikelectric.eu/product/600md54"
"600MD55","мотор ледогенератор","6a4880f6f41576d1de5dd240","published","7","600md55","https://nikelectric.eu/product/600md55"
"600MD59","мотор ледогенератор - 3340231","6a4880bdf41576d1de5dcc10","published","0","600md59","https://nikelectric.eu/product/600md59"
"600MD65","Вис. предпаз.0.55А - MW","6a487f93f41576d1de5dab94","published","23","600md65","https://nikelectric.eu/product/600md65"
"600MD85","предп. - 5А - 6,3х32","6a48801cf41576d1de5dbaa0","published","0","600md85","https://nikelectric.eu/product/600md85"
"600MD89","предп. - 10А - 6,3х32","6a488025f41576d1de5dbb96","published","0","600md89","https://nikelectric.eu/product/600md89"
"600PA01","Магн. Panasonic 2M210-M1-850W-обратен","6a487fcbf41576d1de5db1b2","published","0","600pa01","https://nikelectric.eu/product/600pa01"
"600PA02","Магнетрон 2M210-M1G - PANASONIC - orig.","6a487f93f41576d1de5dab9a","published","1","600pa02","https://nikelectric.eu/product/600pa02"
"600SU03","магнетрон Samsung - OM75S 1000W","6a488017f41576d1de5db9fe","published","0","600su03","https://nikelectric.eu/product/600su03"
"600ZN01","рейка заключваща ELECTROLUX - 4055172995","6a4880a7f41576d1de5dc9b8","published","0","600zn01","https://nikelectric.eu/product/600zn01"
"601MD17","Чиния за микровълнова фурна  284 мм","6a488061f41576d1de5dc21a","published","2","601md17","https://nikelectric.eu/product/601md17"
"601MD30","Чиния MWO","6a4880aef41576d1de5dca7e","published","6","601md30","https://nikelectric.eu/product/601md30"
"602BH01OR","Кварцов нагревател MWO  500W  115V   L=25.5cm","6a3f0a0163ce2a8468e56f1d","published","12","--mwo--500w--115v---l255cm","https://nikelectric.eu/product/--mwo--500w--115v---l255cm"
"602IG01","Панел бордови за MW - 482000098819","6a488037f41576d1de5dbd88","published","1","602ig01","https://nikelectric.eu/product/602ig01"
"602IG02","Инвертор микровълнова - 480120100536 - 481010469885","6a48809bf41576d1de5dc862","published","0","602ig02","https://nikelectric.eu/product/602ig02"
"602IG03","Панел за MWO - 482000014312","6a4880e0f41576d1de5dcfe8","published","0","602ig03","https://nikelectric.eu/product/602ig03"
"602MD18","Ролер LP0309 - 215mm","6a487f94f41576d1de5dabac","published","0","602md18","https://nikelectric.eu/product/602md18"
"602MD19","Ролер LP 00114 - 270mm","6a487f94f41576d1de5dabb2","published","1","602md19","https://nikelectric.eu/product/602md19"
"602MD21","Кръстачка - LG Ф190","6a487fadf41576d1de5dae5e","published","0","602md21","https://nikelectric.eu/product/602md21"
"602MD25","Ролер  178 mm","6a487fcbf41576d1de5db1ac","published","0","602md25","https://nikelectric.eu/product/602md25"
"602MD28","кръстачка Мулинекс - SHP0102","6a487f95f41576d1de5dabc4","published","0","602md28","https://nikelectric.eu/product/602md28"
"602MD29","Ролер SHP 0052 - 220 mm","6a487fd2f41576d1de5db272","published","0","602md29","https://nikelectric.eu/product/602md29"
"602MD30","Ролер SHS 0018 - 250 mm","6a487fd2f41576d1de5db278","published","2","602md30","https://nikelectric.eu/product/602md30"
"602MD31","Ролер SHS 0226  - 210 mm","6a487fd2f41576d1de5db27e","published","2","602md31","https://nikelectric.eu/product/602md31"
"602MD34","Водач MWO","6a488031f41576d1de5dbcda","published","2","602md34","https://nikelectric.eu/product/602md34"
"602MD47","Платка микровълнова - 482000014639","6a488089f41576d1de5dc664","published","1","602md47","https://nikelectric.eu/product/602md47"
"602MD57","трансформатор - JHT-R800","6a4880bef41576d1de5dcc40","published","1","602md57","https://nikelectric.eu/product/602md57"
"602ZN01","Врата за микровълнова печка ELECTROLUX - 4055406732","6a488065f41576d1de5dc292","published","0","602zn01","https://nikelectric.eu/product/602zn01"
"710AR01","почиств.препарати к-т C00264257","6a487fcbf41576d1de5db1be","published","0","710ar01","https://nikelectric.eu/product/710ar01"
"710LG21","Пулигранд за мелачка 15 гр","6a487fccf41576d1de5db1dc","published","7","710lg21","https://nikelectric.eu/product/710lg21"
"800BH04","Четка за прахосмукачка BOSCH - 17007031","6a488100f41576d1de5dd366","published","0","800bh04","https://nikelectric.eu/product/800bh04"
"800EG02","Четка под турбо Ф32 - LG - CMH1","6a487f72f41576d1de5da804","published","0","800eg02","https://nikelectric.eu/product/800eg02"
"800EG03","държач LG - 4960FI2328A","6a487ff0f41576d1de5db5d2","published","0","800eg03","https://nikelectric.eu/product/800eg03"
"800PE106","Ръкохв.прахосм.Ф32 - тс","6a487f73f41576d1de5da80a","published","0","800pe106","https://nikelectric.eu/product/800pe106"
"800PE119","четка Ф32 колелца","6a487f73f41576d1de5da81c","published","3","800pe119","https://nikelectric.eu/product/800pe119"
"800PE121","Четка под турбо BD2000G","6a487f73f41576d1de5da810","published","1","800pe121","https://nikelectric.eu/product/800pe121"
"800PE127","Четка под BEKO Ф 32","6a48801df41576d1de5dbab8","published","2","800pe127","https://nikelectric.eu/product/800pe127"
"800PE130","Четка правоъгълна Ф31 с конски косъм","6a488021f41576d1de5dbb1e","published","9","800pe130","https://nikelectric.eu/product/800pe130"
"800PE152","Ръкохв.прахосм.Ф32","6a4880b7f41576d1de5dcb7a","published","7","800pe152","https://nikelectric.eu/product/800pe152"
"800PE162","РЪКОХВАТКА Ф35","69b447f7c23d34935c3bf8cb","published","3","d180d18ad0bad0bed185d0b2d0b0d182d0bad0b0-d18435-2","https://nikelectric.eu/product/d180d18ad0bad0bed185d0b2d0b0d182d0bad0b0-d18435-2"
"800PE31","BEKO ZELMER","69b44795c23d34935c3bee59","published","5","beko-zelmer","https://nikelectric.eu/product/beko-zelmer"
"800SU01","държач Samsung - DJ61-00735A","6a487ff1f41576d1de5db5d8","published","0","800su01","https://nikelectric.eu/product/800su01"
"800ZL05","капак за филтър Cobra 2000 - 2000.0071","6a487ffdf41576d1de5db740","published","1","800zl05","https://nikelectric.eu/product/800zl05"
"801EG01","М-ч прах. LG к-т - 5215FI1306R","6a487f74f41576d1de5da822","published","0","801eg01","https://nikelectric.eu/product/801eg01"
"801PE02","М-ч прахосм. универсален Ф38 - 45","6a488034f41576d1de5dbd2e","published","0","801pe02","https://nikelectric.eu/product/801pe02"
"801PE03","М-ч прахосм. универсален Ф30 - 38","6a488036f41576d1de5dbd70","published","1","801pe03","https://nikelectric.eu/product/801pe03"
"801PE32","BEKO SANG BLOMBERG","69b44436c23d34935c3b9192","published","1","beko-sang-blomberg-227","https://nikelectric.eu/product/beko-sang-blomberg-227"
"801ZL01OR","Маркуч за прахосмукачка Zelmer Cobra","6a488090f41576d1de5dc72a","published","3","801zl01or","https://nikelectric.eu/product/801zl01or"
"802PE24","Мотор прахосмукачка 1200 W","6a4880f6f41576d1de5dd252","published","8","802pe24","https://nikelectric.eu/product/802pe24"
"802PE315","Четкодържатели к-т прах.  - 6x10x32","6a4880f3f41576d1de5dd1ec","published","15","802pe315","https://nikelectric.eu/product/802pe315"
"802PE36","Мотор прах.- ML22160B","6a487fccf41576d1de5db1d6","published","1","802pe36","https://nikelectric.eu/product/802pe36"
"802PE39","Мотор прах. ZXC29","6a487fb0f41576d1de5daebe","published","1","802pe39","https://nikelectric.eu/product/802pe39"
"802PE402","уплътнител мотор прахосмукачка","6a487ffcf41576d1de5db710","published","0","802pe402","https://nikelectric.eu/product/802pe402"
"802PE44","Мотор прахосмукачка - 1400W","6a487f74f41576d1de5da828","published","7","802pe44","https://nikelectric.eu/product/802pe44"
"802PE51","Мотор прах. Самсунг 11ME73 - 1400W - борд","6a487feaf41576d1de5db52a","published","0","802pe51","https://nikelectric.eu/product/802pe51"
"802PE67","Мотор прах.420W - HX-84ZC - борд","6a488020f41576d1de5dbb06","published","2","802pe67","https://nikelectric.eu/product/802pe67"
"802PE68","Мотор прах.800W - DH-15-08 AL - борд","6a488020f41576d1de5dbb0c","published","1","802pe68","https://nikelectric.eu/product/802pe68"
"802PE70","Мотор акумулаторна прахосмукачка 12V","6a487f90f41576d1de5dab3a","published","0","802pe70","https://nikelectric.eu/product/802pe70"
"802PE92","Мотор прах. Самсунг - DJ31-30114G","6a4880bff41576d1de5dcc46","published","4","802pe92","https://nikelectric.eu/product/802pe92"
"802PE94","Мотор прах. ETA тип 0986.30","6a487fd7f41576d1de5db308","published","1","802pe94","https://nikelectric.eu/product/802pe94"
"802PE97","Мотор 400W - 24V  JACUZZI - AMETEK","6a4880e0f41576d1de5dcfdc","published","0","802pe97","https://nikelectric.eu/product/802pe97"
"802PE98","Мотор 400W - 24V  JACUZZI","6a4880e0f41576d1de5dcfe2","published","0","802pe98","https://nikelectric.eu/product/802pe98"
"803DA01","DAEWOO Хепа филтър- 3621912400","6a487facf41576d1de5dae52","published","0","803da01","https://nikelectric.eu/product/803da01"
"803DA02","DAEWOO Хепа филтър - 3622204810","6a487fbbf41576d1de5daffc","published","0","803da02","https://nikelectric.eu/product/803da02"
"803DA04","DAEWOO Хепа филтър - HEPA FILTER","6a487fd4f41576d1de5db2ba","published","0","803da04","https://nikelectric.eu/product/803da04"
"803DE01","DELONGHI Хепа филтър - AQUA LAND-5591106200","6a487fc0f41576d1de5db08c","published","0","803de01","https://nikelectric.eu/product/803de01"
"803DE04","DELONGHI филтър дунапрен - 5391506200","6a487fd0f41576d1de5db24e","published","0","803de04","https://nikelectric.eu/product/803de04"
"803DE06","DELONGHI филтър дунапрен VT517875 -200x220 - M31 PENTA","6a487febf41576d1de5db548","published","0","803de06","https://nikelectric.eu/product/803de06"
"803DE08","DELONGHI Хепа филтър - 5519110141","6a487ff0f41576d1de5db5cc","published","0","803de08","https://nikelectric.eu/product/803de08"
"803DY14","СВОБОДЕН","6a4880f9f41576d1de5dd2a6","published","0","803dy14","https://nikelectric.eu/product/803dy14"
"803EL05","ELIT NEO CROWN - Хепа филтър кръгъл","6a488008f41576d1de5db872","published","2","803el05","https://nikelectric.eu/product/803el05"
"803ET01","ETA Хепа филтър - 7469 - 39 746900200","6a487fd5f41576d1de5db2cc","published","0","803et01","https://nikelectric.eu/product/803et01"
"803ET02","ETA  Микрофилтър - ETA 7464 , 1464 - 39 146400210","6a487fd5f41576d1de5db2d2","published","0","803et02","https://nikelectric.eu/product/803et02"
"803LG01","LG Хепа филтър- 5231FI2493A - 5231FI2519A","6a487fabf41576d1de5dae28","published","0","803lg01","https://nikelectric.eu/product/803lg01"
"803LG02","LG Хепа филтър - 3621912900","6a487fabf41576d1de5dae2e","published","0","803lg02","https://nikelectric.eu/product/803lg02"
"803LG04","LG Хепа филтър - 5231FI2464B","6a487fabf41576d1de5dae34","published","0","803lg04","https://nikelectric.eu/product/803lg04"
"803LG06","LG Хепа филтър - ADQ67115102","6a487fbef41576d1de5db04a","published","0","803lg06","https://nikelectric.eu/product/803lg06"
"803LG07","LG филтър - MDJ61644503","6a487fc1f41576d1de5db092","published","0","803lg07","https://nikelectric.eu/product/803lg07"
"803LG08","LG филтър - ADV31845201","6a487fcef41576d1de5db212","published","0","803lg08","https://nikelectric.eu/product/803lg08"
"803MA01","MIDEA Хепа филтър","6a487fb4f41576d1de5daf30","published","0","803ma01","https://nikelectric.eu/product/803ma01"
"803PE500","Торба постоянна - малка","6a487f7ef41576d1de5da954","published","0","803pe500","https://nikelectric.eu/product/803pe500"
"803PE506","T 272 торби Zelmer","6a488002f41576d1de5db7ca","published","2","803pe506","https://nikelectric.eu/product/803pe506"
"803PE507","Т362 - Торби KARCHER A-2254, SL-4001","6a488003f41576d1de5db7dc","published","0","803pe507","https://nikelectric.eu/product/803pe507"
"803PE512","Торба постоянна - 10 х11 см","6a48800ff41576d1de5db92c","published","9","803pe512","https://nikelectric.eu/product/803pe512"
"803PE513","Торбичка Беко - 9178010701","6a488027f41576d1de5dbbc6","published","5","803pe513","https://nikelectric.eu/product/803pe513"
"803PE515","Т167  торби SAMSUNG 6213, 6313, 6713","6a48802ef41576d1de5dbc80","published","0","803pe515","https://nikelectric.eu/product/803pe515"
"803PE516","Т218  торби ELITE EVC-2000","6a488031f41576d1de5dbcec","published","0","803pe516","https://nikelectric.eu/product/803pe516"
"803PE519","Торби 4 + 1 - GS83-MW","6a488046f41576d1de5dbf20","published","0","803pe519","https://nikelectric.eu/product/803pe519"
"803PE524OR","Торби за прахосмукачка ELECTROLUX 5+1","6a488097f41576d1de5dc7f6","published","5","803pe524or","https://nikelectric.eu/product/803pe524or"
"803PE535","Т405 - Торби KARCHER A-2000...2029","6a4880fbf41576d1de5dd2dc","published","0","803pe535","https://nikelectric.eu/product/803pe535"
"803PE602","филтър за аспиратор с индикатор - А02","6a3daa8263ce2a8468e50d17","hidden","10","803pe602----------02","https://nikelectric.eu/product/803pe602----------02"
"803PE603","филтър за аспиратор с активен въглен - А03","6a487ffef41576d1de5db746","published","0","803pe603","https://nikelectric.eu/product/803pe603"
"803PE604","филтър за фритюрник - универсален","6a487f7ff41576d1de5da960","published","0","803pe604","https://nikelectric.eu/product/803pe604"
"803PE606","микрофилтър за  прахосмукачки 18х20 см - 5 бр.","6a48800ff41576d1de5db926","published","0","803pe606","https://nikelectric.eu/product/803pe606"
"803PE803","T803 торби Самсунг","6a4880d4f41576d1de5dce92","published","0","803pe803","https://nikelectric.eu/product/803pe803"
"803PE804","T603 торби Самсунг - използва се","6a4880fbf41576d1de5dd2e2","published","3","803pe804","https://nikelectric.eu/product/803pe804"
"803PH06","PHILIPS филтър MICRO - FC8030-EF17","6a487fc0f41576d1de5db086","published","1","803ph06","https://nikelectric.eu/product/803ph06"
"803PH07","PHILIPS Хепа филтър - FC8445 - 422245945238","6a487fcef41576d1de5db20c","published","0","803ph07","https://nikelectric.eu/product/803ph07"
"803PH10","PHILIPS филтър - 432200493471","6a487ffcf41576d1de5db71c","published","1","803ph10","https://nikelectric.eu/product/803ph10"
"803RO01","ROWENTA Хепа филтър - RS-RT3156","6a487fc7f41576d1de5db152","published","0","803ro01","https://nikelectric.eu/product/803ro01"
"803RO15OR","ROWENTA Хепа филтър к-т","6a488032f41576d1de5dbcf2","published","0","803ro15or","https://nikelectric.eu/product/803ro15or"
"803SU01","SAMSUNG  Хепа филтър - DJ9000002A","6a487fabf41576d1de5dae3a","published","0","803su01","https://nikelectric.eu/product/803su01"
"803SU02","Хепа филтър за прахосмукачка SAMSUNG","6a32955a63ce2a8468d9e2e3","published","0","---","https://nikelectric.eu/product/---"
"803SU03","SAMSUNG  Хепа филтър - DJ97-00338A","6a487fabf41576d1de5dae40","published","0","803su03","https://nikelectric.eu/product/803su03"
"803SU04","Хепа филтър за прахосмукачка SAMSUNG","6a487facf41576d1de5dae46","published","1","803su04","https://nikelectric.eu/product/803su04"
"803SU05","Хепа филтър за прахосмукачка SAMSUNG","6a487facf41576d1de5dae4c","published","1","803su05","https://nikelectric.eu/product/803su05"
"803SU06","SAMSUNG  Хепа филтър - DJ72-00149D- DJ97-00318C","6a487facf41576d1de5dae58","published","0","803su06","https://nikelectric.eu/product/803su06"
"803SU08","SAMSUNG CYCLONE - DJ61-00385A","6a487fbaf41576d1de5dafe4","published","0","803su08","https://nikelectric.eu/product/803su08"
"803SU12","циклон к-т за SAMSUNG","6a488000f41576d1de5db78e","published","0","803su12","https://nikelectric.eu/product/803su12"
"803SU13","SAMSUNG  Хепа филтър","6a487fe9f41576d1de5db500","published","7","803su13","https://nikelectric.eu/product/803su13"
"803SU21","SAMSUNG  хепа филтър  - DJ97-01670B","6a488039f41576d1de5dbdca","published","5","803su21","https://nikelectric.eu/product/803su21"
"803TR02","TAURUS Хепа филтър - Boxster 2400","6a48801ff41576d1de5dbae2","published","0","803tr02","https://nikelectric.eu/product/803tr02"
"803TR03","TAURUS","69b44416c23d34935c3b8e3c","published","1","taurus-11","https://nikelectric.eu/product/taurus-11"
"803TR04","TAURUS Хепа филтър","6a48801ff41576d1de5dbae8","published","1","803tr04","https://nikelectric.eu/product/803tr04"
"803TR05","TAURUS","69b44416c23d34935c3b8e33","published","3","taurus-10","https://nikelectric.eu/product/taurus-10"
"803TR07","TAURUS Контейнер с Хепа филтър","6a48801ff41576d1de5dbaee","published","2","803tr07","https://nikelectric.eu/product/803tr07"
"803VW01","VORWERK Хепа филтър - 130-131","6a487fc1f41576d1de5db098","published","2","803vw01","https://nikelectric.eu/product/803vw01"
"803VW02","VORWERK Хепа филтър - 135","6a487fc1f41576d1de5db09e","published","2","803vw02","https://nikelectric.eu/product/803vw02"
"803ZL12A","микрофилтър - 52 800.0015 - 140х50мм","6a487ff1f41576d1de5db5e4","published","4","803zl12a","https://nikelectric.eu/product/803zl12a"
"803ZL18","ZELMER Хепа филтър - VC3300 - 0VC3300024","6a487ffcf41576d1de5db722","published","0","803zl18","https://nikelectric.eu/product/803zl18"
"803ZN08OR","ZANUSSI AEG Хепа филтър - 50297034006 - 9001959494","6a48801df41576d1de5dbaac","published","23","803zn08or","https://nikelectric.eu/product/803zn08or"
"804PE02","НАКРАЙНИК","69b43f5ec23d34935c3b0401","published","4","d0bdd0b0d0bad180d0b0d0b9d0bdd0b8d0ba-3","https://nikelectric.eu/product/d0bdd0b0d0bad180d0b0d0b9d0bdd0b8d0ba-3"
"806PE107","Гр.четка 5х25 с 2 каб.искрогас. - индустриални","6a487f7df41576d1de5da91e","published","12","806pe107","https://nikelectric.eu/product/806pe107"
"806PE11","Ключ Борм. Capax реверс - малка пъпка","6a487f76f41576d1de5da86a","published","1","806pe11","https://nikelectric.eu/product/806pe11"
"806PE121","Гр.четка 6.3х12.5х22   с два кабела","6a487f76f41576d1de5da864","published","160","806pe121","https://nikelectric.eu/product/806pe121"
"806PE140","Гр.четка 6х16х23 - 5-30-24-025 - БОШ","6a487f79f41576d1de5da8be","published","5","806pe140","https://nikelectric.eu/product/806pe140"
"806PE141","Гр.четка 6х16х22","6a487f7cf41576d1de5da918","published","0","806pe141","https://nikelectric.eu/product/806pe141"
"806PE145","Гр.четка 6х9х12 - Макита HR 2410","6a487f76f41576d1de5da85e","published","2","806pe145","https://nikelectric.eu/product/806pe145"
"806PE157","7x10x13.5","69b44846c23d34935c3c0115","published","17","7x10x13-5","https://nikelectric.eu/product/7x10x13-5"
"806PE162","Гр.четка 5х8х15 - BUR 162 - оригинален","6a487fbcf41576d1de5db00e","published","1","806pe162","https://nikelectric.eu/product/806pe162"
"806PE163","Гр.четка 5х10x17 - BZ-16 - алтернативни","6a487f78f41576d1de5da8a0","published","7","806pe163","https://nikelectric.eu/product/806pe163"
"806PE172","Гр.четка 8х16x26 - М2300 - алтернативни","6a487f77f41576d1de5da88e","published","1","806pe172","https://nikelectric.eu/product/806pe172"
"806PE177","Гр.четка 6x8x15 - М850 н.м","6a487f7cf41576d1de5da912","published","3","806pe177","https://nikelectric.eu/product/806pe177"
"806PE196","8x14,5x18","69b43ff3c23d34935c3b1605","published","21","8x11x18","https://nikelectric.eu/product/8x11x18"
"806PE21","Ключ бормашина","6a487fe3f41576d1de5db452","published","5","806pe21","https://nikelectric.eu/product/806pe21"
"806PE223","Гр.четка 6х16х24 - Metabo","6a487fe7f41576d1de5db4ca","published","1","806pe223","https://nikelectric.eu/product/806pe223"
"806PE228","Гр.четка 6.3х8х22 - Arcelik","6a487fe7f41576d1de5db4d0","published","0","806pe228","https://nikelectric.eu/product/806pe228"
"806PE234","Гр.четка 6.3х16х22 - Bosch Telli","6a487fe6f41576d1de5db4be","published","23","806pe234","https://nikelectric.eu/product/806pe234"
"806PE237","Гр.четка 6.4х10х14 - Dewalt","6a487fe7f41576d1de5db4c4","published","8","806pe237","https://nikelectric.eu/product/806pe237"
"806PE244","Гр.четка 7х17х22 - Hitachi","6a487fe7f41576d1de5db4d6","published","6","806pe244","https://nikelectric.eu/product/806pe244"
"806PE252","Гр.четка 6.5х6.5х17.5","69ff2f8958138c72b910dc09","published","9","806pe252----6565175","https://nikelectric.eu/product/806pe252----6565175"
"806PE260","806PE260","6a487fecf41576d1de5db560","published","1","806pe260","https://nikelectric.eu/product/806pe260"
"806PE262","Гр.четка 6х10х13 с канал и скоба","6a487ff8f41576d1de5db6aa","published","2","806pe262","https://nikelectric.eu/product/806pe262"
"806PE263","6x8x15 - пружина + скоба щипка","6a487ffff41576d1de5db770","published","1","806pe263","https://nikelectric.eu/product/806pe263"
"806PE264","Гр. четки 6.5x10x32","6a487ffff41576d1de5db77c","published","2","806pe264","https://nikelectric.eu/product/806pe264"
"806PE35","Ключ Борм.KAUTT&BUX -голям палец","6a487fd6f41576d1de5db2f6","published","1","806pe35","https://nikelectric.eu/product/806pe35"
"806PE36","Ключ Борм.MARQUARDT - широк палец","6a487fd6f41576d1de5db2fc","published","1","806pe36","https://nikelectric.eu/product/806pe36"
"806PE45","Ключ ъглошлайф DUKOS - DKS23 18A","6a488010f41576d1de5db93e","published","3","806pe45","https://nikelectric.eu/product/806pe45"
"806PE517","Рамо включващо М850 и нови мод","6a487f76f41576d1de5da870","published","4","806pe517","https://nikelectric.eu/product/806pe517"
"806PE518","Гайка + шайба за стягане ъглошлайф","6a487f76f41576d1de5da876","published","0","806pe518","https://nikelectric.eu/product/806pe518"
"806PE519","Лагер за глава М850-0709","6a487f77f41576d1de5da87c","published","3","806pe519","https://nikelectric.eu/product/806pe519"
"806PE520","Маслоуловител М850","6a487f78f41576d1de5da8ac","published","9","806pe520","https://nikelectric.eu/product/806pe520"
"806PE522","Маслоуловител М2300","6a487f78f41576d1de5da8a6","published","4","806pe522","https://nikelectric.eu/product/806pe522"
"806PE532","Ръкохватка за бормашина к-т","6a487f79f41576d1de5da8c4","published","10","806pe532","https://nikelectric.eu/product/806pe532"
"806PE536","Четкодържатели разни - китайски","6a487ff9f41576d1de5db6ce","published","2","806pe536","https://nikelectric.eu/product/806pe536"
"806PE54","Ключ ъглошлайф - CN - нормално отворен","6a488002f41576d1de5db7b8","published","0","806pe54","https://nikelectric.eu/product/806pe54"
"806PE61","Ключ флекс","6a487f7df41576d1de5da930","published","10","806pe61","https://nikelectric.eu/product/806pe61"
"806PE65","Ключ ъглошлайф  КД 24  - CN","6a487fb2f41576d1de5daf00","published","11","806pe65","https://nikelectric.eu/product/806pe65"
"806PE81","Ключ ъглошлайф FA2-5/1W - Райдер","6a487febf41576d1de5db536","published","4","806pe81","https://nikelectric.eu/product/806pe81"
"806PE91","Ключ перфоратор  GBH 2-24 -  4A - Бош","6a487f78f41576d1de5da894","published","2","806pe91","https://nikelectric.eu/product/806pe91"
"806PE92","Ключ перфоратор GBH 4 -  4A - Бош","6a487f78f41576d1de5da89a","published","1","806pe92","https://nikelectric.eu/product/806pe92"
"806PE99","Ключ китайски - Г- образен 6A","6a487ffaf41576d1de5db6d4","published","0","806pe99","https://nikelectric.eu/product/806pe99"
"807PE51","E059 - термостат ютия 240 C- L на вала 18мм","6a487febf41576d1de5db542","published","0","807pe51","https://nikelectric.eu/product/807pe51"
"808PE14","808PE44 - Защитен клапан парогенератор TAURUS универсал - 3/8","6a48801bf41576d1de5dba7c","published","10","808pe14","https://nikelectric.eu/product/808pe14"
"810PE02","Захр.кабел с щепсел 3х1.5 -гумиран","6a487f8ef41576d1de5dab04","published","0","810pe02","https://nikelectric.eu/product/810pe02"
"810PE03","Захр.кабел с щепсел 3х0.75 - бял","6a487f8ef41576d1de5dab0a","published","8","810pe03","https://nikelectric.eu/product/810pe03"
"810PE10","Кабел ютия","6a48801df41576d1de5dbab2","published","9","810pe10","https://nikelectric.eu/product/810pe10"
"810PE101","кабел силиконов 1 мм2","6a487f94f41576d1de5dabb8","published","0","810pe101","https://nikelectric.eu/product/810pe101"
"810PE102","кабел силиконов 1.5 мм2","6a3e28e263ce2a8468e5358c","published","120.5","810pe102-----15-2","https://nikelectric.eu/product/810pe102-----15-2"
"810PE103","кабел силиконов 2.5 мм2","6a3e28e263ce2a8468e53594","published","160","810pe103-----25-2","https://nikelectric.eu/product/810pe103-----25-2"
"810PE104","кабел  силиконов 4 мм2","6a487f95f41576d1de5dabd0","published","90","810pe104","https://nikelectric.eu/product/810pe104"
"810PE105","кабел силиконов  1.5 мм2  - 90см с обувки","6a488028f41576d1de5dbbe4","published","2.5","810pe105","https://nikelectric.eu/product/810pe105"
"810PE106","К-т кабели силиконови с обувки  -1.5 мм2 за фурна","6a488028f41576d1de5dbbea","published","5","810pe106","https://nikelectric.eu/product/810pe106"
"810PE107","кабел силиконов  1.5 мм2  - 45 см с обувки","6a488034f41576d1de5dbd3a","published","3","810pe107","https://nikelectric.eu/product/810pe107"
"810PE108","кабел ШКПЛ 2х1","6a488042f41576d1de5dbeb4","published","37","810pe108","https://nikelectric.eu/product/810pe108"
"810PE12","Захр.кабел за ел.възглавница","6a48803af41576d1de5dbdd6","published","7","810pe12","https://nikelectric.eu/product/810pe12"
"811PE152","СР Кана Мулинекс - AROMA CRISTAL","6a487f81f41576d1de5da9a8","published","1","811pe152","https://nikelectric.eu/product/811pe152"
"811PE154","кана Мулинекс, Тефал - FH900401","6a488031f41576d1de5dbce6","published","0","811pe154","https://nikelectric.eu/product/811pe154"
"811PE156","Кана - бяла/черна","6a4880bbf41576d1de5dcbe0","published","4","811pe156","https://nikelectric.eu/product/811pe156"
"811PE159","Кана -  Eлит Хюндай Нео","6a487f80f41576d1de5da98a","published","3","811pe159","https://nikelectric.eu/product/811pe159"
"811PE160","Кана НЕО черна","6a4880bbf41576d1de5dcbe6","published","2","811pe160","https://nikelectric.eu/product/811pe160"
"811PE161","Кана НЕО черна заоблена","6a4880bbf41576d1de5dcbec","published","1","811pe161","https://nikelectric.eu/product/811pe161"
"811PE162","СР Кана Мулинекс","6a4880bcf41576d1de5dcbf2","published","1","811pe162","https://nikelectric.eu/product/811pe162"
"811PE200","Ръкохватка Солак - Плевен","6a487f80f41576d1de5da978","published","3","811pe200","https://nikelectric.eu/product/811pe200"
"811PE209","Ръкохватка НЕО-ES-151","6a487f81f41576d1de5da990","published","1","811pe209","https://nikelectric.eu/product/811pe209"
"811PE224","Цедка за глава кафемашина","6a487ff1f41576d1de5db5ea","published","1","811pe224","https://nikelectric.eu/product/811pe224"
"811PE231","Ръкохватка  под налягане 3 зъба","6a487ffbf41576d1de5db70a","published","1","811pe231","https://nikelectric.eu/product/811pe231"
"811PE233OR","Ръкохватка за кафемашина DELONGHI с  3 зъба","6a488019f41576d1de5dba4c","published","2","811pe233or","https://nikelectric.eu/product/811pe233or"
"811PE253","Крем шайба Солак","6a487f84f41576d1de5da9fc","published","1","811pe253","https://nikelectric.eu/product/811pe253"
"811PE254","Цедка душова AEG","6a488047f41576d1de5dbf3e","published","6","811pe254","https://nikelectric.eu/product/811pe254"
"811PE261","Крем шайба Кортина-К1","6a487f85f41576d1de5daa02","published","9","811pe261","https://nikelectric.eu/product/811pe261"
"811PE262","Крем шайба Кортина-К2","6a487f85f41576d1de5daa08","published","5","811pe262","https://nikelectric.eu/product/811pe262"
"811PE266","Глава кафемашина - метална","6a48801af41576d1de5dba6a","published","4","811pe266","https://nikelectric.eu/product/811pe266"
"811PE271","SAECO","69b44263c23d34935c3b5d86","published","1","saeco-40","https://nikelectric.eu/product/saeco-40"
"811PE290","казанче за вода Саеко - 996530073476","6a488043f41576d1de5dbecc","published","0","811pe290","https://nikelectric.eu/product/811pe290"
"811PE303","ТЕН кафемашини PHILIPS - 1400W","6a487f81f41576d1de5da99c","published","0","811pe303","https://nikelectric.eu/product/811pe303"
"811PE305","врътка за кафемашина","6a487f81f41576d1de5da996","published","22","811pe305","https://nikelectric.eu/product/811pe305"
"811PE324","Бойлер с нагревател - кръгъл","6a48800cf41576d1de5db8d8","published","2","811pe324","https://nikelectric.eu/product/811pe324"
"811PE326","Бойлер с нагревател - Елит Нео Краун - комплект","6a488022f41576d1de5dbb30","published","1","811pe326","https://nikelectric.eu/product/811pe326"
"811PE328","Бойлер с нагревател - Елит Нео Краун - комплект","6a488024f41576d1de5dbb6c","published","2","811pe328","https://nikelectric.eu/product/811pe328"
"811PE332","Бойлер с нагревател Delonghi 2x600W -120V","6a48802ff41576d1de5dbcb6","published","2","811pe332","https://nikelectric.eu/product/811pe332"
"811PE334","Н-л шварц машини 500W - TAURUS","6a488088f41576d1de5dc652","published","3","811pe334","https://nikelectric.eu/product/811pe334"
"811PE338","Държач ръкохватка","6a4880d6f41576d1de5dced4","published","5","811pe338","https://nikelectric.eu/product/811pe338"
"811PE364","упл.ТЕН проф.машина - триъгълна клингерит.","6a487f77f41576d1de5da882","published","8","811pe364","https://nikelectric.eu/product/811pe364"
"811PE389","Нипел G1/8","6a487ffbf41576d1de5db704","published","0","811pe389","https://nikelectric.eu/product/811pe389"
"811PE391","възвратен клапан кафемашина","6a488001f41576d1de5db7b2","published","2","811pe391","https://nikelectric.eu/product/811pe391"
"811PE393","накрайник за KRUPS - MS-0A01531","6a48800ef41576d1de5db90e","published","1","811pe393","https://nikelectric.eu/product/811pe393"
"811PE406","Тройник пластмаса Y-обр.  Ф 10 - SP05240015","6a488030f41576d1de5dbcbc","published","0","811pe406","https://nikelectric.eu/product/811pe406"
"811PE410","Накрайник кафемаш. JURA Ф4мм.","6a48804ef41576d1de5dc00a","published","1","811pe410","https://nikelectric.eu/product/811pe410"
"811PE414","Група SAECO - 421944052461","6a48809df41576d1de5dc8aa","published","0","811pe414","https://nikelectric.eu/product/811pe414"
"811PE415OR","Филтър за вода на кафемашина PHILIPS SAECO","6a4880a3f41576d1de5dc94c","published","9","811pe415or","https://nikelectric.eu/product/811pe415or"
"811PE50","Цедка Плевен - 1 кафе","6a487f80f41576d1de5da97e","published","0","811pe50","https://nikelectric.eu/product/811pe50"
"811PE500","поставка за чаши- кафемашина","6a488047f41576d1de5dbf4a","published","17","811pe500","https://nikelectric.eu/product/811pe500"
"811PE503","Зъбно колело за кафемелачка Саеко","6a488053f41576d1de5dc094","published","1","811pe503","https://nikelectric.eu/product/811pe503"
"811PE504","Мотор за кафемелачка Саеко","6a48805ff41576d1de5dc1e4","published","0","811pe504","https://nikelectric.eu/product/811pe504"
"811PE509","Резервоар за кафемашина MS0A01425","6a48807bf41576d1de5dc4fc","published","0","811pe509","https://nikelectric.eu/product/811pe509"
"811PE51","Цедка Плевен","6a487f80f41576d1de5da984","published","0","811pe51","https://nikelectric.eu/product/811pe51"
"811PE550","Ръкохватки кафемашина","6a48801cf41576d1de5dba9a","published","1","811pe550","https://nikelectric.eu/product/811pe550"
"811PE601","Филтър за кафемашина  ø 110/360","6a488105f41576d1de5dd3f6","published","3","811pe601","https://nikelectric.eu/product/811pe601"
"812PE100","Помпа 46-60W / 38-54W 208 / 240V","6a488060f41576d1de5dc1fc","published","0","812pe100","https://nikelectric.eu/product/812pe100"
"813PE121","Упл. кафеварка 12 кафета - силикон","6a48800df41576d1de5db902","published","1","813pe121","https://nikelectric.eu/product/813pe121"
"813PE122","Упл. кафеварка 12 кафета - силикон - НЕ","6a4880e9f41576d1de5dd0ea","published","0","813pe122","https://nikelectric.eu/product/813pe122"
"813PE206","№ 068А 0-пръстен б-р Президент -  силикон","6a487f80f41576d1de5da972","published","31","813pe206","https://nikelectric.eu/product/813pe206"
"813PE208","№ 052А 0-пръс.73х3.5 сил - Плевен / Сан Марко","6a487f7ff41576d1de5da966","published","25","813pe208","https://nikelectric.eu/product/813pe208"
"813PE217","№249А О-пръстен - разпределител бойлер  Саеко","6a488012f41576d1de5db97a","published","13","813pe217","https://nikelectric.eu/product/813pe217"
"813PE220","У-тел  бойлер парогенератор - силикон","6a488023f41576d1de5dbb54","published","19","813pe220","https://nikelectric.eu/product/813pe220"
"813PE233","Капак за контейнер кафем.Саеко - 421944058821","6a48806af41576d1de5dc322","published","0","813pe233","https://nikelectric.eu/product/813pe233"
"813PE234","Капак за кафем.Саеко - 996530001005","6a48808cf41576d1de5dc6ca","published","1","813pe234","https://nikelectric.eu/product/813pe234"
"813PE401","О-ринг 4х2","6a33106763ce2a8468da9173","published","1","813pe401-----42","https://nikelectric.eu/product/813pe401-----42"
"813PE402","О-ринг 5х2","6a487f82f41576d1de5da9b4","published","51","813pe402","https://nikelectric.eu/product/813pe402"
"813PE403","О-ринг 6х2","6a487f82f41576d1de5da9ba","published","53","813pe403","https://nikelectric.eu/product/813pe403"
"813PE404","О-ринг 7х2","69ff2f8958138c72b910dc01","published","60","813pe404-----72","https://nikelectric.eu/product/813pe404-----72"
"813PE405","О-ринг 8х2","6a33106763ce2a8468da917b","published","60","813pe405-----82","https://nikelectric.eu/product/813pe405-----82"
"813PE406","О-ринг 10х2","6a487f86f41576d1de5daa26","published","3","813pe406","https://nikelectric.eu/product/813pe406"
"813PE407","О-ринг 10х2.5","6a487f86f41576d1de5daa2c","published","8","813pe407","https://nikelectric.eu/product/813pe407"
"813PE408","О-ринг 11х2.5","6a33106763ce2a8468da9183","published","10","813pe408-----1125","https://nikelectric.eu/product/813pe408-----1125"
"813PE409","О-ринг 12х2.5","6a487f86f41576d1de5daa32","published","13","813pe409","https://nikelectric.eu/product/813pe409"
"813PE410","О-ринг 13х3.5","6a487f82f41576d1de5da9ae","published","0","813pe410","https://nikelectric.eu/product/813pe410"
"813PE411","О-ринг 14х2.5","6a487f86f41576d1de5daa38","published","0","813pe411","https://nikelectric.eu/product/813pe411"
"813PE412","О-ринг 16х2.5","6a487f87f41576d1de5daa3e","published","25","813pe412","https://nikelectric.eu/product/813pe412"
"813PE413","О-ринг 17х2.5","6a487f87f41576d1de5daa44","published","33","813pe413","https://nikelectric.eu/product/813pe413"
"813PE414","О-ринг 19х2.5","6a487f87f41576d1de5daa4a","published","27","813pe414","https://nikelectric.eu/product/813pe414"
"813PE415","О-ринг 19х3","6a487f87f41576d1de5daa50","published","42","813pe415","https://nikelectric.eu/product/813pe415"
"813PE416","О-ринг 20х2","6a487f84f41576d1de5da9e4","published","10","813pe416","https://nikelectric.eu/product/813pe416"
"813PE417","О-ринг 20х2.5","6a487f84f41576d1de5da9ea","published","10","813pe417","https://nikelectric.eu/product/813pe417"
"813PE418","О-ринг 20х3","6a487f88f41576d1de5daa56","published","14","813pe418","https://nikelectric.eu/product/813pe418"
"813PE419","О-ринг 22х3","6a487f88f41576d1de5daa5c","published","23","813pe419","https://nikelectric.eu/product/813pe419"
"813PE420","О-ринг 24х3","6a487f88f41576d1de5daa62","published","12","813pe420","https://nikelectric.eu/product/813pe420"
"813PE421","О-ринг 25х3","6a487f88f41576d1de5daa68","published","43","813pe421","https://nikelectric.eu/product/813pe421"
"813PE422","О-ринг 27х3","6a487f88f41576d1de5daa6e","published","0","813pe422","https://nikelectric.eu/product/813pe422"
"813PE423","О-ринг 28х3","6a487f89f41576d1de5daa74","published","44","813pe423","https://nikelectric.eu/product/813pe423"
"813PE424","О-ринг 30х3","6a487f89f41576d1de5daa7a","published","3","813pe424","https://nikelectric.eu/product/813pe424"
"813PE425","О-ринг 32х3","6a487f89f41576d1de5daa80","published","58","813pe425","https://nikelectric.eu/product/813pe425"
"813PE426","О-ринг 33х3","6a487f82f41576d1de5da9c0","published","41","813pe426","https://nikelectric.eu/product/813pe426"
"813PE427","О-ринг 35х2","6a487f84f41576d1de5da9f0","published","10","813pe427","https://nikelectric.eu/product/813pe427"
"813PE428","О-ринг 35х3","6a487f82f41576d1de5da9c6","published","47","813pe428","https://nikelectric.eu/product/813pe428"
"813PE429","О-ринг 36х2","6a487f84f41576d1de5da9f6","published","9","813pe429","https://nikelectric.eu/product/813pe429"
"813PE430","О-ринг 36х3","6a487f83f41576d1de5da9cc","published","38","813pe430","https://nikelectric.eu/product/813pe430"
"813PE431","О-ринг 38х3","6a487f83f41576d1de5da9d2","published","7","813pe431","https://nikelectric.eu/product/813pe431"
"813PE432","О-ринг 39х3","6a487f89f41576d1de5daa86","published","8","813pe432","https://nikelectric.eu/product/813pe432"
"813PE433","О-ринг 42х4","6a487f83f41576d1de5da9d8","published","14","813pe433","https://nikelectric.eu/product/813pe433"
"813PE434","О-ринг 45х4","6a487f83f41576d1de5da9de","published","53","813pe434","https://nikelectric.eu/product/813pe434"
"813PE435","О-ринг 55х3.5","6a487f89f41576d1de5daa8c","published","100","813pe435","https://nikelectric.eu/product/813pe435"
"813PE436","О-ринг 56х4","6a487f8af41576d1de5daa92","published","5","813pe436","https://nikelectric.eu/product/813pe436"
"813PE437","О-ринг 62х3.5","6a487f7ff41576d1de5da96c","published","10","813pe437","https://nikelectric.eu/product/813pe437"
"813PE438","О-ринг 63х3","6a487f8af41576d1de5daa98","published","7","813pe438","https://nikelectric.eu/product/813pe438"
"813PE439","О-ринг 65х3.5","6a487f8af41576d1de5daa9e","published","7","813pe439","https://nikelectric.eu/product/813pe439"
"813PE440","О-ринг 65х4","6a487f8af41576d1de5daaa4","published","3","813pe440","https://nikelectric.eu/product/813pe440"
"813PE450","O-ринг","6a487f81f41576d1de5da9a2","published","267","813pe450","https://nikelectric.eu/product/813pe450"
"813PE91","№047  Душово Плевен, Сан Марко","6a488001f41576d1de5db79a","published","7","813pe91","https://nikelectric.eu/product/813pe91"
"813PE92","Душово NEO ES-151NEW","6a48800af41576d1de5db8a8","published","1","813pe92","https://nikelectric.eu/product/813pe92"
"813PE96","№297А душово Елит","6a488091f41576d1de5dc742","published","20","813pe96","https://nikelectric.eu/product/813pe96"
"815PE120","ТОС - NC 85 С - резба","6a487fecf41576d1de5db566","published","0","815pe120","https://nikelectric.eu/product/815pe120"
"815PE123","ТОС - NC 190 С - керамично с винт","6a487fedf41576d1de5db56c","published","4","815pe123","https://nikelectric.eu/product/815pe123"
"815PE131","ТОС - NC 125 С - 10A","6a488010f41576d1de5db94a","published","3","815pe131","https://nikelectric.eu/product/815pe131"
"815PE139","ТОС - NC 175 C","6a4880ecf41576d1de5dd144","published","6","815pe139","https://nikelectric.eu/product/815pe139"
"815PE161","ТОС - NC 155 С керамичен","6a487fbff41576d1de5db062","published","1","815pe161","https://nikelectric.eu/product/815pe161"
"815PE162","ТОС - NC 280 С керамичен","6a487fb3f41576d1de5daf1e","published","3","815pe162","https://nikelectric.eu/product/815pe162"
"815PE511","ТОС - NC 130 С с фланче - ВУ","6a488010f41576d1de5db950","published","19","815pe511","https://nikelectric.eu/product/815pe511"
"816PE18","Защита Фритюрник 240 С- къс осезател","6a487fd1f41576d1de5db25a","published","1","816pe18","https://nikelectric.eu/product/816pe18"
"816PE20","Защита за фритюрник 230°C  L=740mm","6a32955863ce2a8468d9e2d3","published","0","---230c--l740mm","https://nikelectric.eu/product/---230c--l740mm"
"816PE38","ТРМ ютия","6a487f5df41576d1de5da5c4","published","3","816pe38","https://nikelectric.eu/product/816pe38"
"816PE50","ТРМ KS198 - 70 C","6a3daa8263ce2a8468e50d22","hidden","3","816pe50----ks198---70-c","https://nikelectric.eu/product/816pe50----ks198---70-c"
"817PE25","защита 150 С - 15А - керамична","6a487f5ef41576d1de5da5d0","published","1","817pe25","https://nikelectric.eu/product/817pe25"
"817PE26","защита нагревател конвектор","6a488045f41576d1de5dbf08","published","0","817pe26","https://nikelectric.eu/product/817pe26"
"817PE30","ТР 240 С с кабел","6a487f5cf41576d1de5da5b2","published","8","817pe30","https://nikelectric.eu/product/817pe30"
"817PE33","ТР 120 С - 16A с кабел - за проточен бойлер MUHLER","6a48803cf41576d1de5dbe12","published","3","817pe33","https://nikelectric.eu/product/817pe33"
"817PE34","ТР 120 С - 16A с кабел и прорез - за проточен бойлер MUHLER","6a48803cf41576d1de5dbe18","published","0","817pe34","https://nikelectric.eu/product/817pe34"
"817PE35","ТР 227 С с кабел","6a488088f41576d1de5dc64c","published","13","817pe35","https://nikelectric.eu/product/817pe35"
"818LG100","Предпазител - 6х30 - 8А  - стъклен","6a488005f41576d1de5db80c","published","67","818lg100","https://nikelectric.eu/product/818lg100"
"818LG101","Предпазител - 6х30 - 10А  - стъклен","6a488005f41576d1de5db812","published","340","818lg101","https://nikelectric.eu/product/818lg101"
"818LG102","Предпазител - 6х30 - 13А  - стъклен","6a488005f41576d1de5db818","published","61","818lg102","https://nikelectric.eu/product/818lg102"
"818LG103","Предпазител - 6х30 - 15А  - стъклен","6a488005f41576d1de5db81e","published","149","818lg103","https://nikelectric.eu/product/818lg103"
"818LG104","Предпазител - 6х30 - 20А  - стъклен","6a488005f41576d1de5db824","published","65","818lg104","https://nikelectric.eu/product/818lg104"
"818LG40","Гнездо за предпазител 5х20","6a487f8bf41576d1de5daab0","published","60","818lg40","https://nikelectric.eu/product/818lg40"
"818LG50","Предпазител - 10х38 - 2А 500V","6a487fd2f41576d1de5db28a","published","9","818lg50","https://nikelectric.eu/product/818lg50"
"818LG51","Предпазител - 10х38 - 4А 500V","6a487fd3f41576d1de5db290","published","5","818lg51","https://nikelectric.eu/product/818lg51"
"819PE28","Защита 90 С - 16А  Tecasa","6a487f5df41576d1de5da5be","published","1","819pe28","https://nikelectric.eu/product/819pe28"
"819PE38","Термостат Алфа 75 С","6a487fb0f41576d1de5daeb2","published","0","819pe38","https://nikelectric.eu/product/819pe38"
"819PE49","ТОБС РЕЛАКС - NC 57 С + защита 80 С - 45 А","6a487ff9f41576d1de5db6bc","published","2","819pe49","https://nikelectric.eu/product/819pe49"
"819PE53","Електронен термостат за бойлер ARISTON","6a488016f41576d1de5db9f2","published","1","819pe53","https://nikelectric.eu/product/819pe53"
"819PE55","Температурен изключвател Юнга АЗ","6a488025f41576d1de5dbb8a","published","3","819pe55","https://nikelectric.eu/product/819pe55"
"819PE58","ТРМ Jiulong -75 С -WY75/651 - WY75/652","6a48803af41576d1de5dbde8","published","0","819pe58","https://nikelectric.eu/product/819pe58"
"819PE63","Защита сива CN -20A -400V-90 C къса сонда","6a48804ef41576d1de5dc010","published","19","819pe63","https://nikelectric.eu/product/819pe63"
"819PE71","FAGOR","69b44735c23d34935c3be404","published","25","fagor-57","https://nikelectric.eu/product/fagor-57"
"820PE113","ключ кафяв - болтове","6a4880baf41576d1de5dcbce","published","5","820pe113","https://nikelectric.eu/product/820pe113"
"820PE114","МИКРОКЛЮЧ 16A","69b44820c23d34935c3bfd24","published","67","d0bcd0b8d0bad180d0bed0bad0bbd18ed187-16a-4","https://nikelectric.eu/product/d0bcd0b8d0bad180d0bed0bad0bbd18ed187-16a-4"
"820PE130","Ключ","6a487f8cf41576d1de5daac8","published","6","820pe130","https://nikelectric.eu/product/820pe130"
"820PE219","Ключ тесен  10А с маншон","6a488029f41576d1de5dbc08","published","4","820pe219","https://nikelectric.eu/product/820pe219"
"820PE229","Ключ единичен Несветещ бял 16 А  2 края","6a488001f41576d1de5db7ac","published","0","820pe229","https://nikelectric.eu/product/820pe229"
"820PE32","Ключ 3 полож. - 12 x 27 mm  10A","6a488022f41576d1de5dbb42","published","0","820pe32","https://nikelectric.eu/product/820pe32"
"820PE35","сигнална лампа 12 x 27 mm - червена","6a488007f41576d1de5db85a","published","0","820pe35","https://nikelectric.eu/product/820pe35"
"820PE36","сигнална лампа 12 x 27 mm - зелена","6a488008f41576d1de5db860","published","0","820pe36","https://nikelectric.eu/product/820pe36"
"820PE406","Бутон кръгъл - Ф10 с гайка","6a487fedf41576d1de5db572","published","0","820pe406","https://nikelectric.eu/product/820pe406"
"820PE46","Бутон за врата Саеко-Примеа","6a48804cf41576d1de5dbfce","published","0","820pe46","https://nikelectric.eu/product/820pe46"
"820PE59","Ключ широк светещ зелен 16А","6a488044f41576d1de5dbef0","published","0","820pe59","https://nikelectric.eu/product/820pe59"
"820PE600","Ключ прахосмукачка","6a487f86f41576d1de5daa20","published","10","820pe600","https://nikelectric.eu/product/820pe600"
"820PE606","Ключ прахосмукачка- Taurus","6a487ff5f41576d1de5db64a","published","1","820pe606","https://nikelectric.eu/product/820pe606"
"820PE90","ключ еднополюсен метален KDS-A04-2","6a487f79f41576d1de5da8b2","published","0","820pe90","https://nikelectric.eu/product/820pe90"
"901CU08","Упл.тенджера DECOR - Ф23см","6a487fcdf41576d1de5db1ee","published","2","901cu08","https://nikelectric.eu/product/901cu08"
"901CU12","901CU12  Уплътнител тенджера  - D260 мм - външен","6a488040f41576d1de5dbe7e","published","10","901cu12","https://nikelectric.eu/product/901cu12"
"901FA02","901FA02  Уплътнител тенджера FAGOR - Ф25см","6a487f5cf41576d1de5da5a6","published","1","901fa02","https://nikelectric.eu/product/901fa02"
"901FA16","Kлапан FAGOR","6a488018f41576d1de5dba2e","published","3","901fa16","https://nikelectric.eu/product/901fa16"
"901FA17","Kлапан FAGOR","6a488019f41576d1de5dba34","published","2","901fa17","https://nikelectric.eu/product/901fa17"
"901MG01","901MG01 Упл.тенджера MAGEFESA - Ф22см","6a487fcdf41576d1de5db1e8","published","0","901mg01","https://nikelectric.eu/product/901mg01"
"905LG01","Н-л за радиатор 500W - 600mm - 624893030","6a488003f41576d1de5db7e2","published","1","905lg01","https://nikelectric.eu/product/905lg01"
"905LG02","Н-л за радиатор 1000W - 1000mm - 624893080","6a488003f41576d1de5db7e8","published","1","905lg02","https://nikelectric.eu/product/905lg02"
"906LG01","Механизъм за вентилатор баня","6a48804bf41576d1de5dbfaa","published","2","906lg01","https://nikelectric.eu/product/906lg01"
"910LG00","Бойлер FV20060 200L 3kW","6a4880eff41576d1de5dd180","published","0","910lg00","https://nikelectric.eu/product/910lg00"
"910LG01","Печка 6410A","6a4880eff41576d1de5dd186","published","0","910lg01","https://nikelectric.eu/product/910lg01"
"910LG02","Пералня ALW 80T","6a4880eff41576d1de5dd18c","published","0","910lg02","https://nikelectric.eu/product/910lg02"
"910LG03","МВ фурна - CDM02067W","6a4880eff41576d1de5dd192","published","0","910lg03","https://nikelectric.eu/product/910lg03"
"910LG04","Хладилник GN 3461E","6a4880f0f41576d1de5dd198","published","0","910lg04","https://nikelectric.eu/product/910lg04"
"910LG05","Печка ALW 80T","6a4880f0f41576d1de5dd19e","published","0","910lg05","https://nikelectric.eu/product/910lg05"
"910LG06","Абсорбатор HC 602 WH","6a4880f0f41576d1de5dd1a4","published","0","910lg06","https://nikelectric.eu/product/910lg06"
"910LG07","Хладилник GN 1101E","6a4880f0f41576d1de5dd1aa","published","0","910lg07","https://nikelectric.eu/product/910lg07"
"910LG08","Хладилник GN 3461E","6a4880f0f41576d1de5dd1b0","published","0","910lg08","https://nikelectric.eu/product/910lg08"
