"sku","title","stockQty","oldSiteUrl","newSiteUrl","id"
"100LG09","Маншон Ф50 - универсален","2","https://nikelectric.com/product/100lg09/","https://nikelectric.eu/product/100lg09","6a487f65f41576d1de5da69c"
"100LG10","кран 1/2  на  3/4","3","https://nikelectric.com/product/d0bad180d0b0d0bd-11/","https://nikelectric.eu/product/d0bad180d0b0d0bd-11","69b44388c23d34935c3b7ed3"
"100LG11","кран 1/2  на  3/4","7","https://nikelectric.com/product/d0bad180d0b0d0bd-12/","https://nikelectric.eu/product/d0bad180d0b0d0bd-12","69b44388c23d34935c3b7edb"
"101LG30","Упл.3/4 - клингерит","78","https://nikelectric.com/product/101lg30/","https://nikelectric.eu/product/101lg30","6a487f90f41576d1de5dab4c"
"101LG31","Упл. 1/2 - клингерит","43","https://nikelectric.com/product/101lg31/","https://nikelectric.eu/product/101lg31","6a487f91f41576d1de5dab52"
"101LG32","Упл. глава Юнга","72","https://nikelectric.com/product/101lg32/","https://nikelectric.eu/product/101lg32","6a487f91f41576d1de5dab58"
"102LG17","Захранващ маркуч 1.5 м   90°C","2","https://nikelectric.com/product/102lg17/","https://nikelectric.eu/product/102lg17","6a4880f6f41576d1de5dd24c"
"102LG200","Маркучч за клапани 9x15mm","41.2","https://nikelectric.com/product/102lg200-------9-x-15mm/","https://nikelectric.eu/product/102lg200-------9-x-15mm","6a39b60c63ce2a8468e0d699"
"102LG53","Маркуч с аквастоп 1.5 м -  90°C","1","https://nikelectric.com/product/102lg53/","https://nikelectric.eu/product/102lg53","6a4880f6f41576d1de5dd246"
"102LG81","Захранващ маркуч с аквастоп за съдомиялна L 2145 mm","2","https://nikelectric.com/product/102lg81/","https://nikelectric.eu/product/102lg81","6a488059f41576d1de5dc13c"
"102LG85","Захранващ маркуч с аквастоп за съдомиялна SMEG","1","https://nikelectric.com/product/102lg85/","https://nikelectric.eu/product/102lg85","6a488037f41576d1de5dbd7c"
"103AR01","изливен със засек Ф30  - 481010416968","1","https://nikelectric.com/product/103ar01/","https://nikelectric.eu/product/103ar01","6a48808ef41576d1de5dc706"
"103GR02OR","Маркуч за съдомиялна GORENJE","1","https://nikelectric.com/product/---gorenje/","https://nikelectric.eu/product/---gorenje","6a47ac61068fc300483f67ea"
"103SM02OR","Маркуч за съдомиялна SMEG","9","https://nikelectric.com/product/103sm02or/","https://nikelectric.eu/product/103sm02or","6a4880e0f41576d1de5dcff4"
"103ZN08OR","Маркуч за източване на вода за сушилня 2.5 м Ф8 мм","3","https://nikelectric.com/product/103zn08or/","https://nikelectric.eu/product/103zn08or","6a488103f41576d1de5dd3b4"
"106LG53","Каб. обувка Кръгла - мъжка","58","https://nikelectric.com/product/106lg53/","https://nikelectric.eu/product/106lg53","6a487f8ef41576d1de5dab16"
"106LG54","Каб. обувка - Медна","79","https://nikelectric.com/product/106lg54/","https://nikelectric.eu/product/106lg54","6a487f8ef41576d1de5dab10"
"106LG55","Каб. обувка Ф6 - дебела","249","https://nikelectric.com/product/106lg55/","https://nikelectric.eu/product/106lg55","6a488013f41576d1de5db998"
"106LG59","Кабелни обувка - 6.3 с болт","500","https://nikelectric.com/product/106lg59/","https://nikelectric.eu/product/106lg59","6a4880a6f41576d1de5dc9a0"
"106LG60","Кабелна обувка вилица","250","https://nikelectric.com/product/106lg60/","https://nikelectric.eu/product/106lg60","6a4880a7f41576d1de5dc9a6"
"107LG14","скоба за маншон - max 37,5","1","https://nikelectric.com/product/107lg14/","https://nikelectric.eu/product/107lg14","6a487febf41576d1de5db53c"
"107LG16","скоба за маншон 2600900000 - max - Ф32","6","https://nikelectric.com/product/107lg16/","https://nikelectric.eu/product/107lg16","6a487ffaf41576d1de5db6e0"
"108LG11","Машинно масло - 100мл","2","https://nikelectric.com/product/108lg11/","https://nikelectric.eu/product/108lg11","6a487f91f41576d1de5dab64"
"108LG17","108LG1 - Изолационна лента  10 м - TESA","3","https://nikelectric.com/product/108lg17/","https://nikelectric.eu/product/108lg17","6a487f96f41576d1de5dabf4"
"109LG01","Центроб. за пералня","1","https://nikelectric.com/product/109lg01/","https://nikelectric.eu/product/109lg01","6a487f6cf41576d1de5da744"
"109LG12","Бобина прогр.","1","https://nikelectric.com/product/109lg12/","https://nikelectric.eu/product/109lg12","6a487f72f41576d1de5da7f2"
"110AR11","ТЕН Аристон фланче 1500 W","4","https://nikelectric.com/product/110ar11/","https://nikelectric.eu/product/110ar11","6a487ff6f41576d1de5db668"
"110ED13","ТЕН Елдом 2000W хоризонтален  мед прав","6","https://nikelectric.com/product/--2000w----/","https://nikelectric.eu/product/--2000w----","6a33106763ce2a8468da918b"
"110ED31","ТЕН Елдом 2000W  Хориз. - мед","3","https://nikelectric.com/product/110ed31/","https://nikelectric.eu/product/110ed31","6a488012f41576d1de5db98c"
"110ED51","к-т фланец неръжд. елипса с ТЕН и уплътнители","1","https://nikelectric.com/product/110ed51/","https://nikelectric.eu/product/110ed51","6a48800af41576d1de5db89c"
"110ED53","ТЕН бойлер 3000W - МЕД  за серп.- прав","1","https://nikelectric.com/product/110ed53/","https://nikelectric.eu/product/110ed53","6a488013f41576d1de5db992"
"110LG205","ТЕН Котел  7500W - 400V- 1 1/2 - мед  L=610mm","1","https://nikelectric.com/product/110lg205/","https://nikelectric.eu/product/110lg205","6a487f55f41576d1de5da4f2"
"110LG206","ТЕН Котел  9000W - 1 1/2 - никротал","1","https://nikelectric.com/product/110lg206/","https://nikelectric.eu/product/110lg206","6a487fb1f41576d1de5daee2"
"110LG22","TEH MUHLER - проточен бойлер","1","https://nikelectric.com/product/110lg22/","https://nikelectric.eu/product/110lg22","6a48803cf41576d1de5dbe1e"
"110LG23","TEH MUHLER - проточен бойлер","1","https://nikelectric.com/product/110lg23/","https://nikelectric.eu/product/110lg23","6a48803df41576d1de5dbe24"
"110LG25","ТЕН Матев 2700W","1","https://nikelectric.com/product/110lg25/","https://nikelectric.eu/product/110lg25","6a487fb7f41576d1de5daf84"
"110LG29","ТЕН Сръбски б-р 2000W с фланец елипса","1","https://nikelectric.com/product/110lg29/","https://nikelectric.eu/product/110lg29","6a488003f41576d1de5db7d0"
"110LG30","ТЕН б-р 2000W с фланец 6 отвора","2","https://nikelectric.com/product/110lg30/","https://nikelectric.eu/product/110lg30","6a488003f41576d1de5db7d6"
"110LG31","ТЕН  Гръцки б-р 4000W с фланец Ф 135 мм 5 отвора","3","https://nikelectric.com/product/110lg31/","https://nikelectric.eu/product/110lg31","6a487f6cf41576d1de5da750"
"110LG35","ТЕН Дипломат/Фероли - 2500 W BLUE FOREVER","3","https://nikelectric.com/product/110lg35/","https://nikelectric.eu/product/110lg35","6a488014f41576d1de5db9b0"
"110LG36","ТЕН Дипломат/Фероли - 2500 W - хоризонтален","2","https://nikelectric.com/product/110lg36/","https://nikelectric.eu/product/110lg36","6a488014f41576d1de5db9b6"
"110LG38","ТЕН Виком - 2500 W - хоризонтален","3","https://nikelectric.com/product/110lg38/","https://nikelectric.eu/product/110lg38","6a488014f41576d1de5db9bc"
"110LG39","ТЕН Матев - 2000 W - хоризонтален","1","https://nikelectric.com/product/110lg39/","https://nikelectric.eu/product/110lg39","6a488014f41576d1de5db9c2"
"110LG40","ТЕН бойлер с фланец","1","https://nikelectric.com/product/110lg40/","https://nikelectric.eu/product/110lg40","6a488085f41576d1de5dc5f2"
"110LG41","ТЕН Виком - 30000 W - никротал","1","https://nikelectric.com/product/110lg41/","https://nikelectric.eu/product/110lg41","6a488015f41576d1de5db9c8"
"110LG42","ТЕН Brsvissimo - 1500 W - 10L с франец","2","https://nikelectric.com/product/110lg42/","https://nikelectric.eu/product/110lg42","6a488015f41576d1de5db9ce"
"110LG43","ТЕН Brsvissimo - 1500 W -  с фланец - никротал","1","https://nikelectric.com/product/110lg43/","https://nikelectric.eu/product/110lg43","6a488015f41576d1de5db9d4"
"110LG44","ТЕН Термомакс - 3000 W - хоризонтален - мед","2","https://nikelectric.com/product/110lg44/","https://nikelectric.eu/product/110lg44","6a488015f41576d1de5db9da"
"110LG45","ТЕН Дипломат/EXCELLENCE - 2500 W - емайл","4","https://nikelectric.com/product/110lg45/","https://nikelectric.eu/product/110lg45","6a488016f41576d1de5db9e0"
"110LG46","ТЕН Дипломат/INOVATION - 6500 W - емайл","1","https://nikelectric.com/product/110lg46/","https://nikelectric.eu/product/110lg46","6a488016f41576d1de5db9e6"
"110LG47","ТЕН Гръцки б-р 1500W с фланец Ф 92 мм - 5 отвора","2","https://nikelectric.com/product/110lg47/","https://nikelectric.eu/product/110lg47","6a488019f41576d1de5dba3a"
"110TY09","ТЕСИ","2","http://nikelectric.com/produkt/%d1%82%d0%b5%d1%81%d0%b8-23/","https://nikelectric.eu/product/d182d0b5d181d0b8-23","69b4401dc23d34935c3b1b0e"
"111AR05","Фланец Аристон Ф124мм 5 отвора","2","https://nikelectric.com/product/111ar05/","https://nikelectric.eu/product/111ar05","6a48803af41576d1de5dbde2"
"111LG09","Фланец Б-р Термомакс","3","https://nikelectric.com/product/111lg09/","https://nikelectric.eu/product/111lg09","6a4880ecf41576d1de5dd13e"
"111LG104","Мембрана за хидравличен блок Юнга","4","https://nikelectric.com/product/111lg104/","https://nikelectric.eu/product/111lg104","6a487ff6f41576d1de5db662"
"111LG111","&#1056;&#1045;&#1051;&#1040;&#1050;&#1057;","5","http://nikelectric.com/produkt/","https://nikelectric.eu/product/13077","69b441a0c23d34935c3b4930"
"111LG113","Мембрана за проточен бойлер MUHLER - голяма","23","https://nikelectric.com/product/111lg113/","https://nikelectric.eu/product/111lg113","6a48803bf41576d1de5dbe06"
"111LG115","Мембрана за проточен бойлер MUHLER - средна","7","https://nikelectric.com/product/111lg115/","https://nikelectric.eu/product/111lg115","6a488084f41576d1de5dc5ec"
"111LG17","Фланец емайлиран 6 отвора - к-т с н-л, анод и упл.","3","https://nikelectric.com/product/111lg17/","https://nikelectric.eu/product/111lg17","6a488027f41576d1de5dbbcc"
"111LG18","Фланец Дипломат Термомакс - 4 отвора","9","https://nikelectric.com/product/111lg18/","https://nikelectric.eu/product/111lg18","6a48805df41576d1de5dc1a2"
"111LG217","Упл. фланец Дипломат","36","https://nikelectric.com/product/111lg217/","https://nikelectric.eu/product/111lg217","6a488004f41576d1de5db806"
"111LG221","Уплътн. голям Н.М.- ВН - 3  и 7 дупки","3","https://nikelectric.com/product/111lg221/","https://nikelectric.eu/product/111lg221","6a487f65f41576d1de5da696"
"111LG223","Упл. фланец ЕДЕСА","1","https://nikelectric.com/product/111lg223/","https://nikelectric.eu/product/111lg223","6a48802bf41576d1de5dbc38"
"111LG229","НЕ","3","https://nikelectric.com/product/111lg229/","https://nikelectric.eu/product/111lg229","6a48808cf41576d1de5dc6d0"
"111LG304","Упл. за нагревател голяма гайка","1","https://nikelectric.com/product/111lg304/","https://nikelectric.eu/product/111lg304","6a487f63f41576d1de5da65a"
"111LG312","Упл. Термо-1","3","https://nikelectric.com/product/111lg312/","https://nikelectric.eu/product/111lg312","6a487f62f41576d1de5da654"
"111LG37","Основа микроключ Алфа","5","https://nikelectric.com/product/111lg37/","https://nikelectric.eu/product/111lg37","6a487fc6f41576d1de5db134"
"111LG400","Втулка аноден протектор","14","https://nikelectric.com/product/111lg400/","https://nikelectric.eu/product/111lg400","6a487f62f41576d1de5da64e"
"111LG401","Уплънтител аноден протектор","10","https://nikelectric.com/product/111lg401/","https://nikelectric.eu/product/111lg401","6a487fe3f41576d1de5db458"
"111LG49","Възвр.клап.бойлер 3/4 - палче","10","https://nikelectric.com/product/111lg49/","https://nikelectric.eu/product/111lg49","6a488016f41576d1de5db9ec"
"111LG67","Щуцер входящ Релакс Р","5","https://nikelectric.com/product/111lg67/","https://nikelectric.eu/product/111lg67","6a487f70f41576d1de5da7b6"
"111LG70","Кран за б-р Алфа","4","https://nikelectric.com/product/111lg70/","https://nikelectric.eu/product/111lg70","6a487f6df41576d1de5da762"
"111LG72","Капак Теси 03","3","https://nikelectric.com/product/111lg72/","https://nikelectric.eu/product/111lg72","6a4880a7f41576d1de5dc9ac"
"111LG94","Резервоар Дипломат Бета - нов модел","1","https://nikelectric.com/product/111lg94/","https://nikelectric.eu/product/111lg94","6a487fe8f41576d1de5db4e2"
"111LG95","Капачка за 5л. б-р нов модел","10","https://nikelectric.com/product/111lg95/","https://nikelectric.eu/product/111lg95","6a487f6cf41576d1de5da74a"
"112LG204","Кондензатор 2 mF за монтаж на платка","2","https://nikelectric.com/product/112lg204/","https://nikelectric.eu/product/112lg204","6a48800cf41576d1de5db8de"
"113AR01","VA 30 + 2 огл. + упл.","1","https://nikelectric.com/product/113ar01/","https://nikelectric.eu/product/113ar01","6a487f6bf41576d1de5da738"
"113AR07OR","Семеринг 22х40х8.5  G2","19","https://nikelectric.com/product/113ar07or/","https://nikelectric.eu/product/113ar07or","6a487fd1f41576d1de5db26c"
"113AR08OR","Семеринг 35х52/65х7/10.5","51","https://nikelectric.com/product/113ar08or/","https://nikelectric.eu/product/113ar08or","6a487f69f41576d1de5da702"
"113AR09","Семеринг 25х47/64х7/10.5","12","https://nikelectric.com/product/113ar09/","https://nikelectric.eu/product/113ar09","6a488095f41576d1de5dc7ba"
"113AR10OR","Семеринг 35х62/75х7/10","9","https://nikelectric.com/product/113ar10or/","https://nikelectric.eu/product/113ar10or","6a487f67f41576d1de5da6c0"
"113AR12OR","Семеринг 30x52/65x7/10","10","https://nikelectric.com/product/113ar12or/","https://nikelectric.eu/product/113ar12or","6a488014f41576d1de5db9aa"
"113AR14","Челен уплътнител 13х26х5.5","2","https://nikelectric.com/product/113ar14/","https://nikelectric.eu/product/113ar14","6a488045f41576d1de5dbf14"
"113CY09","семеринг 35x62x11/12.5 - 91406201- 1249685007","19","https://nikelectric.com/product/113cy09/","https://nikelectric.eu/product/113cy09","6a487fe9f41576d1de5db506"
"113EG04OR","Семеринг 37x66x9.5/12","19","https://nikelectric.com/product/113eg04or/","https://nikelectric.eu/product/113eg04or","6a488035f41576d1de5dbd4c"
"113ID00A","семеринг 25х47х10 G2 - алтернативен","22","https://nikelectric.com/product/113id00a/","https://nikelectric.eu/product/113id00a","6a487f6bf41576d1de5da732"
"113LG112","семеринг 70х90х12","1","https://nikelectric.com/product/113lg112/","https://nikelectric.eu/product/113lg112","6a487f69f41576d1de5da708"
"113LG122","семеринг 75х95х12","1","https://nikelectric.com/product/113lg122/","https://nikelectric.eu/product/113lg122","6a487f66f41576d1de5da6b4"
"113LG123","семеринг  90х120х12","1","https://nikelectric.com/product/113lg123/","https://nikelectric.eu/product/113lg123","6a487f67f41576d1de5da6cc"
"113LG24","семеринг 20х35х7","3","https://nikelectric.com/product/113lg24/","https://nikelectric.eu/product/113lg24","6a487f68f41576d1de5da6d8"
"113LG71","семеринг 48х68х10","2","https://nikelectric.com/product/113lg71/","https://nikelectric.eu/product/113lg71","6a487f67f41576d1de5da6d2"
"113LG73","семеринг 70х100х12","3","https://nikelectric.com/product/113lg73/","https://nikelectric.eu/product/113lg73","6a487f6bf41576d1de5da73e"
"113LG74","Уплътнител помпа 4.5х16/57х7/8.5","18","https://nikelectric.com/product/113lg74/","https://nikelectric.eu/product/113lg74","6a487f6af41576d1de5da714"
"113MI06","Упл. за циркулационна помпа съдомиялна","28","https://nikelectric.com/product/113mi06/","https://nikelectric.eu/product/113mi06","6a488100f41576d1de5dd36c"
"113PE00","уплътнител двоен за помпа","9","https://nikelectric.com/product/113pe00/","https://nikelectric.eu/product/113pe00","6a487ffef41576d1de5db752"
"113SI08","12х30х15 - фибър помпа","1","https://nikelectric.com/product/113si08/","https://nikelectric.eu/product/113si08","6a487f66f41576d1de5da6ba"
"113TM00","Уплътнител помпа Т.М.","7","https://nikelectric.com/product/113tm00/","https://nikelectric.eu/product/113tm00","6a487f97f41576d1de5dac00"
"113ZN25OR","семеринг 47x80x11/12.5 - 1327445600 - ROLF","26","https://nikelectric.com/product/113zn25or/","https://nikelectric.eu/product/113zn25or","6a487fc6f41576d1de5db13a"
"113ZN26","семеринг 29x47x9/13","8","https://nikelectric.com/product/113zn26/","https://nikelectric.eu/product/113zn26","6a488037f41576d1de5dbd94"
"114LG122","6008 - лагер","2","https://nikelectric.com/product/114lg122/","https://nikelectric.eu/product/114lg122","6a487f6af41576d1de5da726"
"114LG123","6009 - лагер","4","https://nikelectric.com/product/114lg123/","https://nikelectric.eu/product/114lg123","6a48801ff41576d1de5dbaf4"
"114LG43","лагер 6206","1","https://nikelectric.com/product/114lg43/","https://nikelectric.eu/product/114lg43","6a487fb0f41576d1de5daeb8"
"116LG197","ремък 1258 J5","3","https://nikelectric.com/product/116lg197/","https://nikelectric.eu/product/116lg197","6a4880a3f41576d1de5dc940"
"116LG198","ремък 1310 J5 EL/PJE","4","https://nikelectric.com/product/116lg198/","https://nikelectric.eu/product/116lg198","6a487f98f41576d1de5dac18"
"116LG230","ремък 3L 512  ТЕМ - 90462441","3","https://nikelectric.com/product/116lg230/","https://nikelectric.eu/product/116lg230","6a487faef41576d1de5dae94"
"116LG302","3LS 1406mm.- 116LG302 - 751610022 - SMEG","10","https://nikelectric.com/product/116lg302/","https://nikelectric.eu/product/116lg302","6a488036f41576d1de5dbd76"
"116LG312","ремък 1932 PHE","6","https://nikelectric.com/product/116lg312/","https://nikelectric.eu/product/116lg312","6a4880b0f41576d1de5dcaa8"
"116LG404OR","Ремък за сушилня 1991 6PHE","13","https://nikelectric.com/product/---1991-6phe/","https://nikelectric.eu/product/---1991-6phe","6a469318068fc300483edd48"
"116LG621","ремък 1258 8PH","1","https://nikelectric.com/product/116lg621/","https://nikelectric.eu/product/116lg621","6a487f98f41576d1de5dac1e"
"116LG649","1031 3PJ - 116LG649 - Gates - DAEWOO","1","https://nikelectric.com/product/116lg649/","https://nikelectric.eu/product/116lg649","6a488009f41576d1de5db87e"
"116LG658OR","Ремък за сушилня 1540 5 PHE","4","https://nikelectric.com/product/116lg658or/","https://nikelectric.eu/product/116lg658or","6a488025f41576d1de5dbb84"
"116LG662","1316 PJE","4","https://nikelectric.com/product/116lg662/","https://nikelectric.eu/product/116lg662","6a4880bdf41576d1de5dcc16"
"116LG80","ремък 1975 Н5","1","https://nikelectric.com/product/116lg80/","https://nikelectric.eu/product/116lg80","6a488057f41576d1de5dc106"
"117AR01","маншон   47001100","1","https://nikelectric.com/product/117ar01/","https://nikelectric.eu/product/117ar01","6a487f99f41576d1de5dac36"
"117AR02","маншон пералня със сушилня - C00090201 - 14400151605","1","https://nikelectric.com/product/117ar02/","https://nikelectric.eu/product/117ar02","6a488054f41576d1de5dc0b8"
"117AR03","Пружина за маншон","1","https://nikelectric.com/product/117ar03/","https://nikelectric.eu/product/117ar03","6a487f9af41576d1de5dac4e"
"117BL02","маншон","1","https://nikelectric.com/product/117bl02/","https://nikelectric.eu/product/117bl02","6a487f98f41576d1de5dac2a"
"117CY24","маншон пералня - 41028181","2","https://nikelectric.com/product/117cy24/","https://nikelectric.eu/product/117cy24","6a48803df41576d1de5dbe30"
"117DA03","маншон - 9 кг с сушилня - 2 отвора","4","https://nikelectric.com/product/117da03/","https://nikelectric.eu/product/117da03","6a487fdff41576d1de5db3e0"
"117EGOR","маншон 4986ER1004A - оригинален","1","https://nikelectric.com/product/117egor/","https://nikelectric.eu/product/117egor","6a487ffef41576d1de5db74c"
"117GR00L","Ластик","2","https://nikelectric.com/product/117gr00l---/","https://nikelectric.eu/product/117gr00l---","6a43a7299c3767f83b8001ff"
"117GR12OR","Маншон за пералня HISENSE, GORENJE","4","https://nikelectric.com/product/117gr12or/","https://nikelectric.eu/product/117gr12or","6a4880abf41576d1de5dca24"
"117IG100","Пружина за маншон","1","https://nikelectric.com/product/117ig100/","https://nikelectric.eu/product/117ig100","6a4880c6f41576d1de5dcd18"
"117ZP00","маншон","1","https://nikelectric.com/product/117zp00/","https://nikelectric.eu/product/117zp00","6a487f99f41576d1de5dac30"
"119CY10","гумено съединение - 92604826","1","https://nikelectric.com/product/119cy10/","https://nikelectric.eu/product/119cy10","6a487fd4f41576d1de5db2c0"
"119MC00","гумено съединение - PA5.05.01.014","3","https://nikelectric.com/product/119mc00/","https://nikelectric.eu/product/119mc00","6a487fe5f41576d1de5db488"
"119OB00","гумено съединение - Ободин","1","https://nikelectric.com/product/119ob00/","https://nikelectric.eu/product/119ob00","6a487fc4f41576d1de5db0f8"
"119PE05","гумено съединение П 05","1","https://nikelectric.com/product/119pe05/","https://nikelectric.eu/product/119pe05","6a487f64f41576d1de5da684"
"119PH04","гумено съединение - 114300707","3","https://nikelectric.com/product/119ph04/","https://nikelectric.eu/product/119ph04","6a487f9bf41576d1de5dac6c"
"119ZN20","гумено съединение - 12401660 - 13210680","1","https://nikelectric.com/product/119zn20/","https://nikelectric.eu/product/119zn20","6a487fe0f41576d1de5db416"
"119ZN22","гумено съединение - 1323484004","2","https://nikelectric.com/product/119zn22/","https://nikelectric.eu/product/119zn22","6a487fe1f41576d1de5db41c"
"120AC12OR","гумено съединение","1","https://nikelectric.com/product/120ac12or/","https://nikelectric.eu/product/120ac12or","6a488056f41576d1de5dc0e8"
"120AR15A","C00092174 - без топче","5","https://nikelectric.com/product/120ar15a/","https://nikelectric.eu/product/120ar15a","6a488022f41576d1de5dbb36"
"120EN01","гумено съединение - Еида долен - крив","1","https://nikelectric.com/product/120en01/","https://nikelectric.eu/product/120en01","6a487f9af41576d1de5dac60"
"120IG10","Гофриран маркуч долен","1","https://nikelectric.com/product/120ig10/","https://nikelectric.eu/product/120ig10","6a488106f41576d1de5dd402"
"120IG14OR","Гофриран маркуч долен","3","https://nikelectric.com/product/120ig14or/","https://nikelectric.eu/product/120ig14or","6a48802bf41576d1de5dbc3e"
"120PH07","гумено съединение","1","https://nikelectric.com/product/120ph07/","https://nikelectric.eu/product/120ph07","6a487f9bf41576d1de5dac66"
"120ZN06","гумено съединение - 6454305571","1","https://nikelectric.com/product/120zn06/","https://nikelectric.eu/product/120zn06","6a487fc2f41576d1de5db0b6"
"120ZN09","гумено съединение 1463102036","5","https://nikelectric.com/product/120zn09/","https://nikelectric.eu/product/120zn09","6a487fe4f41576d1de5db482"
"120ZN19","гумено съединение 1240160000","1","https://nikelectric.com/product/120zn19/","https://nikelectric.eu/product/120zn19","6a487fb3f41576d1de5daf12"
"122GR01","отдушник - дълъг","1","https://nikelectric.com/product/122gr01/","https://nikelectric.eu/product/122gr01","6a488008f41576d1de5db86c"
"124PE00","Маркуч ниворегулатор","3","https://nikelectric.com/product/124pe00/","https://nikelectric.eu/product/124pe00","6a487f65f41576d1de5da68a"
"125AK03","упл.казан - 406006600","1","https://nikelectric.com/product/125ak03/","https://nikelectric.eu/product/125ak03","6a487fb8f41576d1de5daf96"
"125DA01","упл.казан DAEWOO - 4 модела","4","https://nikelectric.com/product/125da01/","https://nikelectric.eu/product/125da01","6a488009f41576d1de5db878"
"125PE00","упл.казан Перла","3","https://nikelectric.com/product/125pe00/","https://nikelectric.eu/product/125pe00","6a487ffef41576d1de5db75e"
"126ZN05OR","упл. съдомиялна 1565 mm - 1171265455","1","https://nikelectric.com/product/126zn05or/","https://nikelectric.eu/product/126zn05or","6a48809ff41576d1de5dc8e0"
"127PE00","Упл. преден за филтър П-05","4","https://nikelectric.com/product/127pe00/","https://nikelectric.eu/product/127pe00","6a487f63f41576d1de5da660"
"129SL02","129SL02","9","https://nikelectric.com/product/129sl02/","https://nikelectric.eu/product/129sl02","6a487fb7f41576d1de5daf7e"
"129ZN01","129ZN01","18","https://nikelectric.com/product/129zn01/","https://nikelectric.eu/product/129zn01","6a487f9bf41576d1de5dac72"
"130AK01","упл. лагерно тяло - 651008515","3","https://nikelectric.com/product/130ak01/","https://nikelectric.eu/product/130ak01","6a487fb8f41576d1de5daf9c"
"130AK02","упл. латерно тяло - 402003200","1","https://nikelectric.com/product/130ak02/","https://nikelectric.eu/product/130ak02","6a487fc4f41576d1de5db0fe"
"131AC02OR","Кече сушилня Beko","3","https://nikelectric.com/product/131ac02or/","https://nikelectric.eu/product/131ac02or","6a487ff6f41576d1de5db674"
"131AC03OR","Кече сушилня Beko","3","https://nikelectric.com/product/131ac03or/","https://nikelectric.eu/product/131ac03or","6a488038f41576d1de5dbdb2"
"131AC04OR","Уплътнител .сушилня BEKO","6","https://nikelectric.com/product/131ac04or/","https://nikelectric.eu/product/131ac04or","6a488039f41576d1de5dbdb8"
"131AC06OR","Уплътнител .сушилня BEKO","3","https://nikelectric.com/product/131ac06or/","https://nikelectric.eu/product/131ac06or","6a488086f41576d1de5dc628"
"131AC07OR","Уплътнител .сушилня BEKO","2","https://nikelectric.com/product/131ac07or/","https://nikelectric.eu/product/131ac07or","6a488088f41576d1de5dc658"
"131AC08OR","Кече сушилня Beko","3","https://nikelectric.com/product/131ac08or/","https://nikelectric.eu/product/131ac08or","6a4880c2f41576d1de5dcc9a"
"131AC09OR","Уплътнител .сушилня BEKO","3","https://nikelectric.com/product/131ac09or/","https://nikelectric.eu/product/131ac09or","6a4880c2f41576d1de5dcca0"
"131AC10OR","Уплътнител .сушилня BEKO","2","https://nikelectric.com/product/131ac10or/","https://nikelectric.eu/product/131ac10or","6a4880c2f41576d1de5dcca6"
"131AC11OR","Уплътнител .сушилня BEKO","4","https://nikelectric.com/product/131ac11or/","https://nikelectric.eu/product/131ac11or","6a4880c2f41576d1de5dccac"
"131AR01OR","Кече за сушилня INDESIT","5","https://nikelectric.com/product/131ar01or/","https://nikelectric.eu/product/131ar01or","6a488074f41576d1de5dc424"
"131BH02OR","Кече за сушилня БОШ - 00649045","4","https://nikelectric.com/product/131bh02or/","https://nikelectric.eu/product/131bh02or","6a488030f41576d1de5dbcce"
"131CY01OR","Кече сушилня Candy","2","https://nikelectric.com/product/131cy01or/","https://nikelectric.eu/product/131cy01or","6a48803ff41576d1de5dbe60"
"131CY02","CANDY","1","https://nikelectric.com/product/d183d0bfd0bb-d181d183d188d0b8d0bbd0bdd18f/","https://nikelectric.eu/product/d183d0bfd0bb-d181d183d188d0b8d0bbd0bdd18f","69b44327c23d34935c3b738e"
"131ID01OR","Кече сушилня INDESIT","2","https://nikelectric.com/product/131id01or/","https://nikelectric.eu/product/131id01or","6a48804bf41576d1de5dbfb6"
"131IG01OR","Кече сушилня Whirlpool","1","https://nikelectric.com/product/131ig01or/","https://nikelectric.eu/product/131ig01or","6a487fcaf41576d1de5db1a0"
"131ZN06","ELECTROLUX ZANUSSI AEG","2","https://nikelectric.com/product/electrolux-zanussi-aeg-431/","https://nikelectric.eu/product/electrolux-zanussi-aeg-431","69b4430fc23d34935c3b70cb"
"131ZN21OR","Кече за сушилня AEG,Elektrolux","3","https://nikelectric.com/product/131zn21or/","https://nikelectric.eu/product/131zn21or","6a4880f8f41576d1de5dd282"
"132PE00","ПЕРЛА","1","https://nikelectric.com/product/d0bfd0b5d180d0bbd0b0/","https://nikelectric.eu/product/d0bfd0b5d180d0bbd0b0","69b44328c23d34935c3b73b2"
"133CY06","CANDY","2","https://nikelectric.com/product/candy-275/","https://nikelectric.eu/product/candy-275","69b447f1c23d34935c3bf82d"
"133CY07","CANDY","2","https://nikelectric.com/product/candy-276/","https://nikelectric.eu/product/candy-276","69b447f1c23d34935c3bf836"
"133CY08","CANDY","2","https://nikelectric.com/product/candy-277/","https://nikelectric.eu/product/candy-277","69b447f2c23d34935c3bf83f"
"133IG02OR","Пружина съдомиялна WHIRLPOOL","4","https://nikelectric.com/product/133ig02or/","https://nikelectric.eu/product/133ig02or","6a4880dbf41576d1de5dcf4c"
"133VE02","CROWN VESTEL","14","https://nikelectric.com/product/crown-vestel-2/","https://nikelectric.eu/product/crown-vestel-2","69b44219c23d34935c3b5504"
"138AR01","турбина за помпа съдомиялна - C00025703 - 990071145","1","https://nikelectric.com/product/138ar01/","https://nikelectric.eu/product/138ar01","6a487f9df41576d1de5daca2"
"138GR01","Турбина Горение","1","https://nikelectric.com/product/138gr01/","https://nikelectric.eu/product/138gr01","6a487f9df41576d1de5daca8"
"138SU01OR","турбина сушилня - DC82-01208A","1","https://nikelectric.com/product/138su01or/","https://nikelectric.eu/product/138su01or","6a48805ef41576d1de5dc1d2"
"139CY11","Основа за палец Канди","11","https://nikelectric.com/product/139cy11/","https://nikelectric.eu/product/139cy11","6a487f9ef41576d1de5dacc0"
"139DA10","палец метален за DAEWOO","6","https://nikelectric.com/product/139da10/","https://nikelectric.eu/product/139da10","6a4880c1f41576d1de5dcc82"
"139EI00","закопчалка Еида с бутон","1","https://nikelectric.com/product/139ei00/","https://nikelectric.eu/product/139ei00","6a487f9ef41576d1de5dacc6"
"139GR00","закопчалка с бутон - черна","4","https://nikelectric.com/product/139gr00/","https://nikelectric.eu/product/139gr00","6a487ffcf41576d1de5db716"
"139GR03","палец за 139GR11 - 158697","1","https://nikelectric.com/product/139gr03/","https://nikelectric.eu/product/139gr03","6a48807cf41576d1de5dc508"
"139ID12OR","закопчалка C00050182","1","https://nikelectric.com/product/139id12or/","https://nikelectric.eu/product/139id12or","6a487f9df41576d1de5dacb4"
"139ID19OR","закопчалка бяла","6","https://nikelectric.com/product/139id19or/","https://nikelectric.eu/product/139id19or","6a48800cf41576d1de5db8d2"
"139VE11","НЕ","1","https://nikelectric.com/product/139ve11/","https://nikelectric.eu/product/139ve11","6a487ffbf41576d1de5db6fe"
"139ZN45OM","Закопчалка к-т  INOX","1","https://nikelectric.com/product/139zn45om/","https://nikelectric.eu/product/139zn45om","6a4880f2f41576d1de5dd1e6"
"139ZN57OR","Закопчалка сушилня ELECTROLUX  AEG","1","https://nikelectric.com/product/139zn57or/","https://nikelectric.eu/product/139zn57or","6a488059f41576d1de5dc130"
"139ZN59","1320373127 INOX","1","https://nikelectric.com/product/139zn59/","https://nikelectric.eu/product/139zn59","6a488035f41576d1de5dbd58"
"139ZW01","закопчалка","1","https://nikelectric.com/product/139zw01/","https://nikelectric.eu/product/139zw01","6a487ffbf41576d1de5db6f8"
"139ZW07OR","90473547, 90489093","3","https://nikelectric.com/product/139zw07or/","https://nikelectric.eu/product/139zw07or","6a4880e2f41576d1de5dd012"
"140AC31OR","Капак за лампа на сушилня","3","https://nikelectric.com/product/140ac31or/","https://nikelectric.eu/product/140ac31or","6a488038f41576d1de5dbdac"
"140BH12OR","пръскалка с рамо к-т -  668147","1","https://nikelectric.com/product/140bh12or/","https://nikelectric.eu/product/140bh12or","6a488023f41576d1de5dbb5a"
"140IG55","бутон OF/ON - C00534125","1","https://nikelectric.com/product/140ig55/","https://nikelectric.eu/product/140ig55","6a4880b9f41576d1de5dcb9e"
"140IG61","Конзола съдомиялна - 481253029331","1","https://nikelectric.com/product/140ig61/","https://nikelectric.eu/product/140ig61","6a4880b2f41576d1de5dcade"
"140LG07","шлаух сушилня Ф90 - 3м","4","https://nikelectric.com/product/140lg07/","https://nikelectric.eu/product/140lg07","6a488042f41576d1de5dbeba"
"140MA04","Разпределител съдомиялна Мидея","1","https://nikelectric.com/product/140ma04/","https://nikelectric.eu/product/140ma04","6a487fbdf41576d1de5db026"
"140MA07","кутия зя нагревател съдомиялна Мидея","2","https://nikelectric.com/product/140ma07/","https://nikelectric.eu/product/140ma07","6a487fd9f41576d1de5db344"
"140SM18OR","Водна завеса за съдомиялна","3","https://nikelectric.com/product/140sm18or/","https://nikelectric.eu/product/140sm18or","6a48806bf41576d1de5dc340"
"140VE01OR","Преграда за барабан за пералня VESTEL","26","https://nikelectric.com/product/140ve01or/","https://nikelectric.eu/product/140ve01or","6a487fe1f41576d1de5db42e"
"140VE05","пръскалка","2","https://nikelectric.com/product/140ve05/","https://nikelectric.eu/product/140ve05","6a488031f41576d1de5dbce0"
"140VE07","VESTEL","1","https://nikelectric.com/product/vestel-45/","https://nikelectric.eu/product/vestel-45","69b4442ec23d34935c3b90cc"
"140VE09OR","Преграда за барабан за пералня VESTEL","15","https://nikelectric.com/product/140ve09or/","https://nikelectric.eu/product/140ve09or","6a488021f41576d1de5dbb18"
"140ZN02","дъно съдомиялна - 1561831205","1","https://nikelectric.com/product/140zn02/","https://nikelectric.eu/product/140zn02","6a48803ff41576d1de5dbe66"
"141AK14","ARDO","5","http://nikelectric.com/produkt/ardo-77/","https://nikelectric.eu/product/ardo-77","69b44071c23d34935c3b2517"
"141BY00","врътка","48","https://nikelectric.com/product/141by00/","https://nikelectric.eu/product/141by00","6a487fa1f41576d1de5dad0e"
"141ZN05","Врътка AEG","1","https://nikelectric.com/product/141zn05/","https://nikelectric.eu/product/141zn05","6a487f9ef41576d1de5dacd2"
"143AR03OR","Филтър сушилня INDESIT ARISTON","5","https://nikelectric.com/product/143ar03or/","https://nikelectric.eu/product/143ar03or","6a4880e9f41576d1de5dd0d8"
"143GR05","капачка - 587430","8","https://nikelectric.com/product/143gr05/","https://nikelectric.eu/product/143gr05","6a487fb3f41576d1de5daf06"
"143GR06","587434+587430","5","https://nikelectric.com/product/143gr06/","https://nikelectric.eu/product/143gr06","6a487fa1f41576d1de5dad14"
"143IG03","Филт.касета помпа Филипс","2","https://nikelectric.com/product/143ig03/","https://nikelectric.eu/product/143ig03","6a487f60f41576d1de5da618"
"143MA02","филтър съдомиялна пластмосов Мидея -673002500131","3","https://nikelectric.com/product/143ma02/","https://nikelectric.eu/product/143ma02","6a48804ff41576d1de5dc022"
"143MA03","филтър съдомиялна  Мидея - 673005202002","4","https://nikelectric.com/product/143ma03/","https://nikelectric.eu/product/143ma03","6a48804ff41576d1de5dc028"
"143PE04","Филтър за Перла 04, Татрамат","3","https://nikelectric.com/product/143pe04/","https://nikelectric.eu/product/143pe04","6a487f5ff41576d1de5da5ee"
"143TA00","Филтър-решетка /Тамат/","5","https://nikelectric.com/product/143ta00/","https://nikelectric.eu/product/143ta00","6a487f60f41576d1de5da612"
"143VE","143VE","3","https://nikelectric.com/product/143ve/","https://nikelectric.eu/product/143ve","6a478239068fc300483f547a"
"143ZN99","Филтър за AEG","5","https://nikelectric.com/product/143zn99/","https://nikelectric.eu/product/143zn99","6a488037f41576d1de5dbd82"
"144AC05","BEKO SANG","2","http://nikelectric.com/produkt/beko-sang-29/","https://nikelectric.eu/product/beko-sang-29","69b441d3c23d34935c3b4f02"
"145CY09","Рамка за горно зареждане CANDY - 43007420, 43011007, 43013198","5","https://nikelectric.com/product/145cy09/","https://nikelectric.eu/product/145cy09","6a488101f41576d1de5dd378"
"145VE06","Ринг вътрешен - 42023883","4","https://nikelectric.com/product/145ve06/","https://nikelectric.eu/product/145ve06","6a48802af41576d1de5dbc1a"
"146AK15","ключ 522005102 - NA","2","https://nikelectric.com/product/146ak15/","https://nikelectric.eu/product/146ak15","6a487fb4f41576d1de5daf2a"
"146AR09","ключ","2","https://nikelectric.com/product/146ar09/","https://nikelectric.eu/product/146ar09","6a487f85f41576d1de5daa14"
"146BH04","Клавишен блок Бош / Сименс - 4 бутона","4","https://nikelectric.com/product/146bh04/","https://nikelectric.eu/product/146bh04","6a487f71f41576d1de5da7da"
"146BH10","затв. мех. съдомиялна BOSCH - 1-DPS/255  A070203","1","https://nikelectric.com/product/146bh10/","https://nikelectric.eu/product/146bh10","6a488011f41576d1de5db956"
"146CY04","клавишен блок CANDY - 3 бутона","2","https://nikelectric.com/product/146cy04/","https://nikelectric.eu/product/146cy04","6a487f8df41576d1de5daaec"
"146GR02","Клавиш.блок Горение - двоен","9","https://nikelectric.com/product/146gr02/","https://nikelectric.eu/product/146gr02","6a487f71f41576d1de5da7ce"
"146IG07","ключ Whirlpool - 481941028998 - пинове","2","https://nikelectric.com/product/146ig07/","https://nikelectric.eu/product/146ig07","6a487f8cf41576d1de5daace"
"146lLG06","Бутон еднополюсов - NA - 16A","17","https://nikelectric.com/product/146llg06/","https://nikelectric.eu/product/146llg06","6a4880a9f41576d1de5dc9f4"
"147AC02","Ключ Беко - 2808530300","19","https://nikelectric.com/product/147ac02/","https://nikelectric.eu/product/147ac02","6a487f8cf41576d1de5daad4"
"147SM00","Селектор SMEG - 818600030","2","https://nikelectric.com/product/147sm00/","https://nikelectric.eu/product/147sm00","6a48802af41576d1de5dbc14"
"147SM01","микроключ за вратата съдомиялна 16A - 814490201","5","https://nikelectric.com/product/147sm01/","https://nikelectric.eu/product/147sm01","6a48802bf41576d1de5dbc2c"
"147ZN01","микроключ съдомиялна 1125495000","3","https://nikelectric.com/product/147zn01/","https://nikelectric.eu/product/147zn01","6a48802ff41576d1de5dbcb0"
"148AK04","ключалка съдомиялна - 322102200","2","https://nikelectric.com/product/148ak04/","https://nikelectric.eu/product/148ak04","6a487fb5f41576d1de5daf42"
"148HA03","стойка затв. механизъм съдомиялна","6","https://nikelectric.com/product/148ha03/","https://nikelectric.eu/product/148ha03","6a488023f41576d1de5dbb66"
"148PH08","биметална ключалка","1","https://nikelectric.com/product/148ph08/","https://nikelectric.eu/product/148ph08","6a487f6ff41576d1de5da798"
"148SK00","биметална ключалка Skyworth","8","https://nikelectric.com/product/148sk00/","https://nikelectric.eu/product/148sk00","6a487f6ff41576d1de5da7b0"
"148SU14","DC34-00028B","1","https://nikelectric.com/product/148su14/","https://nikelectric.eu/product/148su14","6a4880acf41576d1de5dca42"
"148ZN06","биметална ключалка  BMZ Type 855","1","https://nikelectric.com/product/148zn06/","https://nikelectric.eu/product/148zn06","6a487fe5f41576d1de5db4a0"
"148ZN39OR","Биметална ключалка","2","https://nikelectric.com/product/148zn39or/","https://nikelectric.eu/product/148zn39or","6a488043f41576d1de5dbee4"
"148ZW12","затварящ мех. съдомиялна","1","https://nikelectric.com/product/148zw12/","https://nikelectric.eu/product/148zw12","6a487fe6f41576d1de5db4ac"
"148bh03","биметална ключалка - BOCSH,SMEG,AR - 00627556","3","https://nikelectric.com/product/148bh03/","https://nikelectric.eu/product/148bh03","6a4880eef41576d1de5dd16e"
"149AR05","термостат 038574","1","https://nikelectric.com/product/149ar05/","https://nikelectric.eu/product/149ar05","6a487fa0f41576d1de5dacf0"
"149LG02","ТРМ  - 85 C - EGO - 30024518 с паричка","2","https://nikelectric.com/product/149lg02/","https://nikelectric.eu/product/149lg02","6a4880c1f41576d1de5dcc88"
"149ZN05","термостат 645056180","1","https://nikelectric.com/product/149zn05/","https://nikelectric.eu/product/149zn05","6a487fb6f41576d1de5daf6c"
"150AC00OR","NTC  38 kO за съдомиялна","6","https://nikelectric.com/product/150ac00or/","https://nikelectric.eu/product/150ac00or","6a487fc2f41576d1de5db0b0"
"150AC01OR","ТОС керам. NA 80С фурна","10","https://nikelectric.com/product/150ac01or/","https://nikelectric.eu/product/150ac01or","6a487f5ef41576d1de5da5d6"
"150AC11","BEKO SANG BLOMBERG","29","https://nikelectric.com/product/beko-sang-blomberg-337/","https://nikelectric.eu/product/beko-sang-blomberg-337","69b445f7c23d34935c3bc19c"
"150CY03","ТОС  NC84 / NC88 - миялна","1","https://nikelectric.com/product/150cy03/","https://nikelectric.eu/product/150cy03","6a487f5df41576d1de5da5b8"
"150LG56","Термостат NC 27 - NC 50","4","https://nikelectric.com/product/150lg56/","https://nikelectric.eu/product/150lg56","6a487fb9f41576d1de5dafc6"
"150LG66","NC 65/NC 95 - защитен","1","https://nikelectric.com/product/150lg66/","https://nikelectric.eu/product/150lg66","6a48801ef41576d1de5dbac4"
"151AC01","пресостат електронен - 2833830200","2","https://nikelectric.com/product/151ac01/","https://nikelectric.eu/product/151ac01","6a487ff4f41576d1de5db63e"
"151CY02OR","Пресостат за съдомиялна CANDY","10","https://nikelectric.com/product/151cy02or/","https://nikelectric.eu/product/151cy02or","6a4880dcf41576d1de5dcf76"
"151CY08","ниворегулатор  59/40 - 41030820","1","https://nikelectric.com/product/151cy08/","https://nikelectric.eu/product/151cy08","6a488051f41576d1de5dc06a"
"151LG00","ВЯТКА","3","http://nikelectric.com/produkt/%d0%b2%d1%8f%d1%82%d0%ba%d0%b0/","https://nikelectric.eu/product/d0b2d18fd182d0bad0b0","69b43e91c23d34935c3aeb67"
"151LG03","80/60","37","https://nikelectric.com/product/80-60-2/","https://nikelectric.eu/product/80-60-2","69b446c5c23d34935c3bd89a"
"151LG08","проф.миялна - 1503265017","2","https://nikelectric.com/product/151lg08/","https://nikelectric.eu/product/151lg08","6a488052f41576d1de5dc070"
"151LG09","105/50 - 816210276","1","https://nikelectric.com/product/151lg09/","https://nikelectric.eu/product/151lg09","6a488052f41576d1de5dc076"
"151LG20","UNIVERSAL","1","https://nikelectric.com/product/universal-159/","https://nikelectric.eu/product/universal-159","69b4433fc23d34935c3b7653"
"151LG27","230/110","3","https://nikelectric.com/product/230-110/","https://nikelectric.eu/product/230-110","69b44419c23d34935c3b8e8d"
"151LG28","94/69","1","https://nikelectric.com/product/94-69/","https://nikelectric.eu/product/94-69","69b44419c23d34935c3b8e96"
"151LG29","ниворегулатор 149/94 - 105069","1","https://nikelectric.com/product/151lg29/","https://nikelectric.eu/product/151lg29","6a488089f41576d1de5dc676"
"151MI04","Пресостат МIELE - 10771414 - MHDV GH 01","1","https://nikelectric.com/product/151mi04/","https://nikelectric.eu/product/151mi04","6a4880f3f41576d1de5dd1f8"
"152BY00","пресостат Бош 2 тръби","1","https://nikelectric.com/product/152by00/","https://nikelectric.eu/product/152by00","6a487f73f41576d1de5da816"
"152LG12","78/30  197/75 - 816210263","1","https://nikelectric.com/product/152lg12/","https://nikelectric.eu/product/152lg12","6a488052f41576d1de5dc07c"
"152LG13","78/30 89/19 - 816210261","1","https://nikelectric.com/product/152lg13/","https://nikelectric.eu/product/152lg13","6a488052f41576d1de5dc082"
"153IG02","кл. един. хоризонтален","1","https://nikelectric.com/product/153ig02/","https://nikelectric.eu/product/153ig02","6a488022f41576d1de5dbb48"
"153LG09","редукция","5","https://nikelectric.com/product/153lg09/","https://nikelectric.eu/product/153lg09","6a488033f41576d1de5dbd22"
"153MI01","клапан един. верт. с куплунг 4729811","3","https://nikelectric.com/product/153mi01/","https://nikelectric.eu/product/153mi01","6a487fd5f41576d1de5db2de"
"154CY05","49014304","1","https://nikelectric.com/product/154cy05/","https://nikelectric.eu/product/154cy05","6a487fd4f41576d1de5db2ae"
"159AE02","ТЕН 1320W - NTC+защита - 53188952849","2","https://nikelectric.com/product/159ae02/","https://nikelectric.eu/product/159ae02","6a488047f41576d1de5dbf44"
"159AK06","ARDO","1","https://nikelectric.com/product/ardo-6/","https://nikelectric.eu/product/ardo-6","69b44344c23d34935c3b76ec"
"159AR04","нагревател 1700W - C00055306","1","https://nikelectric.com/product/159ar04/","https://nikelectric.eu/product/159ar04","6a48808af41576d1de5dc682"
"159AR13","нагревател 1900W","20","https://nikelectric.com/product/159ar13/","https://nikelectric.eu/product/159ar13","6a4880e9f41576d1de5dd0de"
"159AR21OR","Нагревател сушилня 1200W","10","https://nikelectric.com/product/159ar21or/","https://nikelectric.eu/product/159ar21or","6a4880c7f41576d1de5dcd24"
"159AR22OR","Нагревател сушилня 1500 W","3","https://nikelectric.com/product/159ar22or/","https://nikelectric.eu/product/159ar22or","6a4880aff41576d1de5dca9c"
"159CY22","1640W L 182mm - 22 41032112","3","https://nikelectric.com/product/159cy22/","https://nikelectric.eu/product/159cy22","6a4880bcf41576d1de5dcbf8"
"159HS00","нагр.HISSENS - 1900W - 46197042387 - 2защити","2","https://nikelectric.com/product/159hs00/","https://nikelectric.eu/product/159hs00","6a4880aaf41576d1de5dc9fa"
"159IG04","нагревател 1900W","1","https://nikelectric.com/product/159ig04/","https://nikelectric.eu/product/159ig04","6a487f56f41576d1de5da504"
"159IG31","нагревател  3000W  - 270mm","2","https://nikelectric.com/product/159ig31/","https://nikelectric.eu/product/159ig31","6a487fdaf41576d1de5db356"
"159IG33","нагревател   3000W с NTC - 270мм - 481225928247","2","https://nikelectric.com/product/159ig33/","https://nikelectric.eu/product/159ig33","6a487fdaf41576d1de5db362"
"159SM01","Н-л сушилня 870+870W - 806890272","1","https://nikelectric.com/product/159sm01/","https://nikelectric.eu/product/159sm01","6a48802af41576d1de5dbc26"
"161AR09OR","корпус  помпа съдомиялна с нагревател - C00256526","3","https://nikelectric.com/product/161ar09or/","https://nikelectric.eu/product/161ar09or","6a4880def41576d1de5dcfa6"
"161CY03","Н-л сушилня 750 W","3","https://nikelectric.com/product/161cy03/","https://nikelectric.eu/product/161cy03","6a488032f41576d1de5dbd04"
"161SM02","нагревател миялна 2100W - 806890271","3","https://nikelectric.com/product/161sm02/","https://nikelectric.eu/product/161sm02","6a488026f41576d1de5dbbae"
"161ZN10OR","Корпус с нагревател 1800W  за помпа на съдомиялна ELECTROLUX","1","https://nikelectric.com/product/161zn10or/","https://nikelectric.eu/product/161zn10or","6a4880d4f41576d1de5dce98"
"161lLG01","нагревател съдомиялна1300W 115V","1","https://nikelectric.com/product/161llg01/","https://nikelectric.eu/product/161llg01","6a487f57f41576d1de5da51c"
"162AC00","Модул ВЕКО - MOD 2600 за 650 - 800 rpm","1","https://nikelectric.com/product/162ac00/","https://nikelectric.eu/product/162ac00","6a488001f41576d1de5db7a0"
"162AC17","Модул BEKO  -  2812240100","5","https://nikelectric.com/product/162ac17/","https://nikelectric.eu/product/162ac17","6a48801ef41576d1de5dbad6"
"162AC30","BEKO","1","https://nikelectric.com/product/beko-2/","https://nikelectric.eu/product/beko-2","69b442f2c23d34935c3b6d8a"
"162AC34","модул съдомиялна - 1899610260","1","https://nikelectric.com/product/162ac34/","https://nikelectric.eu/product/162ac34","6a488050f41576d1de5dc040"
"162AE07","Четкодържатели к-т -къси- Type R - 6.3×12.5x35mm","3","https://nikelectric.com/product/162ae07/","https://nikelectric.eu/product/162ae07","6a488007f41576d1de5db84e"
"162AK04","модул  546001402","3","https://nikelectric.com/product/162ak04/","https://nikelectric.eu/product/162ak04","6a487f6ff41576d1de5da7aa"
"162AK11","модул 7.8","1","https://nikelectric.com/product/162ak11/","https://nikelectric.eu/product/162ak11","6a487f6ff41576d1de5da7a4"
"162AK22","546021201 - DMPU H8 - 800 rpm","1","https://nikelectric.com/product/162ak22/","https://nikelectric.eu/product/162ak22","6a487f71f41576d1de5da7d4"
"162AK50","помпа съдомиялна","1","https://nikelectric.com/product/162ak50/","https://nikelectric.eu/product/162ak50","6a487fcef41576d1de5db206"
"162AR06","помпа миялна","1","https://nikelectric.com/product/162ar06/","https://nikelectric.eu/product/162ar06","6a487f5ff41576d1de5da5fa"
"162AR07","помпа миялна - 025666, 695210160","1","https://nikelectric.com/product/162ar07/","https://nikelectric.eu/product/162ar07","6a488024f41576d1de5dbb7e"
"162AR08","мотор пералня","1","https://nikelectric.com/product/162ar08/","https://nikelectric.eu/product/162ar08","6a487f71f41576d1de5da7e6"
"162AR10","модул AI1247TX Margherita - аналог Micron","1","https://nikelectric.com/product/162ar10/","https://nikelectric.eu/product/162ar10","6a488001f41576d1de5db7a6"
"162AR40","модул Индезит","1","https://nikelectric.com/product/162ar40/","https://nikelectric.eu/product/162ar40","6a487fa4f41576d1de5dad68"
"162BH01","Граф. четки - 5x12,5x32","75","https://nikelectric.com/product/162bh01/","https://nikelectric.eu/product/162bh01","6a487fcef41576d1de5db218"
"162BH23OR","Циркулационна помпа за съдомиялна BOSCH с нагревател","4","https://nikelectric.com/product/162bh23or/","https://nikelectric.eu/product/162bh23or","6a488017f41576d1de5dba04"
"162BH25OR","Циркулационна помпа за съдомиялна BOSCH с нагревател","6","https://nikelectric.com/product/----bosch--/","https://nikelectric.eu/product/----bosch--","6a469318068fc300483edd50"
"162BH26OR","Циркулационна помпа за съдомиялна BOSCH с нагревател","2","https://nikelectric.com/product/162bh26or/","https://nikelectric.eu/product/162bh26or","6a4880f5f41576d1de5dd23a"
"162BH28OR","Циркулационна помпа за съдомиялна BOSCH с нагревател","4","https://nikelectric.com/product/162bh28or/","https://nikelectric.eu/product/162bh28or","6a48803ff41576d1de5dbe6c"
"162BH29OR","Циркулационна помпа за съдомиялна BOSCH с нагревател","2","https://nikelectric.com/product/162bh29or/","https://nikelectric.eu/product/162bh29or","6a488097f41576d1de5dc7fc"
"162FR13","термостат но фрост 4 кабела","4","https://nikelectric.com/product/162fr13/","https://nikelectric.eu/product/162fr13","6a487fd8f41576d1de5db326"
"162FR85","Температурен сензор за хладилник GORENJE","1","https://nikelectric.com/product/162fr85/","https://nikelectric.eu/product/162fr85","6a488103f41576d1de5dd3c0"
"162GR05","Четкодържатели к-т 6x10x25","4","https://nikelectric.com/product/162gr05/","https://nikelectric.eu/product/162gr05","6a487f7df41576d1de5da924"
"162HI01","мотор Welling - UML3906.01","2","https://nikelectric.com/product/162hi01/","https://nikelectric.eu/product/162hi01","6a4880d2f41576d1de5dce5c"
"162ID01","Мотор C00077437","5","https://nikelectric.com/product/162id01/","https://nikelectric.eu/product/162id01","6a487f6ef41576d1de5da780"
"162ID02","Мотор C00068947","9","https://nikelectric.com/product/162id02/","https://nikelectric.eu/product/162id02","6a487f6ef41576d1de5da786"
"162ID03","Мотор C00043809","20","https://nikelectric.com/product/162id03/","https://nikelectric.eu/product/162id03","6a487f6ef41576d1de5da78c"
"162ID04","Мотор C00042817","4","https://nikelectric.com/product/162id04/","https://nikelectric.eu/product/162id04","6a487f6ef41576d1de5da792"
"162ID08A","Четкодържатели к-т - 5 x13,5 x 36  - alternativ","10","https://nikelectric.com/product/162id08a/","https://nikelectric.eu/product/162id08a","6a48801df41576d1de5dbabe"
"162IG52","Модул съдомиялна - 481221838522","4","https://nikelectric.com/product/162ig52/","https://nikelectric.eu/product/162ig52","6a488092f41576d1de5dc772"
"162LG06","Граф. четки - 12.5х5х36.5 пружина","2","https://nikelectric.com/product/162lg06/","https://nikelectric.eu/product/162lg06","6a488030f41576d1de5dbcc8"
"162MA04","помпа съдомиялна малка Мидея","1","https://nikelectric.com/product/162ma04/","https://nikelectric.eu/product/162ma04","6a487fdff41576d1de5db3ec"
"162MA12","платка миялна  Мидея - XWJ30A-1.PCB","1","https://nikelectric.com/product/162ma12/","https://nikelectric.eu/product/162ma12","6a487fd8f41576d1de5db32c"
"162MA13","платка миялна  Мидея - WQP12-9235C/B","1","https://nikelectric.com/product/162ma13/","https://nikelectric.eu/product/162ma13","6a487fd8f41576d1de5db332"
"162MI11","Граф. четки - 10 x 6,3 x 29","2","https://nikelectric.com/product/162mi11/","https://nikelectric.eu/product/162mi11","6a488002f41576d1de5db7be"
"162PH01","REMCO 5133 - 800 rpm","2","https://nikelectric.com/product/162ph01/","https://nikelectric.eu/product/162ph01","6a487fb8f41576d1de5dafae"
"162PH02","REMCO 5094 1000 RPM","1","https://nikelectric.com/product/162ph02/","https://nikelectric.eu/product/162ph02","6a487fb9f41576d1de5dafb4"
"162PH03","модул 544 197-116102818-4","1","https://nikelectric.com/product/162ph03/","https://nikelectric.eu/product/162ph03","6a487fb9f41576d1de5dafba"
"162PH04","REMCO 5099-C00068859","1","https://nikelectric.com/product/162ph04/","https://nikelectric.eu/product/162ph04","6a487fb9f41576d1de5dafc0"
"162SM22","Помпа съдомиялна SMEG,TEKA,GORENJE,CANDY","1","https://nikelectric.com/product/162sm22/","https://nikelectric.eu/product/162sm22","6a48801cf41576d1de5dba94"
"162SU02","мотор","1","https://nikelectric.com/product/162su02/","https://nikelectric.eu/product/162su02","6a487f6df41576d1de5da774"
"162SU03","мотор - 512001003","1","https://nikelectric.com/product/162su03/","https://nikelectric.eu/product/162su03","6a487fc5f41576d1de5db104"
"162SU05","модул 546023300","1","https://nikelectric.com/product/162su05/","https://nikelectric.eu/product/162su05","6a487fa4f41576d1de5dad6e"
"162VE02","invensys -  32003407","5","https://nikelectric.com/product/162ve02/","https://nikelectric.eu/product/162ve02","6a487fb4f41576d1de5daf3c"
"162ZN32","Модул пералня ELECTROLUX","1","https://nikelectric.com/product/162zn32/","https://nikelectric.eu/product/162zn32","6a488031f41576d1de5dbcd4"
"162ZN38","Модул фурна - EOC55100X - 8996619277792","1","https://nikelectric.com/product/162zn38/","https://nikelectric.eu/product/162zn38","6a488032f41576d1de5dbcf8"
"162ZN39","Модул индукция - 3300362609","1","https://nikelectric.com/product/162zn39/","https://nikelectric.eu/product/162zn39","6a488040f41576d1de5dbe78"
"162ZN44","Модул съдомиялна - 1380172518","1","https://nikelectric.com/product/162zn44/","https://nikelectric.eu/product/162zn44","6a488057f41576d1de5dc10c"
"162ZN49","Модул пералня ELECTROLUX - 1360057010","1","https://nikelectric.com/product/162zn49/","https://nikelectric.eu/product/162zn49","6a488032f41576d1de5dbd0a"
"162ZN54","Дисплей пералня - 4055558482","4","https://nikelectric.com/product/162zn54/","https://nikelectric.eu/product/162zn54","6a4880cdf41576d1de5dcdde"
"163AC00OR","Помпа сушилня BEKO 13W","7","https://nikelectric.com/product/163ac00or/","https://nikelectric.eu/product/163ac00or","6a4880fff41576d1de5dd34e"
"163AC13OR","Ппомпа пералня BEKO с 3 отвора","11","https://nikelectric.com/product/163ac13or/","https://nikelectric.eu/product/163ac13or","6a4880c3f41576d1de5dccbe"
"163AR10","помпа съдомиялна Ariston","1","https://nikelectric.com/product/163ar10/","https://nikelectric.eu/product/163ar10","6a487f60f41576d1de5da606"
"163AR23","помпа Ariston","1","https://nikelectric.com/product/163ar23/","https://nikelectric.eu/product/163ar23","6a487f61f41576d1de5da630"
"163BH05","помпа Bosch","1","https://nikelectric.com/product/163bh05/","https://nikelectric.eu/product/163bh05","6a487f60f41576d1de5da60c"
"163BH12OR","Помпа за пералня BOSCH","5","https://nikelectric.com/product/--/","https://nikelectric.eu/product/--","6a478239068fc300483f5482"
"163BL01","163BL01  Blomberg, Privileg  - GRE 647","1","https://nikelectric.com/product/163bl01/","https://nikelectric.eu/product/163bl01","6a487f5ef41576d1de5da5dc"
"163GR08OR","помпа  GORENJE  с букса RAST 2,5","2","https://nikelectric.com/product/163gr08or/","https://nikelectric.eu/product/163gr08or","6a4880dbf41576d1de5dcf58"
"163IG37НЕ","Помпа WHIRLPOOL ориг. 481236018558","1","https://nikelectric.com/product/163ig37/","https://nikelectric.eu/product/163ig37","6a487f61f41576d1de5da62a"
"163LG78","Бобина помпа Тамат мини","1","https://nikelectric.com/product/163lg78/","https://nikelectric.eu/product/163lg78","6a487f62f41576d1de5da648"
"163ZN05","Aeg, Hoover GRE 573","5","https://nikelectric.com/product/163zn05/","https://nikelectric.eu/product/163zn05","6a487f64f41576d1de5da672"
"164CY05/OR","панти за вграждане - 92784297","1","https://nikelectric.com/product/164cy05-or/","https://nikelectric.eu/product/164cy05-or","6a487fe3f41576d1de5db45e"
"164GR04","панта Горение","2","https://nikelectric.com/product/164gr04/","https://nikelectric.eu/product/164gr04","6a487feff41576d1de5db5a2"
"164HP01","панти пластмаса","8","https://nikelectric.com/product/164hp01/","https://nikelectric.eu/product/164hp01","6a487fc5f41576d1de5db110"
"164ID09","панта - C00034320","1","https://nikelectric.com/product/164id09/","https://nikelectric.eu/product/164id09","6a487fb6f41576d1de5daf60"
"164MA01","панта Мидея","2","https://nikelectric.com/product/164ma01/","https://nikelectric.eu/product/164ma01","6a487fd9f41576d1de5db33e"
"164SM01","Панта за вграждане","2","https://nikelectric.com/product/164sm01/","https://nikelectric.eu/product/164sm01","6a48804af41576d1de5dbfa4"
"165BH00","Ремъчна шайба БОШ - 396074","1","https://nikelectric.com/product/165bh00/","https://nikelectric.eu/product/165bh00","6a487f71f41576d1de5da7e0"
"165LG00","Ремъчна шайба","4","https://nikelectric.com/product/165lg00/","https://nikelectric.eu/product/165lg00","6a487fd2f41576d1de5db284"
"165TM01","конусна втулка Тамат","3","https://nikelectric.com/product/165tm01/","https://nikelectric.eu/product/165tm01","6a487fa2f41576d1de5dad38"
"165ZN14","ELECTROLUX EWF 10470 W - 315mm","1","https://nikelectric.com/product/165zn14/","https://nikelectric.eu/product/165zn14","6a488000f41576d1de5db794"
"166IG08OR","Ролка сушилня","12","https://nikelectric.com/product/166ig08or/","https://nikelectric.eu/product/166ig08or","6a4880c8f41576d1de5dcd3c"
"167AC06OR","Амортисьор 85N за пералня BEKO","24","https://nikelectric.com/product/167ac06or/","https://nikelectric.eu/product/167ac06or","6a488016f41576d1de5db9f8"
"167AC07OR","Амортисьор 65N за пералня BEKO","11","https://nikelectric.com/product/167ac07or/","https://nikelectric.eu/product/167ac07or","6a4880d7f41576d1de5dcef2"
"167AC10OR","Амортисьор 85N за пералня BEKO","7","https://nikelectric.com/product/167ac10or/","https://nikelectric.eu/product/167ac10or","6a4880bbf41576d1de5dcbd4"
"167AE02OR","Амортисьор 100 N за пералня AEG","15","https://nikelectric.com/product/167ae02or/","https://nikelectric.eu/product/167ae02or","6a487fc8f41576d1de5db170"
"167AK00","Амортисьор  80N","3","https://nikelectric.com/product/167ak00/","https://nikelectric.eu/product/167ak00","6a487fa3f41576d1de5dad5c"
"167BH08OR","Амортисьор 80N - Ф8 мм + щифт - 11039636","4","https://nikelectric.com/product/167bh08or/","https://nikelectric.eu/product/167bh08or","6a48809bf41576d1de5dc868"
"167GR08","Амортисьор 120N - Ф 8 mm - 274410","1","https://nikelectric.com/product/167gr08/","https://nikelectric.eu/product/167gr08","6a487ff5f41576d1de5db65c"
"167GR10OR","Амортисьор 100N","26","https://nikelectric.com/product/167gr10----100n---341221/","https://nikelectric.eu/product/167gr10----100n---341221","69ff0bf058138c72b910c317"
"167LG05","метален щифт аморт. - 481252918045","4","https://nikelectric.com/product/167lg05/","https://nikelectric.eu/product/167lg05","6a48801df41576d1de5dbaa6"
"168AC01OR","Носач за сушилня","6","https://nikelectric.com/product/168ac01or/","https://nikelectric.eu/product/168ac01or","6a488046f41576d1de5dbf26"
"168EG07","кръстачка Ф37/30/25 - 4434ER1004B","2","https://nikelectric.com/product/168eg07/","https://nikelectric.eu/product/168eg07","6a48801af41576d1de5dba64"
"170AK04","барабан за горно отваряне","1","https://nikelectric.com/product/170ak04/","https://nikelectric.eu/product/170ak04","6a487fcdf41576d1de5db200"
"170AK06","барабан за Ардо - дебела ос","1","https://nikelectric.com/product/170ak06/","https://nikelectric.eu/product/170ak06","6a487ffdf41576d1de5db73a"
"170ZN26","казан AEG - 3484168806 - 3484166305","1","https://nikelectric.com/product/170zn26/","https://nikelectric.eu/product/170zn26","6a4880ecf41576d1de5dd132"
"171AC00","програматор Санг - 2824700100","1","https://nikelectric.com/product/171ac00/","https://nikelectric.eu/product/171ac00","6a487faaf41576d1de5dae10"
"171AC01","програматор Sang EC4889.01 - 2818280100 - мод.WS","1","https://nikelectric.com/product/171ac01/","https://nikelectric.eu/product/171ac01","6a487faaf41576d1de5dae16"
"171AK00","1024/7/2.05","1","https://nikelectric.com/product/171ak00/","https://nikelectric.eu/product/171ak00","6a487fc4f41576d1de5db0ec"
"171AK04","EAS 9262.01 - 516002800","1","https://nikelectric.com/product/171ak04/","https://nikelectric.eu/product/171ak04","6a487fb4f41576d1de5daf24"
"171AR00","програматор съдмиялна 160006521 Копречи","2","https://nikelectric.com/product/171ar00/","https://nikelectric.eu/product/171ar00","6a487fa9f41576d1de5dadec"
"171AR02","4324.01.В","1","https://nikelectric.com/product/171ar02/","https://nikelectric.eu/product/171ar02","6a487fa9f41576d1de5dadf8"
"171AR03","EC 4242.04 - C00033641","1","https://nikelectric.com/product/171ar03/","https://nikelectric.eu/product/171ar03","6a487fc3f41576d1de5db0d4"
"171AR04","сушилня Аристон","1","https://nikelectric.com/product/171ar04/","https://nikelectric.eu/product/171ar04","6a487fa9f41576d1de5dadf2"
"171AR06","TMX 1629-LS66ES,LS61ST","1","https://nikelectric.com/product/171ar06/","https://nikelectric.eu/product/171ar06","6a487fa8f41576d1de5dadda"
"171BH01","миялна Бош ЕА 9251.01","1","https://nikelectric.com/product/171bh01/","https://nikelectric.eu/product/171bh01","6a487fa9f41576d1de5dae04"
"171BH02","миялна АКО 514 539","1","https://nikelectric.com/product/171bh02/","https://nikelectric.eu/product/171bh02","6a487faaf41576d1de5dae0a"
"171CY15","програматор сушилня 92745272","1","https://nikelectric.com/product/171cy15/","https://nikelectric.eu/product/171cy15","6a487fa8f41576d1de5dade0"
"171CY19","2000/2007 - 3179","1","https://nikelectric.com/product/171cy19/","https://nikelectric.eu/product/171cy19","6a487fa8f41576d1de5dade6"
"171GR13","програматор  2000  2005/6561 - 538327 - 479331","1","https://nikelectric.com/product/171gr13/","https://nikelectric.eu/product/171gr13","6a487fa7f41576d1de5dadb6"
"171IG01","EC 4172.02 - 481990311222","1","https://nikelectric.com/product/171ig01/","https://nikelectric.eu/product/171ig01","6a487fc3f41576d1de5db0ce"
"171IG72","EC 4453.01E - 481228218703","1","https://nikelectric.com/product/171ig72/","https://nikelectric.eu/product/171ig72","6a487faff41576d1de5daea6"
"171IG85","EC 4774.02 - 481228218694","1","https://nikelectric.com/product/171ig85/","https://nikelectric.eu/product/171ig85","6a487faff41576d1de5daea0"
"171LG00","Селектор Сушилня","2","https://nikelectric.com/product/171lg00/","https://nikelectric.eu/product/171lg00","6a487fbff41576d1de5db068"
"171LG01","ЕС 4680.01 Т.70","2","https://nikelectric.com/product/171lg01/","https://nikelectric.eu/product/171lg01","6a487fa7f41576d1de5dadc8"
"171LG02","1858/2/5.06","1","https://nikelectric.com/product/171lg02/","https://nikelectric.eu/product/171lg02","6a487f70f41576d1de5da7c8"
"171LG03","EAS 9227.02","1","https://nikelectric.com/product/171lg03/","https://nikelectric.eu/product/171lg03","6a487fc4f41576d1de5db0f2"
"171LG04","1294/1/1.02","1","https://nikelectric.com/product/171lg04/","https://nikelectric.eu/product/171lg04","6a487fc4f41576d1de5db0e6"
"171LG05","1839/0/5.01","1","https://nikelectric.com/product/171lg05/","https://nikelectric.eu/product/171lg05","6a487fc3f41576d1de5db0da"
"171LG06","ЕС 4351.01","1","https://nikelectric.com/product/171lg06/","https://nikelectric.eu/product/171lg06","6a487fa9f41576d1de5dadfe"
"171LG07","Прогр.миялна Триасун","1","https://nikelectric.com/product/171lg07/","https://nikelectric.eu/product/171lg07","6a487fa8f41576d1de5dadd4"
"171MO01","Прогр.миялна Морис 1754/1/5.01","2","https://nikelectric.com/product/171mo01/","https://nikelectric.eu/product/171mo01","6a487fa7f41576d1de5dadce"
"171PE04","Щанга П04","3","https://nikelectric.com/product/171pe04/","https://nikelectric.eu/product/171pe04","6a487f97f41576d1de5dac06"
"171PH20","116102865-Croazet 2000/675","1","https://nikelectric.com/product/171ph20/","https://nikelectric.eu/product/171ph20","6a487fb6f41576d1de5daf72"
"171SL23","EC 4261.03 -  49550100","4","https://nikelectric.com/product/171sl23/","https://nikelectric.eu/product/171sl23","6a487fa7f41576d1de5dadbc"
"171SL42","0635/6/0.09-49574000","1","https://nikelectric.com/product/171sl42/","https://nikelectric.eu/product/171sl42","6a487fa7f41576d1de5dadc2"
"171SL44","0899/4/0.03 - 49578202","1","https://nikelectric.com/product/171sl44/","https://nikelectric.eu/product/171sl44","6a487faff41576d1de5dae9a"
"171SM04","2006/1821","1","https://nikelectric.com/product/171sm04/","https://nikelectric.eu/product/171sm04","6a487fc6f41576d1de5db12e"
"171TM01","Щанга Тамат","1","https://nikelectric.com/product/171tm01/","https://nikelectric.eu/product/171tm01","6a487f97f41576d1de5dac0c"
"173LG14","Скоба Ф19-26 мм","61","https://nikelectric.com/product/173lg14/","https://nikelectric.eu/product/173lg14","6a487ff1f41576d1de5db5de"
"174LG58","SMARTCLIM DE TK. - 484010678200","6","https://nikelectric.com/product/174lg58/","https://nikelectric.eu/product/174lg58","6a488021f41576d1de5dbb2a"
"200FR41","Дръжка хладилник - универсална инокс","1","https://nikelectric.com/product/200fr41/","https://nikelectric.eu/product/200fr41","6a488011f41576d1de5db968"
"200MC00","дръжка хладилник AMICA - INOX 1039438","1","https://nikelectric.com/product/200mc00/","https://nikelectric.eu/product/200mc00","6a4880a0f41576d1de5dc8ec"
"201AR04","Уплътнение хладилник - C00114662","1","https://nikelectric.com/product/201ar04/","https://nikelectric.eu/product/201ar04","6a488096f41576d1de5dc7de"
"202IG02","Долен носач фризер - 481253248035","1","https://nikelectric.com/product/202ig02/","https://nikelectric.eu/product/202ig02","6a4880a4f41576d1de5dc964"
"203AC08","Профил за стъклен рафт - 4638130100","5","https://nikelectric.com/product/203ac08/","https://nikelectric.eu/product/203ac08","6a4880d0f41576d1de5dce1a"
"203AR01","Профил за стъклен рафт - C00114611","1","https://nikelectric.com/product/203ar01/","https://nikelectric.eu/product/203ar01","6a488047f41576d1de5dbf50"
"203AR02","Профил за стъклен рафт - C00114787","1","https://nikelectric.com/product/203ar02/","https://nikelectric.eu/product/203ar02","6a488048f41576d1de5dbf56"
"203AR03","Профил за стъклен рафт - C00114616","1","https://nikelectric.com/product/203ar03/","https://nikelectric.eu/product/203ar03","6a488048f41576d1de5dbf5c"
"203AR04","Профил за стъклен рафт - C00114618","1","https://nikelectric.com/product/203ar04/","https://nikelectric.eu/product/203ar04","6a488048f41576d1de5dbf62"
"203AR05","стъклен рафт - C00119758","1","https://nikelectric.com/product/203ar05/","https://nikelectric.eu/product/203ar05","6a488048f41576d1de5dbf68"
"203BH01","BOSCH","3","https://nikelectric.com/product/bosch-22/","https://nikelectric.eu/product/bosch-22","69b446b2c23d34935c3bd66e"
"208FR12OR","Крушка за хладилник WHIRLPOOL  40W","28","https://nikelectric.com/product/208fr12or/","https://nikelectric.eu/product/208fr12or","6a4880f5f41576d1de5dd22e"
"208VE00","Плафон с термостат к-т 30029805 - 32001844","1","https://nikelectric.com/product/208ve00/","https://nikelectric.eu/product/208ve00","6a488046f41576d1de5dbf38"
"210FR10","Бутон хладилник 3 извода","3","https://nikelectric.com/product/210fr10/","https://nikelectric.eu/product/210fr10","6a487f75f41576d1de5da84c"
"215FR00","Термостат TF 57 FO - Mikrona","1","https://nikelectric.com/product/215fr00/","https://nikelectric.eu/product/215fr00","6a48801af41576d1de5dba52"
"215FR106","Термостат KXF31N3 - VESTEL,CROWN,FINLUX","2","https://nikelectric.com/product/215fr106/","https://nikelectric.eu/product/215fr106","6a48800bf41576d1de5db8b4"
"215FR107","Термостат NEO - WPF18F-100-024","1","https://nikelectric.com/product/215fr107/","https://nikelectric.eu/product/215fr107","6a488019f41576d1de5dba46"
"215FR110","Термостат NEO CROWN - WPF33","3","https://nikelectric.com/product/215fr110/","https://nikelectric.eu/product/215fr110","6a488024f41576d1de5dbb78"
"215FR121","HAIER","2","https://nikelectric.com/product/haier-14/","https://nikelectric.eu/product/haier-14","69b445abc23d34935c3bb926"
"215FR123","Термостат - PFN-175D-01 - хладилник DAEWOO - 2 кр.","10","https://nikelectric.com/product/215fr123/","https://nikelectric.eu/product/215fr123","6a4880c1f41576d1de5dcc8e"
"215FR38","Термостат ТАМ 112 1М 71- абсорбционен","2","https://nikelectric.com/product/215fr38/","https://nikelectric.eu/product/215fr38","6a487f77f41576d1de5da888"
"215FR43","Термостат двукам. BOSCH  LK №...540 - K+4/-24C","7","https://nikelectric.com/product/215fr43/","https://nikelectric.eu/product/215fr43","6a487fbff41576d1de5db074"
"215FR44","Термостат Фризер Кончар","8","https://nikelectric.com/product/215fr44/","https://nikelectric.eu/product/215fr44","6a487f75f41576d1de5da846"
"215FR46","Термостат двукам. THOMSON","7","https://nikelectric.com/product/215fr46/","https://nikelectric.eu/product/215fr46","6a487fbff41576d1de5db06e"
"215FR50","Термостат WPF24E-S-EX  с игла - CN","1","https://nikelectric.com/product/215fr50/","https://nikelectric.eu/product/215fr50","6a487ff2f41576d1de5db5fc"
"216FR03","216FR03 -","2","https://nikelectric.com/product/216fr03/","https://nikelectric.eu/product/216fr03","6a488049f41576d1de5dbf80"
"216FR04","термостат CN - VC 1 K50 - P1110","2","https://nikelectric.com/product/216fr04/","https://nikelectric.eu/product/216fr04","6a487feaf41576d1de5db518"
"219AC03","реле к-т за компр. + конденз.5625400101","2","https://nikelectric.com/product/219ac03/","https://nikelectric.eu/product/219ac03","6a487ff4f41576d1de5db644"
"219FR54","Реле протектор SPP","1","https://nikelectric.com/product/219fr54/","https://nikelectric.eu/product/219fr54","6a487f74f41576d1de5da82e"
"219FR60","Реле пусково","12","https://nikelectric.com/product/219fr60/","https://nikelectric.eu/product/219fr60","6a487f74f41576d1de5da83a"
"222FR103","Вентилатор No Frost - 220V - Ф4мм - DAEWOO","2","https://nikelectric.com/product/222fr103/","https://nikelectric.eu/product/222fr103","6a4880c1f41576d1de5dcc94"
"223FR10","компресор - MTZ90MT -  R600 - 5380105011","3","https://nikelectric.com/product/223fr10/","https://nikelectric.eu/product/223fr10","6a4880cff41576d1de5dcdfc"
"225FR26","ъгъл за уплътнители","2","https://nikelectric.com/product/225fr26/","https://nikelectric.eu/product/225fr26","6a487f75f41576d1de5da840"
"227AC00","тръбен нагревател размразител - 4099980100","2","https://nikelectric.com/product/227ac00/","https://nikelectric.eu/product/227ac00","6a48804ff41576d1de5dc034"
"227FR08","размразител L450 , D14 - 125W","3","https://nikelectric.com/product/227fr08/","https://nikelectric.eu/product/227fr08","6a487ff9f41576d1de5db6c2"
"227FR19","тръбен нагревател размразител DA81-01691AG","2","https://nikelectric.com/product/227fr19/","https://nikelectric.eu/product/227fr19","6a4880a9f41576d1de5dc9e8"
"227FR20","тръбен нагревател размразител DA81-01691AB","1","https://nikelectric.com/product/227fr20/","https://nikelectric.eu/product/227fr20","6a4880a9f41576d1de5dc9ee"
"227FR69","Нагр.хладилник 124W - VESTEL - 32004870","2","https://nikelectric.com/product/227fr69/","https://nikelectric.eu/product/227fr69","6a488049f41576d1de5dbf7a"
"227FR80","HISENSE","5","https://nikelectric.com/product/hisense-2/","https://nikelectric.eu/product/hisense-2","69b445fac23d34935c3bc1db"
"227FR81","HISENSE","4","https://nikelectric.com/product/hisense-3/","https://nikelectric.eu/product/hisense-3","69b445fac23d34935c3bc1e3"
"229FR33","филт.за вода","2","https://nikelectric.com/product/229fr33/","https://nikelectric.eu/product/229fr33","6a487f75f41576d1de5da858"
"230FR21","ТРМ PRODIGY -35/+35 C - 1.5м осезател","1","https://nikelectric.com/product/230fr21/","https://nikelectric.eu/product/230fr21","6a48801ef41576d1de5dbad0"
"230FR28","ТРМ PRODIGY -35/+35 C","8","https://nikelectric.com/product/230fr28/","https://nikelectric.eu/product/230fr28","6a48801af41576d1de5dba58"
"250FR04","Мотор за вентилатор - вътрешно тяло на климатик- 30W - YYS30-4","1","https://nikelectric.com/product/250fr04/","https://nikelectric.eu/product/250fr04","6a4880caf41576d1de5dcd7e"
"250FR05","Мотор за вентилатор - вътрешно тяло на климатик- 30W - YYS30-4(YYS30-4-7B)","1","https://nikelectric.com/product/250fr05/","https://nikelectric.eu/product/250fr05","6a4880caf41576d1de5dcd84"
"250FR06","МОТОР ЗА КЛИМАТИК","1","https://nikelectric.com/product/d0bcd0bed182d0bed180-d0b7d0b0-d0bad0bbd0b8d0bcd0b0d182d0b8d0ba-4/","https://nikelectric.eu/product/d0bcd0bed182d0bed180-d0b7d0b0-d0bad0bbd0b8d0bcd0b0d182d0b8d0ba-4","69b44602c23d34935c3bc2cc"
"250FR10","МОТОР ЗА КЛИМАТИК","1","https://nikelectric.com/product/d0bcd0bed182d0bed180-d0b7d0b0-d0bad0bbd0b8d0bcd0b0d182d0b8d0ba-8/","https://nikelectric.eu/product/d0bcd0bed182d0bed180-d0b7d0b0-d0bad0bbd0b8d0bcd0b0d182d0b8d0ba-8","69b44603c23d34935c3bc2f0"
"250FR11","МОТОР ЗА КЛИМАТИК","1","https://nikelectric.com/product/d0bcd0bed182d0bed180-d0b7d0b0-d0bad0bbd0b8d0bcd0b0d182d0b8d0ba-9/","https://nikelectric.eu/product/d0bcd0bed182d0bed180-d0b7d0b0-d0bad0bbd0b8d0bcd0b0d182d0b8d0ba-9","69b44604c23d34935c3bc2f9"
"250FR12","Мотор за климатик - YDK30-6B (YDK30-6G) - 30W","1","https://nikelectric.com/product/250fr12/","https://nikelectric.eu/product/250fr12","6a4880cbf41576d1de5dcd96"
"250FR13","МОТОР ЗА КЛИМАТИК","1","https://nikelectric.com/product/d0bcd0bed182d0bed180-d0b7d0b0-d0bad0bbd0b8d0bcd0b0d182d0b8d0ba-10/","https://nikelectric.eu/product/d0bcd0bed182d0bed180-d0b7d0b0-d0bad0bbd0b8d0bcd0b0d182d0b8d0ba-10","69b44604c23d34935c3bc302"
"250FR14","МОТОР ЗА КЛИМАТИК","1","https://nikelectric.com/product/d0bcd0bed182d0bed180-d0b7d0b0-d0bad0bbd0b8d0bcd0b0d182d0b8d0ba-11/","https://nikelectric.eu/product/d0bcd0bed182d0bed180-d0b7d0b0-d0bad0bbd0b8d0bcd0b0d182d0b8d0ba-11","69b44604c23d34935c3bc30b"
"300CU02","СКАРА 460 х 225 mm","1","https://nikelectric.com/product/d181d0bad0b0d180d0b0-460-d185-225-mm/","https://nikelectric.eu/product/d181d0bad0b0d180d0b0-460-d185-225-mm","69b44612c23d34935c3bc491"
"300CU56","скара 426 х 357 - ELECTROLUX - 140066595020","1","https://nikelectric.com/product/300cu56/","https://nikelectric.eu/product/300cu56","6a48805ff41576d1de5dc1de"
"300CU62","Телескопи за фурна к-т - 481010640987 + 481010764710","1","https://nikelectric.com/product/300cu62/","https://nikelectric.eu/product/300cu62","6a488037f41576d1de5dbd8e"
"300CU65","скара  455x350 mm","2","https://nikelectric.com/product/300cu65/","https://nikelectric.eu/product/300cu65","6a4880d2f41576d1de5dce62"
"300CU66","скара  435x325 mm","1","https://nikelectric.com/product/300cu66/","https://nikelectric.eu/product/300cu66","6a4880d2f41576d1de5dce68"
"300CU67","скара  445x340 mm","2","https://nikelectric.com/product/300cu67/","https://nikelectric.eu/product/300cu67","6a4880d3f41576d1de5dce6e"
"300CU68","скара  445x328 mm","1","https://nikelectric.com/product/300cu68/","https://nikelectric.eu/product/300cu68","6a4880d3f41576d1de5dce74"
"300CU69","скара  455x365 mm","1","https://nikelectric.com/product/300cu69/","https://nikelectric.eu/product/300cu69","6a4880d3f41576d1de5dce7a"
"300CU70","скара  428x305 mm","1","https://nikelectric.com/product/300cu70/","https://nikelectric.eu/product/300cu70","6a4880d3f41576d1de5dce80"
"300ZN01","решетка пара - 5613164069","1","https://nikelectric.com/product/300zn01/","https://nikelectric.eu/product/300zn01","6a48806bf41576d1de5dc32e"
"301BH05","Вентилатор фурна БОШ  - EBMR2K150-AH06","1","https://nikelectric.com/product/301bh05/","https://nikelectric.eu/product/301bh05","6a48802df41576d1de5dbc74"
"301CU02","гайка вентилатор М6 лява резба","23","https://nikelectric.com/product/301cu02/","https://nikelectric.eu/product/301cu02","6a488044f41576d1de5dbefc"
"301CU24","Микроключ Metalflex 10A метал","17","https://nikelectric.com/product/301cu24/","https://nikelectric.eu/product/301cu24","6a488025f41576d1de5dbb90"
"301CU33","Термостат фурна SMEG - 818730622","7","https://nikelectric.com/product/301cu33/","https://nikelectric.eu/product/301cu33","6a48803bf41576d1de5dbdee"
"301CU43","Вентилатор IMS","3","https://nikelectric.com/product/301cu43/","https://nikelectric.eu/product/301cu43","6a48802df41576d1de5dbc6e"
"301CU81","Клема 4 мм2 - тройна порцелан","5","https://nikelectric.com/product/301cu81/","https://nikelectric.eu/product/301cu81","6a487f8ff41576d1de5dab22"
"301CU82","Клема 4 мм2 - двойна порцелан","1","https://nikelectric.com/product/301cu82/","https://nikelectric.eu/product/301cu82","6a487f8ff41576d1de5dab28"
"301CU84","Клема 6 мм2 - двойна порцелан","11","https://nikelectric.com/product/301cu84/","https://nikelectric.eu/product/301cu84","6a487f8ff41576d1de5dab2e"
"301FA06","вент. фурна - 25 C460000A3","1","https://nikelectric.com/product/301fa06/","https://nikelectric.eu/product/301fa06","6a487fb0f41576d1de5daec4"
"301GR07OR","Клеморед за готварски печки Горение","24","https://nikelectric.com/product/301gr07or/","https://nikelectric.eu/product/301gr07or","6a4880c7f41576d1de5dcd30"
"301GR08OR","Клеморед за готварски печки Горение","10","https://nikelectric.com/product/301gr08or/","https://nikelectric.eu/product/301gr08or","6a4880cff41576d1de5dce14"
"301GR10","Мотор за Грил GORENJE - 383878 - 344038","1","https://nikelectric.com/product/301gr10/","https://nikelectric.eu/product/301gr10","6a4880cbf41576d1de5dcda2"
"301NE01","Вентилатор за мини фурна","2","https://nikelectric.com/product/301ne01/","https://nikelectric.eu/product/301ne01","6a488062f41576d1de5dc232"
"301NE02","Вентилатор за мини фурна","4","https://nikelectric.com/product/301ne02/","https://nikelectric.eu/product/301ne02","6a488062f41576d1de5dc238"
"302CU13","ЧНП Ф180 - 1500W - YQ-180","5","https://nikelectric.com/product/302cu13/","https://nikelectric.eu/product/302cu13","6a487fb5f41576d1de5daf54"
"302CU38","Гривна Ф80 мм","3","https://nikelectric.com/product/302cu38/","https://nikelectric.eu/product/302cu38","6a487f54f41576d1de5da4d8"
"302CU44","145 mm  - 600 W - два края","6","https://nikelectric.com/product/302cu44/","https://nikelectric.eu/product/302cu44","6a488007f41576d1de5db854"
"302CU48","ЧНП Ф145 - 1000W - 3 края","6","https://nikelectric.com/product/302cu48/","https://nikelectric.eu/product/302cu48","6a488027f41576d1de5dbbc0"
"302CU52","плоча U.K - 145 mm 1200W - регулатор","1","https://nikelectric.com/product/302cu52/","https://nikelectric.eu/product/302cu52","6a48802bf41576d1de5dbc44"
"302CU53","U.K - 180 mm 1800W - регулатор","1","https://nikelectric.com/product/302cu53/","https://nikelectric.eu/product/302cu53","6a48802cf41576d1de5dbc4a"
"302CU75","ЧНП 165mm 1250-1500W - 2 края","1","https://nikelectric.com/product/302cu75/","https://nikelectric.eu/product/302cu75","6a488085f41576d1de5dc60a"
"303CU29","светодиод за прточен бойлер MUHLER","2","https://nikelectric.com/product/303cu29/","https://nikelectric.eu/product/303cu29","6a48803df41576d1de5dbe2a"
"303CU38","СИГНАЛНА ЛАМПА ЗЕЛЕНА","10","https://nikelectric.com/product/d181d0b8d0b3d0bdd0b0d0bbd0bdd0b0-d0bbd0b0d0bcd0bfd0b0-d0b7d0b5d0bbd0b5d0bdd0b0/","https://nikelectric.eu/product/d181d0b8d0b3d0bdd0b0d0bbd0bdd0b0-d0bbd0b0d0bcd0bfd0b0-d0b7d0b5d0bbd0b5d0bdd0b0","69b445f1c23d34935c3bc0d6"
"304CU02","плафон фурна Ф38 - G9  18W 230V -  300 С","2","https://nikelectric.com/product/304cu02/","https://nikelectric.eu/product/304cu02","6a488061f41576d1de5dc220"
"304CU14","Крушка фурна  300° С  Е14 - 40W 220V","1","https://nikelectric.com/product/304cu14/","https://nikelectric.eu/product/304cu14","6a488019f41576d1de5dba40"
"304IG01OR","Стъкло за плафон на фурна WHIRLPOOL","12","https://nikelectric.com/product/304ig01or/","https://nikelectric.eu/product/304ig01or","6a4880a4f41576d1de5dc96a"
"306AC01","термодв. Беко 35см - 230311004","3","https://nikelectric.com/product/306ac01/","https://nikelectric.eu/product/306ac01","6a48802ef41576d1de5dbc92"
"306AC02","термодв. Беко 33см - 231900039","2","https://nikelectric.com/product/306ac02/","https://nikelectric.eu/product/306ac02","6a48802ef41576d1de5dbc98"
"306CU93","Термодв. газ 30 см - Г образна","1","https://nikelectric.com/product/306cu93/","https://nikelectric.eu/product/306cu93","6a487f93f41576d1de5dab8e"
"306CU94","Термодв. газ","5","https://nikelectric.com/product/306cu94/","https://nikelectric.eu/product/306cu94","6a487ff4f41576d1de5db62c"
"306CU95","Термодв.Горение 50см  - 162125 - кръгъл куплун","2","https://nikelectric.com/product/306cu95/","https://nikelectric.eu/product/306cu95","6a487feef41576d1de5db596"
"307AC08OR","Ключ Беко 8+0","8","https://nikelectric.com/product/307ac08or/","https://nikelectric.eu/product/307ac08or","6a48800ef41576d1de5db914"
"307AC11","Ключ Беко 6+0 - за гайка - 41.41723.027","2","https://nikelectric.com/product/307ac11/","https://nikelectric.eu/product/307ac11","6a488022f41576d1de5dbb3c"
"307CU10","Упл.за врътка плот - C00112484","2","https://nikelectric.com/product/307cu10/","https://nikelectric.eu/product/307cu10","6a487fc8f41576d1de5db15e"
"307CW06","Ключ минифурна 3+0 - 3 края като вент. печка","1","https://nikelectric.com/product/307cw06/","https://nikelectric.eu/product/307cw06","6a488009f41576d1de5db890"
"307CW07","Ключ минифурна 3+0 - 3 +2 края като вент. печка","5","https://nikelectric.com/product/307cw07/","https://nikelectric.eu/product/307cw07","6a48804df41576d1de5dbfe6"
"307FA03","Ключ 6+0 Fagor","1","https://nikelectric.com/product/307fa03/","https://nikelectric.eu/product/307fa03","6a487f8df41576d1de5daaf8"
"307ID02","Ключ 6+0 - Индезит - C00013413","1","https://nikelectric.com/product/307id02/","https://nikelectric.eu/product/307id02","6a487f8cf41576d1de5daada"
"307IG08OR","Селектор фурна WHIRLPOOL 12 позиции","4","https://nikelectric.com/product/307ig08or/","https://nikelectric.eu/product/307ig08or","6a4880fcf41576d1de5dd2ee"
"307LG17","Ключ 3022/11 - вкл.+ТРМ","1","https://nikelectric.com/product/307lg17/","https://nikelectric.eu/product/307lg17","6a487fbdf41576d1de5db038"
"307LG34","ключ керамичен 4+0","1","https://nikelectric.com/product/307lg34/","https://nikelectric.eu/product/307lg34","6a487feff41576d1de5db5a8"
"307LG43","Кл.Квадрат термостат-Елит","6","https://nikelectric.com/product/307lg43/","https://nikelectric.eu/product/307lg43","6a487f8df41576d1de5daaf2"
"307LG49","Ключ Фурна заТРМ верига - EGO","2","https://nikelectric.com/product/307lg49/","https://nikelectric.eu/product/307lg49","6a487fbef41576d1de5db050"
"307LG51","Ключ фурна 5+0 - an.el - 8809524040","2","https://nikelectric.com/product/307lg51/","https://nikelectric.eu/product/307lg51","6a488051f41576d1de5dc052"
"307LG52","Ключ фурна 4+0 - EGO - 42.05000.009","1","https://nikelectric.com/product/307lg52/","https://nikelectric.eu/product/307lg52","6a488051f41576d1de5dc058"
"307LG56","ключ EGO 7+0 49.28915.751 - 3057034 ZN конвектомат","1","https://nikelectric.com/product/307lg56/","https://nikelectric.eu/product/307lg56","6a4880b3f41576d1de5dcb0e"
"307MD01","Ключ MIDEA  6+0","1","https://nikelectric.com/product/307md01/","https://nikelectric.eu/product/307md01","6a4880f2f41576d1de5dd1e0"
"307MK02","Ключ Fagor 11НЕ-112 - 6+0 - C110008A0","6","https://nikelectric.com/product/307mk02/","https://nikelectric.eu/product/307mk02","6a487f8bf41576d1de5daabc"
"307NE02","ключ  3+0  минифурни NEO - OV-50IX","1","https://nikelectric.com/product/307ne02/","https://nikelectric.eu/product/307ne02","6a487fedf41576d1de5db584"
"307NE05","Ключ фурна 5+0 - F-36","4","https://nikelectric.com/product/307ne05/","https://nikelectric.eu/product/307ne05","6a488061f41576d1de5dc226"
"307SM05","ключ фурна  8+0 - 811730131 - 30911/1","4","https://nikelectric.com/product/307sm05/","https://nikelectric.eu/product/307sm05","6a488028f41576d1de5dbbf0"
"307SM06","ключ 6+0 - EGO 42.07000.002 - 811730066","5","https://nikelectric.com/product/307sm06/","https://nikelectric.eu/product/307sm06","6a488029f41576d1de5dbbf6"
"307SM07","ключ фурна  10+0 - 40114/1 - 811730202","1","https://nikelectric.com/product/307sm07/","https://nikelectric.eu/product/307sm07","6a488029f41576d1de5dbbfc"
"307SM08","ключ реостатен - 80.13040.000 - 816810028","3","https://nikelectric.com/product/307sm08/","https://nikelectric.eu/product/307sm08","6a48802af41576d1de5dbc20"
"307SM11","ключ за плот 6+0 - 811730138","4","https://nikelectric.com/product/307sm11/","https://nikelectric.eu/product/307sm11","6a488050f41576d1de5dc04c"
"307SM12","ключ фурна + грил  - пълен -811730108","2","https://nikelectric.com/product/307sm12/","https://nikelectric.eu/product/307sm12","6a488051f41576d1de5dc05e"
"307SM13","ключ за фурна с гайка 3+0 - 811730155","4","https://nikelectric.com/product/307sm13/","https://nikelectric.eu/product/307sm13","6a488051f41576d1de5dc064"
"307TR02","Ключ 3+0 - 422","6","https://nikelectric.com/product/307tr02/","https://nikelectric.eu/product/307tr02","6a487ff2f41576d1de5db608"
"307TR23","Ключ 6+0 - VCM7002L","15","https://nikelectric.com/product/307tr23/","https://nikelectric.eu/product/307tr23","6a4880a0f41576d1de5dc8fe"
"307TR31","Ключ 1+0 вкл./изкл. с кабели и сиг.лампа","5","https://nikelectric.com/product/307tr31/","https://nikelectric.eu/product/307tr31","6a48803af41576d1de5dbddc"
"307VE05","ключ фурна 5+0 - EGO 46.26866.523","1","https://nikelectric.com/product/307ve05/","https://nikelectric.eu/product/307ve05","6a487fdcf41576d1de5db3a4"
"307VE21","Ключ 9+0 - EGO 42.00001.019","2","https://nikelectric.com/product/307ve21/","https://nikelectric.eu/product/307ve21","6a48804df41576d1de5dbff8"
"308AC05OR","Уплътнение за фурна 340х420 мм","6","https://nikelectric.com/product/308ac05or/","https://nikelectric.eu/product/308ac05or","6a487f58f41576d1de5da540"
"308AC14OR","Упл. фурна BEKO - пиролиза","3","https://nikelectric.com/product/308ac14or/","https://nikelectric.eu/product/308ac14or","6a48808bf41576d1de5dc6a0"
"308AC15OR","Уплътнител за фурна BEKO с обратни куки 17х43","2","https://nikelectric.com/product/308ac15or/","https://nikelectric.eu/product/308ac15or","6a4880f5f41576d1de5dd234"
"308AE04","Упл. фурна AEG с обр. куки 31.5 x 41.5","8","https://nikelectric.com/product/308ae04/","https://nikelectric.eu/product/308ae04","6a488062f41576d1de5dc23e"
"308CU101","Уплътнител фурна","2","https://nikelectric.com/product/308cu101/","https://nikelectric.eu/product/308cu101","6a487ff8f41576d1de5db6b6"
"308CU21","Упл.фурна Тека П-обр. - 27х43.5 см","3","https://nikelectric.com/product/308cu21/","https://nikelectric.eu/product/308cu21","6a487fcff41576d1de5db21e"
"308CU24","Упл.фурна Тека  - 31х42см","2","https://nikelectric.com/product/308cu24/","https://nikelectric.eu/product/308cu24","6a487ff2f41576d1de5db5f6"
"308CU41","Упл.фурна П-обр. 365 x 220 - SILICON GASKET","1","https://nikelectric.com/product/308cu41/","https://nikelectric.eu/product/308cu41","6a488007f41576d1de5db848"
"308CY00","308CY0 - Упл.фурна","1","https://nikelectric.com/product/308cy00/","https://nikelectric.eu/product/308cy00","6a48803ef41576d1de5dbe5a"
"308VE00","Упл. фурна  - 32 x 42","2","https://nikelectric.com/product/308ve00/","https://nikelectric.eu/product/308ve00","6a4880adf41576d1de5dca60"
"308VE03","Упл. фурна П-обр. 30x34","1","https://nikelectric.com/product/308ve03/","https://nikelectric.eu/product/308ve03","6a487fe0f41576d1de5db410"
"308ZN07","Упл. фурна Електролукс - 32х38 см","13","https://nikelectric.com/product/308zn07/","https://nikelectric.eu/product/308zn07","6a4880e3f41576d1de5dd042"
"309CU105","Дюза PB 0.87 mm - M6x0.75","1","https://nikelectric.com/product/309cu105/","https://nikelectric.eu/product/309cu105","6a48800ef41576d1de5db908"
"309CU113","Дюза PB 0.75mm - M6x1 - C730022N1","55","https://nikelectric.com/product/309cu113/","https://nikelectric.eu/product/309cu113","6a487fb0f41576d1de5daeca"
"309CU115","Дюза PB 0.95mm - M6x1 - C730043P2","1","https://nikelectric.com/product/309cu115/","https://nikelectric.eu/product/309cu115","6a487fb1f41576d1de5daed0"
"309CU21","Дюзи к-т 5МВ - GPL - FORNELLII","4","https://nikelectric.com/product/309cu21/","https://nikelectric.eu/product/309cu21","6a488017f41576d1de5dba10"
"309CU26","Дюзи к-т 4МВ - METAN","20","https://nikelectric.com/product/309cu26/","https://nikelectric.eu/product/309cu26","6a488018f41576d1de5dba1c"
"309CU28","Дюзи к-т  6МВ - METAN","3","https://nikelectric.com/product/309cu28/","https://nikelectric.eu/product/309cu28","6a488018f41576d1de5dba22"
"309CU43","Дюзи к-т 6МВ GPL","2","https://nikelectric.com/product/309cu43/","https://nikelectric.eu/product/309cu43","6a48805cf41576d1de5dc19c"
"309CU68","Кран за газова печка VESTEL - игла + нипел","1","https://nikelectric.com/product/309cu68/","https://nikelectric.eu/product/309cu68","6a48804cf41576d1de5dbfda"
"309CU75","Кран за газ VESTEL - Г образен - кабел+нипел","1","https://nikelectric.com/product/309cu75/","https://nikelectric.eu/product/309cu75","6a48804df41576d1de5dbfe0"
"309CU77","Кран за газ котлон Дипломат с алум.капачка","2","https://nikelectric.com/product/309cu77/","https://nikelectric.eu/product/309cu77","6a48805ef41576d1de5dc1c0"
"309CU79","Кран за газова печка","13","https://nikelectric.com/product/309cu79/","https://nikelectric.eu/product/309cu79","6a488061f41576d1de5dc214"
"310CU39","Електрод газ + запалка","1","https://nikelectric.com/product/310cu39/","https://nikelectric.eu/product/310cu39","6a48809df41576d1de5dc89e"
"311CU03","Горелки к-т Нарди","1","https://nikelectric.com/product/311cu03/","https://nikelectric.eu/product/311cu03","6a487f94f41576d1de5dabbe"
"311CU201","решетки за турски газови печки - 4 вида","1","https://nikelectric.com/product/311cu201/","https://nikelectric.eu/product/311cu201","6a487f92f41576d1de5dab88"
"311CU46","Патрон за газ - Зануси","5","https://nikelectric.com/product/311cu46/","https://nikelectric.eu/product/311cu46","6a487f92f41576d1de5dab70"
"311CU74","к-т врътки газ.печка","1","https://nikelectric.com/product/311cu74/","https://nikelectric.eu/product/311cu74","6a487f7ef41576d1de5da93c"
"312AC28OR","ТЕН Беко 1200 W в тава","3","https://nikelectric.com/product/312ac28or/","https://nikelectric.eu/product/312ac28or","6a488104f41576d1de5dd3c6"
"312BH02","ТЕН фритюрник БОШ-комплект","2","https://nikelectric.com/product/312bh02/","https://nikelectric.eu/product/312bh02","6a487fcff41576d1de5db236"
"312BH26","ТЕН Бош долен  1100W - 00470763","2","https://nikelectric.com/product/312bh26/","https://nikelectric.eu/product/312bh26","6a4880faf41576d1de5dd2c4"
"312BP05","ТЕН Бомпани 1100+1500W","1","https://nikelectric.com/product/312bp05/","https://nikelectric.eu/product/312bp05","6a48801af41576d1de5dba5e"
"312CU106","ТЕН Минифурна 40см 500W-115V - пръчка","10","https://nikelectric.com/product/312cu106/","https://nikelectric.eu/product/312cu106","6a48800bf41576d1de5db8c0"
"312CU108","ТЕН Минифурна 45см 500W-115V - пръчка- планка","6","https://nikelectric.com/product/312cu108/","https://nikelectric.eu/product/312cu108","6a48800bf41576d1de5db8c6"
"312CU176","ТЕН НЕО СИМФЕР - 800W","3","https://nikelectric.com/product/312cu176/","https://nikelectric.eu/product/312cu176","6a4880a8f41576d1de5dc9c4"
"312CU206","ТЕН Чайка 350 W","1","https://nikelectric.com/product/312cu206/","https://nikelectric.eu/product/312cu206","6a487f58f41576d1de5da546"
"312CU218","ТЕН 900W - 110V /25/","2","https://nikelectric.com/product/312cu218/","https://nikelectric.eu/product/312cu218","6a487f59f41576d1de5da54c"
"312CU222","ТЕН тостер 1000W-110V /28/","1","https://nikelectric.com/product/312cu222/","https://nikelectric.eu/product/312cu222","6a487f59f41576d1de5da552"
"312CU223","ТЕН тостер 900W-110V /24/","1","https://nikelectric.com/product/312cu223/","https://nikelectric.eu/product/312cu223","6a487f59f41576d1de5da558"
"312CU224","ТЕН тостер 650W-220V /27/","2","https://nikelectric.com/product/312cu224/","https://nikelectric.eu/product/312cu224","6a487f59f41576d1de5da55e"
"312CU233","ТЕН  1100W - долен","1","https://nikelectric.com/product/312cu233/","https://nikelectric.eu/product/312cu233","6a487f59f41576d1de5da564"
"312CU265","ТЕН конелиано - 800W","2","https://nikelectric.com/product/312cu265/","https://nikelectric.eu/product/312cu265","6a487fd6f41576d1de5db2e4"
"312CU267","ТЕН Санг 1100 W","1","https://nikelectric.com/product/312cu267/","https://nikelectric.eu/product/312cu267","6a487fd8f41576d1de5db320"
"312CU279OR","Нагревател микровълнова фурна 400 W  230V","14","https://nikelectric.com/product/312cu279or/","https://nikelectric.eu/product/312cu279or","6a488058f41576d1de5dc11e"
"312CU300","ТЕН тостер","2","https://nikelectric.com/product/312cu300/","https://nikelectric.eu/product/312cu300","6a487ffff41576d1de5db76a"
"312CU307","ТЕН Фиба с планка 650 W","1","https://nikelectric.com/product/312cu307/","https://nikelectric.eu/product/312cu307","6a488054f41576d1de5dc0be"
"312CU308","ТЕН Фиба с планка 450 W","1","https://nikelectric.com/product/312cu308/","https://nikelectric.eu/product/312cu308","6a488055f41576d1de5dc0c4"
"312CU312","TEH фурна 1000W с планки","1","https://nikelectric.com/product/312cu312/","https://nikelectric.eu/product/312cu312","6a4880adf41576d1de5dca4e"
"312CU313","ТЕН фурна - 1000W","2","https://nikelectric.com/product/312cu313/","https://nikelectric.eu/product/312cu313","6a4880adf41576d1de5dca54"
"312CU314","ТЕН фурна - 1000W","3","https://nikelectric.com/product/312cu314/","https://nikelectric.eu/product/312cu314","6a4880adf41576d1de5dca5a"
"312CY06OR","Кръгъл нагревател за Канди 2200 W","7","https://nikelectric.com/product/312cy06or/","https://nikelectric.eu/product/312cy06or","6a4880e1f41576d1de5dd00c"
"312GR09","ТЕН вент. Горение 2200W","4","https://nikelectric.com/product/312gr09/","https://nikelectric.eu/product/312gr09","6a487f5af41576d1de5da570"
"312GR10","ТЕН вент. Горение 2500W - 318349","1","https://nikelectric.com/product/312gr10/","https://nikelectric.eu/product/312gr10","6a487fadf41576d1de5dae64"
"312GR36","ТЕН Горение 1100W  - задна планка - 400269","1","https://nikelectric.com/product/312gr36/","https://nikelectric.eu/product/312gr36","6a4880fff41576d1de5dd33c"
"312NE17","ТЕН НЕО горен рамка - 1000W - стр.планка","1","https://nikelectric.com/product/312ne17/","https://nikelectric.eu/product/312ne17","6a488060f41576d1de5dc20e"
"312NE19","ТЕН НЕО - 800 W","2","https://nikelectric.com/product/312ne19/","https://nikelectric.eu/product/312ne19","6a4880daf41576d1de5dcf34"
"312NE21","ТЕН НЕО - 1150W - стр.планка","1","https://nikelectric.com/product/312ne21/","https://nikelectric.eu/product/312ne21","6a4880daf41576d1de5dcf40"
"312NE22","ТЕН НЕО горен - 1000+1800W","2","https://nikelectric.com/product/312ne22/","https://nikelectric.eu/product/312ne22","6a4880daf41576d1de5dcf46"
"312SU03","ТЕН вент. Самсунг  - 1200W - Ф150мм","5","https://nikelectric.com/product/312su03/","https://nikelectric.eu/product/312su03","6a48800df41576d1de5db8f6"
"312ZN04","ТЕН Зануси горен 1200/1800W","1","https://nikelectric.com/product/312zn04/","https://nikelectric.eu/product/312zn04","6a487f5af41576d1de5da576"
"312ZN11","ТЕН AEG  2900W - AEG","2","https://nikelectric.com/product/312zn11/","https://nikelectric.eu/product/312zn11","6a487fdef41576d1de5db3d4"
"312ZN14","ТЕН долен 1000W","2","https://nikelectric.com/product/312zn14/","https://nikelectric.eu/product/312zn14","6a487fdef41576d1de5db3da"
"312ZN16","ТЕН Електролукс 850W долен дълга планка","1","https://nikelectric.com/product/312zn16/","https://nikelectric.eu/product/312zn16","6a487fe0f41576d1de5db404"
"312ZN26OR","Горен нагревател за готварска печка 1000+900W","3","https://nikelectric.com/product/312zn26or/","https://nikelectric.eu/product/312zn26or","6a488053f41576d1de5dc08e"
"313CU10","NEO CROWN","1","http://nikelectric.com/produkt/neo-crown-2/","https://nikelectric.eu/product/neo-crown-2","69b43f10c23d34935c3afa99"
"313IG02","Стъкло за фурна - 480121101617","1","https://nikelectric.com/product/313ig02/","https://nikelectric.eu/product/313ig02","6a48803ef41576d1de5dbe48"
"315TG20","Турбина 180х60 - дясна - 485509930005","4","https://nikelectric.com/product/315tg20/","https://nikelectric.eu/product/315tg20","6a487ff2f41576d1de5db602"
"316AC10","Врътка котл. 6+0 - странична 150951407","1","https://nikelectric.com/product/316ac10/","https://nikelectric.eu/product/316ac10","6a487f7bf41576d1de5da900"
"316AC11","Врътка  Беко за термостат","1","https://nikelectric.com/product/316ac11/","https://nikelectric.eu/product/316ac11","6a487f7cf41576d1de5da90c"
"316AC30","Врътка  - обратна","29","https://nikelectric.com/product/316ac30/","https://nikelectric.eu/product/316ac30","6a4880b8f41576d1de5dcb92"
"316AC39","BEKO SANG BLOMBERG","20","https://nikelectric.com/product/beko-sang-blomberg-348/","https://nikelectric.eu/product/beko-sang-blomberg-348","69b44634c23d34935c3bc860"
"316AC49","Врътка Беко 6+0 - 250316279","4","https://nikelectric.com/product/316ac49/","https://nikelectric.eu/product/316ac49","6a4880d6f41576d1de5dceda"
"316AC51","Врътка фурна BEKO 5+0","3","https://nikelectric.com/product/316ac51/","https://nikelectric.eu/product/316ac51","6a4880d9f41576d1de5dcf1c"
"316AC52","Врътка за газ BEKO","1","https://nikelectric.com/product/316ac52/","https://nikelectric.eu/product/316ac52","6a4880d9f41576d1de5dcf22"
"316AC53","Врътка за газ+грил  BEKO","1","https://nikelectric.com/product/316ac53/","https://nikelectric.eu/product/316ac53","6a4880d9f41576d1de5dcf28"
"316AC54","Врътка за котлон BEKO  6+0","16","https://nikelectric.com/product/316ac54/","https://nikelectric.eu/product/316ac54","6a4880d9f41576d1de5dcf2e"
"316AE00","врътка - натиск","1","https://nikelectric.com/product/316ae00/","https://nikelectric.eu/product/316ae00","6a487fdbf41576d1de5db380"
"316AE02","врътка фурна 9+0 - натиск","1","https://nikelectric.com/product/316ae02/","https://nikelectric.eu/product/316ae02","6a487fdbf41576d1de5db386"
"316AE03","врътка инокс - натиск","2","https://nikelectric.com/product/316ae03/","https://nikelectric.eu/product/316ae03","6a487fdcf41576d1de5db38c"
"316C35","316AC35 - Врътка Беко т-т 0-250 С - пуш бутон - 250400262","1","https://nikelectric.com/product/316c35/","https://nikelectric.eu/product/316c35","6a4880c4f41576d1de5dccdc"
"316CU04","Врътка 4 + 0 - бяла","10","https://nikelectric.com/product/316cu04/","https://nikelectric.eu/product/316cu04","6a487f7bf41576d1de5da8e8"
"316CU06","Врътка фурна - бяла","2","https://nikelectric.com/product/316cu06/","https://nikelectric.eu/product/316cu06","6a487f7bf41576d1de5da8ee"
"316CU10","Врътка малка - бяла 0-4","3","https://nikelectric.com/product/316cu10/","https://nikelectric.eu/product/316cu10","6a487ff7f41576d1de5db68c"
"316CU107","врътка газ бяла - Турска","4","https://nikelectric.com/product/316cu107/","https://nikelectric.eu/product/316cu107","6a487faaf41576d1de5dae1c"
"316CU31","Врътка бяла странична с черно Ф8 газ  - дълга ос 10мм.","8","https://nikelectric.com/product/316cu31/","https://nikelectric.eu/product/316cu31","6a48802df41576d1de5dbc68"
"316CU500","врътка малка","2","https://nikelectric.com/product/316cu500/","https://nikelectric.eu/product/316cu500","6a487fecf41576d1de5db554"
"316CU503","Врътка за Елит NEO CROWN - странична засечка","3","https://nikelectric.com/product/316cu503/","https://nikelectric.eu/product/316cu503","6a488006f41576d1de5db836"
"316CU504","врътка таймер  - равна","9","https://nikelectric.com/product/316cu504/","https://nikelectric.eu/product/316cu504","6a487fedf41576d1de5db578"
"316CU505","врътка таймер дълбока - МАЛКА ВЪЛНА","11","https://nikelectric.com/product/316cu505/","https://nikelectric.eu/product/316cu505","6a487fedf41576d1de5db57e"
"316CU506","Врътка черна - малка","13","https://nikelectric.com/product/316cu506/","https://nikelectric.eu/product/316cu506","6a487f79f41576d1de5da8ca"
"316CU507","Врътка фурна Привилег обратна  - бяла","4","https://nikelectric.com/product/316cu507/","https://nikelectric.eu/product/316cu507","6a487fcaf41576d1de5db194"
"316CU508","Врътка фурна Привилег обратна  - кафява","4","https://nikelectric.com/product/316cu508/","https://nikelectric.eu/product/316cu508","6a487fcaf41576d1de5db19a"
"316CU509","врътка таймер дълга ос - черна","8","https://nikelectric.com/product/316cu509/","https://nikelectric.eu/product/316cu509","6a488006f41576d1de5db83c"
"316CU511","врътка ARISTON - разни","10","https://nikelectric.com/product/316cu511/","https://nikelectric.eu/product/316cu511","6a48800cf41576d1de5db8e4"
"316MC01","Врътка 6+0 такта дясно","9","https://nikelectric.com/product/316mc01/","https://nikelectric.eu/product/316mc01","6a487f7ef41576d1de5da942"
"316MC02","Врътка газ","7","https://nikelectric.com/product/316mc02/","https://nikelectric.eu/product/316mc02","6a487f7ef41576d1de5da948"
"316NE01","врътка инокс за таймер мини фурна","4","https://nikelectric.com/product/316ne01/","https://nikelectric.eu/product/316ne01","6a487feef41576d1de5db58a"
"316NE02","врътка инокс  мини фурна НЕО OV-45B/W","1","https://nikelectric.com/product/316ne02/","https://nikelectric.eu/product/316ne02","6a487feef41576d1de5db590"
"316VE00","врътка за Краун - 2 части","2","https://nikelectric.com/product/316ve00/","https://nikelectric.eu/product/316ve00","6a487f7cf41576d1de5da906"
"316VE10","врътка котлон 6+0 - пружина","2","https://nikelectric.com/product/316ve10/","https://nikelectric.eu/product/316ve10","6a487fdcf41576d1de5db392"
"316ZN02","връткa фурна 8+0 - дълбока 13мм","2","https://nikelectric.com/product/316zn02/","https://nikelectric.eu/product/316zn02","6a487fdbf41576d1de5db374"
"316ZN03","връткa таймер 120 мин - дълбока 13мм","1","https://nikelectric.com/product/316zn03/","https://nikelectric.eu/product/316zn03","6a487fdbf41576d1de5db37a"
"316ZN04","врътка кер котлон - равна","1","https://nikelectric.com/product/316zn04/","https://nikelectric.eu/product/316zn04","6a487fdcf41576d1de5db398"
"320CU520","панти за фурна","3","https://nikelectric.com/product/320cu520/","https://nikelectric.eu/product/320cu520","6a487ff9f41576d1de5db6c8"
"320CW01","Панта фурна CROWN -60x60","12","https://nikelectric.com/product/320cw01/","https://nikelectric.eu/product/320cw01","6a488026f41576d1de5dbba8"
"320ED02","ОС ЗА ПРУЖИНА","31","http://nikelectric.com/produkt/diplomat-22/","https://nikelectric.eu/product/diplomat-22","69b44116c23d34935c3b38c3"
"320LG05","Панти фурна","1","https://nikelectric.com/product/320lg05/","https://nikelectric.eu/product/320lg05","6a48803bf41576d1de5dbdfa"
"320LG06","Панти фурна","1","https://nikelectric.com/product/320lg06/","https://nikelectric.eu/product/320lg06","6a48803bf41576d1de5dbe00"
"320MA01","Панта фурна Мидея","9","https://nikelectric.com/product/320ma01/","https://nikelectric.eu/product/320ma01","6a48800cf41576d1de5db8cc"
"320VE03","Панта фурна - 20-25-49-003","6","https://nikelectric.com/product/320ve03/","https://nikelectric.eu/product/320ve03","6a48802ff41576d1de5dbca4"
"321AC08","BEKO SANG","3","https://nikelectric.com/product/beko-sang-32/","https://nikelectric.eu/product/beko-sang-32","69b4431cc23d34935c3b724c"
"321AC11","BEKO SANG","1","https://nikelectric.com/product/beko-sang-20/","https://nikelectric.eu/product/beko-sang-20","69b44539c23d34935c3bac83"
"322CU19","ТРМ минифурна 180 C NEO CROWN ELITE","3","https://nikelectric.com/product/322cu19/","https://nikelectric.eu/product/322cu19","6a488018f41576d1de5dba28"
"322CU22","ТРМ 50 - 263C - Смег  - 818730401","1","https://nikelectric.com/product/322cu22/","https://nikelectric.eu/product/322cu22","6a488029f41576d1de5dbc02"
"322IG01OR","Селектор за температура на фурна WHIRLPOOL","3","https://nikelectric.com/product/322ig01or/","https://nikelectric.eu/product/322ig01or","6a4880fcf41576d1de5dd2f4"
"323CU03","ТРМ FIKO 3P 0-40 C","1","https://nikelectric.com/product/323cu03/","https://nikelectric.eu/product/323cu03","6a487fc9f41576d1de5db188"
"324CU12","Таймер 15 минути  - с  прорез","1","https://nikelectric.com/product/324cu12/","https://nikelectric.eu/product/324cu12","6a48801cf41576d1de5dba88"
"324GR00","Таймер печка Горение -  ключ","2","https://nikelectric.com/product/324gr00/","https://nikelectric.eu/product/324gr00","6a487feef41576d1de5db59c"
"324ZN04","таймер Електролукс - 8996619278907","1","https://nikelectric.com/product/324zn04/","https://nikelectric.eu/product/324zn04","6a488032f41576d1de5dbcfe"
"325CU15","Нагревател 400 W","1","https://nikelectric.com/product/325cu15/","https://nikelectric.eu/product/325cu15","6a487f58f41576d1de5da534"
"325CU28","Реотан Изгрев за 6 канала","3","https://nikelectric.com/product/325cu28/","https://nikelectric.eu/product/325cu28","6a487f5bf41576d1de5da594"
"325CU29","Реотан Изгрев за 12 канала","5","https://nikelectric.com/product/325cu29/","https://nikelectric.eu/product/325cu29","6a487f5cf41576d1de5da59a"
"325CU42","пура инфраред - дълга","2","https://nikelectric.com/product/325cu42/","https://nikelectric.eu/product/325cu42","6a488013f41576d1de5db99e"
"325CU43","пура инфраред - къса","2","https://nikelectric.com/product/325cu43/","https://nikelectric.eu/product/325cu43","6a488013f41576d1de5db9a4"
"325CU46","КВАРЦОВ НАГРЕВАТЕЛ","1","https://nikelectric.com/product/d0bad0b2d0b0d180d186d0bed0b2-d0bdd0b0d0b3d180d0b5d0b2d0b0d182d0b5d0bb/","https://nikelectric.eu/product/d0bad0b2d0b0d180d186d0bed0b2-d0bdd0b0d0b3d180d0b5d0b2d0b0d182d0b5d0bb","69b44567c23d34935c3bb19c"
"325CU49","Нагревател конвектор ТЕСИ  - 421996","1","https://nikelectric.com/product/325cu49/","https://nikelectric.eu/product/325cu49","6a488041f41576d1de5dbea2"
"325CU55","Нагревател конвектор ТЕСИ - 1500W - 80 см","3","https://nikelectric.com/product/325cu55/","https://nikelectric.eu/product/325cu55","6a4880a3f41576d1de5dc946"
"325CU56","TESY","1","https://nikelectric.com/product/tesy-12/","https://nikelectric.eu/product/tesy-12","69b446fdc23d34935c3bdecc"
"325CU57","Нагревател конвектор ТЕСИ - 2500W - 201730","3","https://nikelectric.com/product/tesy-13/","https://nikelectric.eu/product/tesy-13","69b446fdc23d34935c3bded5"
"325CU58","TESY","3","https://nikelectric.com/product/tesy-15/","https://nikelectric.eu/product/tesy-15","69b44858c23d34935c3c02fb"
"325CU59","TESY","3","https://nikelectric.com/product/tesy-16/","https://nikelectric.eu/product/tesy-16","69b44858c23d34935c3c0304"
"325CU80","Метална планка за кварцова печка","1","https://nikelectric.com/product/325cu80/","https://nikelectric.eu/product/325cu80","6a488053f41576d1de5dc09a"
"326CU08OR","Ремък за хлебопекарна 546 мм","18","https://nikelectric.com/product/326cu08or/","https://nikelectric.eu/product/326cu08or","6a4880f8f41576d1de5dd288"
"326CU10OR","Ремък за хлебопекарна 528 мм","51","https://nikelectric.com/product/326cu10or/","https://nikelectric.eu/product/326cu10or","6a487fdff41576d1de5db3f8"
"326CU14","Вана за хлебопекарна Елит - малка","1","https://nikelectric.com/product/326cu14/","https://nikelectric.eu/product/326cu14","6a487fe0f41576d1de5db3fe"
"326CU141","Шнек месомелачка - NEO CROWN","5","https://nikelectric.com/product/326cu141/","https://nikelectric.eu/product/326cu141","6a488004f41576d1de5db7f4"
"326CU145","зъбно колело  месомел. CROWN - голямо","2","https://nikelectric.com/product/326cu145/","https://nikelectric.eu/product/326cu145","6a488009f41576d1de5db884"
"326CU147","дръжка  месомелачка с резба - NEO CROWN","11","https://nikelectric.com/product/326cu147/","https://nikelectric.eu/product/326cu147","6a488009f41576d1de5db88a"
"326CU17","Вана + бъркалка за хлебопекарна Елит, Краун -  единична","1","https://nikelectric.com/product/326cu17/","https://nikelectric.eu/product/326cu17","6a487fe2f41576d1de5db440"
"326CU177","MULER","6","https://nikelectric.com/product/muler-2/","https://nikelectric.eu/product/muler-2","69b44680c23d34935c3bd0bb"
"326CU179","зъбно колело  месомел.","5","https://nikelectric.com/product/326cu179/","https://nikelectric.eu/product/326cu179","6a4880e2f41576d1de5dd02a"
"326CU23","Мотор JC-50A за хлебопекарна Елит","1","https://nikelectric.com/product/326cu23/","https://nikelectric.eu/product/326cu23","6a487fecf41576d1de5db54e"
"326CU48","Ремък за хлебопекарна 588 мм","4","https://nikelectric.com/product/326cu48/","https://nikelectric.eu/product/326cu48","6a48801bf41576d1de5dba82"
"326CU49","Мотор за хлебопекарна Елит,Краун - XB8635-L 100W","1","https://nikelectric.com/product/326cu49/","https://nikelectric.eu/product/326cu49","6a488020f41576d1de5dbafa"
"326CU54","Мотор за хлебопекарна - BOM-ZDM-15A","3","https://nikelectric.com/product/326cu54/","https://nikelectric.eu/product/326cu54","6a48803ef41576d1de5dbe54"
"327LG18","кран машина за вода- нипел мъжки - син","8","https://nikelectric.com/product/327lg18/","https://nikelectric.eu/product/327lg18","6a487febf41576d1de5db530"
"327LG35","Ключ вент.печка 3+0 безконечен 2-3 контакта","1","https://nikelectric.com/product/327lg35/","https://nikelectric.eu/product/327lg35","6a487fc2f41576d1de5db0bc"
"327LG36","Ключ вент.печка термостат+3полож. 2-3 контакта","3","https://nikelectric.com/product/327lg36/","https://nikelectric.eu/product/327lg36","6a487fc2f41576d1de5db0c2"
"327LG40","модул вент.+нагревател к-т за керамична печка","3","https://nikelectric.com/product/327lg40/","https://nikelectric.eu/product/327lg40","6a48800af41576d1de5db896"
"327LG42","Ключ вентилаторна печка 2+2 кр. 3 положения","5","https://nikelectric.com/product/327lg42/","https://nikelectric.eu/product/327lg42","6a48800af41576d1de5db8a2"
"327LG46","Ключ вент.печка 3+0 три контакта","22","https://nikelectric.com/product/327lg46/","https://nikelectric.eu/product/327lg46","6a487f8bf41576d1de5daab6"
"327LG50","Мотор вентил. печка","3","https://nikelectric.com/product/327lg50/","https://nikelectric.eu/product/327lg50","6a488087f41576d1de5dc646"
"327LG81","КРАН","12","https://nikelectric.com/product/d0bad180d0b0d0bd-31/","https://nikelectric.eu/product/d0bad180d0b0d0bd-31","69b4476ec23d34935c3bea1f"
"327LG90","Възвратен клапан","10","https://nikelectric.com/product/327lg90/","https://nikelectric.eu/product/327lg90","6a4880e4f41576d1de5dd060"
"413LG01","челен упл. Н-13","1","https://nikelectric.com/product/413lg01/","https://nikelectric.eu/product/413lg01","6a487f68f41576d1de5da6de"
"413LG03","челен упл. Н-15","1","https://nikelectric.com/product/413lg03/","https://nikelectric.eu/product/413lg03","6a487f68f41576d1de5da6ea"
"420RG02","Втулка Рига малка","2","https://nikelectric.com/product/420rg02/","https://nikelectric.eu/product/420rg02","6a487f95f41576d1de5dabd6"
"420RG03","Перка Рига","1","https://nikelectric.com/product/420rg03/","https://nikelectric.eu/product/420rg03","6a487f95f41576d1de5dabdc"
"420RG04","Турбина Рига","1","https://nikelectric.com/product/420rg04/","https://nikelectric.eu/product/420rg04","6a487f96f41576d1de5dabe2"
"420RG05","Решетка за Рига","1","https://nikelectric.com/product/420rg05/","https://nikelectric.eu/product/420rg05","6a487f96f41576d1de5dabee"
"420RG06","Болт за корпус Рига","4","https://nikelectric.com/product/420rg06/","https://nikelectric.eu/product/420rg06","6a487f96f41576d1de5dabe8"
"500FC135","филтър алум.  248 x 312 мм - C00058073","1","https://nikelectric.com/product/500fc135/","https://nikelectric.eu/product/500fc135","6a4880b8f41576d1de5dcb86"
"500FC136","филтър алум.  267 x 305 мм - C00280008","1","https://nikelectric.com/product/500fc136/","https://nikelectric.eu/product/500fc136","6a4880b8f41576d1de5dcb8c"
"500FC157","филтър алум.  312 x 224 мм","2","https://nikelectric.com/product/500fc157/","https://nikelectric.eu/product/500fc157","6a4880cbf41576d1de5dcd9c"
"500FC80","Карб.филтър - Ф174mm/H37mm - DAVOLINE","5","https://nikelectric.com/product/500fc80/","https://nikelectric.eu/product/500fc80","6a488028f41576d1de5dbbd8"
"501FC10","ТУРБИНА","2","https://nikelectric.com/product/d182d183d180d0b1d0b8d0bdd0b0-16/","https://nikelectric.eu/product/d182d183d180d0b1d0b8d0bdd0b0-16","69b447cac23d34935c3bf404"
"501FC31","Мотор аспиратор - Елит","1","https://nikelectric.com/product/501fc31/","https://nikelectric.eu/product/501fc31","6a487fd1f41576d1de5db266"
"501FC34","Мотор аспиратор - турбина охлюв","3","https://nikelectric.com/product/501fc34/","https://nikelectric.eu/product/501fc34","6a487fcdf41576d1de5db1f4"
"501FC40","Клавишен блок аспиратор","2","https://nikelectric.com/product/501fc40/","https://nikelectric.eu/product/501fc40","6a487f8df41576d1de5daae6"
"501FC43","Мотор аспиратор FIME 160 W - турбина","1","https://nikelectric.com/product/501fc43/","https://nikelectric.eu/product/501fc43","6a488027f41576d1de5dbbd2"
"501FC48","мотор турбина аспиратор 2 скорости к-т - черен","7","https://nikelectric.com/product/501fc48/","https://nikelectric.eu/product/501fc48","6a488026f41576d1de5dbbb4"
"501FC49","мотор турбина аспиратор 2 скорости к-т - черен+бяла турбина","4","https://nikelectric.com/product/501fc49/","https://nikelectric.eu/product/501fc49","6a488026f41576d1de5dbbba"
"501FC66","Мотор аспиратор  - НЕ","4","https://nikelectric.com/product/501fc66/","https://nikelectric.eu/product/501fc66","6a4880dff41576d1de5dcfd6"
"502BH01","Стъклен капак за крушка","10","https://nikelectric.com/product/502bh01/","https://nikelectric.eu/product/502bh01","6a488106f41576d1de5dd3fc"
"502FC17","Фасунги аспиратор 2 бр.","1","https://nikelectric.com/product/502fc17/","https://nikelectric.eu/product/502fc17","6a488024f41576d1de5dbb72"
"600EG10OR","Рейка заключваща микровеле LG","6","https://nikelectric.com/product/600eg10or/","https://nikelectric.eu/product/600eg10or","6a4880f9f41576d1de5dd2a0"
"600MD124","Врътка микровълнова Елит - черна","1","https://nikelectric.com/product/600md124/","https://nikelectric.eu/product/600md124","6a488000f41576d1de5db788"
"600MD128","Захр.модул - DNV-0818A","1","https://nikelectric.com/product/600md128/","https://nikelectric.eu/product/600md128","6a488020f41576d1de5dbb12"
"600MD132","UNIVERSAL","5","https://nikelectric.com/product/universal-248/","https://nikelectric.eu/product/universal-248","69b44799c23d34935c3beec5"
"600MD135","TIMER MICROWELE - VF30M100IITG - SH","3","https://nikelectric.com/product/600md135/","https://nikelectric.eu/product/600md135","6a4880c0f41576d1de5dcc76"
"600MD137","ТАЙМЕР","1","https://nikelectric.com/product/d182d0b0d0b9d0bcd0b5d180-17/","https://nikelectric.eu/product/d182d0b0d0b9d0bcd0b5d180-17","69b445d2c23d34935c3bbd77"
"600MD44","рейка заключваща врата микровеле","2","https://nikelectric.com/product/600md44/","https://nikelectric.eu/product/600md44","6a487fbef41576d1de5db044"
"600MD45","Захр.блок микровълнова SAMSUNG","10","https://nikelectric.com/product/600md45/","https://nikelectric.eu/product/600md45","6a488008f41576d1de5db866"
"600MD51","Таймер Samsung 21V - DE45-00001A - TMFK35MTD1","6","https://nikelectric.com/product/600md51/","https://nikelectric.eu/product/600md51","6a487f94f41576d1de5daba6"
"600MD54","Мотор за микровълнова - 10DWC2-A07 - 20170331A","1","https://nikelectric.com/product/600md54/","https://nikelectric.eu/product/600md54","6a4880ecf41576d1de5dd12c"
"600MD55","мотор ледогенератор","7","https://nikelectric.com/product/600md55/","https://nikelectric.eu/product/600md55","6a4880f6f41576d1de5dd240"
"600MD65","Вис. предпаз.0.55А - MW","23","https://nikelectric.com/product/600md65/","https://nikelectric.eu/product/600md65","6a487f93f41576d1de5dab94"
"600PA02","Магнетрон 2M210-M1G - PANASONIC - orig.","1","https://nikelectric.com/product/600pa02/","https://nikelectric.eu/product/600pa02","6a487f93f41576d1de5dab9a"
"601MD17","Чиния за микровълнова фурна  284 мм","2","https://nikelectric.com/product/601md17/","https://nikelectric.eu/product/601md17","6a488061f41576d1de5dc21a"
"601MD30","Чиния MWO","6","https://nikelectric.com/product/601md30/","https://nikelectric.eu/product/601md30","6a4880aef41576d1de5dca7e"
"602BH01OR","Кварцов нагревател MWO  500W  115V   L=25.5cm","12","https://nikelectric.com/product/--mwo--500w--115v---l255cm/","https://nikelectric.eu/product/--mwo--500w--115v---l255cm","6a3f0a0163ce2a8468e56f1d"
"602IG01","Панел бордови за MW - 482000098819","1","https://nikelectric.com/product/602ig01/","https://nikelectric.eu/product/602ig01","6a488037f41576d1de5dbd88"
"602MD19","Ролер LP 00114 - 270mm","1","https://nikelectric.com/product/602md19/","https://nikelectric.eu/product/602md19","6a487f94f41576d1de5dabb2"
"602MD30","Ролер SHS 0018 - 250 mm","2","https://nikelectric.com/product/602md30/","https://nikelectric.eu/product/602md30","6a487fd2f41576d1de5db278"
"602MD31","Ролер SHS 0226  - 210 mm","2","https://nikelectric.com/product/602md31/","https://nikelectric.eu/product/602md31","6a487fd2f41576d1de5db27e"
"602MD34","Водач MWO","2","https://nikelectric.com/product/602md34/","https://nikelectric.eu/product/602md34","6a488031f41576d1de5dbcda"
"602MD47","Платка микровълнова - 482000014639","1","https://nikelectric.com/product/602md47/","https://nikelectric.eu/product/602md47","6a488089f41576d1de5dc664"
"602MD57","трансформатор - JHT-R800","1","https://nikelectric.com/product/602md57/","https://nikelectric.eu/product/602md57","6a4880bef41576d1de5dcc40"
"710LG21","Пулигранд за мелачка 15 гр","7","https://nikelectric.com/product/710lg21/","https://nikelectric.eu/product/710lg21","6a487fccf41576d1de5db1dc"
"800PE119","четка Ф32 колелца","3","https://nikelectric.com/product/800pe119/","https://nikelectric.eu/product/800pe119","6a487f73f41576d1de5da81c"
"800PE121","Четка под турбо BD2000G","1","https://nikelectric.com/product/800pe121/","https://nikelectric.eu/product/800pe121","6a487f73f41576d1de5da810"
"800PE127","Четка под BEKO Ф 32","2","https://nikelectric.com/product/800pe127/","https://nikelectric.eu/product/800pe127","6a48801df41576d1de5dbab8"
"800PE130","Четка правоъгълна Ф31 с конски косъм","9","https://nikelectric.com/product/800pe130/","https://nikelectric.eu/product/800pe130","6a488021f41576d1de5dbb1e"
"800PE152","Ръкохв.прахосм.Ф32","7","https://nikelectric.com/product/800pe152/","https://nikelectric.eu/product/800pe152","6a4880b7f41576d1de5dcb7a"
"800PE162","РЪКОХВАТКА Ф35","3","https://nikelectric.com/product/d180d18ad0bad0bed185d0b2d0b0d182d0bad0b0-d18435-2/","https://nikelectric.eu/product/d180d18ad0bad0bed185d0b2d0b0d182d0bad0b0-d18435-2","69b447f7c23d34935c3bf8cb"
"800PE31","BEKO ZELMER","5","https://nikelectric.com/product/beko-zelmer/","https://nikelectric.eu/product/beko-zelmer","69b44795c23d34935c3bee59"
"800ZL05","капак за филтър Cobra 2000 - 2000.0071","1","https://nikelectric.com/product/800zl05/","https://nikelectric.eu/product/800zl05","6a487ffdf41576d1de5db740"
"801PE03","М-ч прахосм. универсален Ф30 - 38","1","https://nikelectric.com/product/801pe03/","https://nikelectric.eu/product/801pe03","6a488036f41576d1de5dbd70"
"801PE32","BEKO SANG BLOMBERG","1","https://nikelectric.com/product/beko-sang-blomberg-227/","https://nikelectric.eu/product/beko-sang-blomberg-227","69b44436c23d34935c3b9192"
"801ZL01OR","Маркуч за прахосмукачка Zelmer Cobra","3","https://nikelectric.com/product/801zl01or/","https://nikelectric.eu/product/801zl01or","6a488090f41576d1de5dc72a"
"802PE24","Мотор прахосмукачка 1200 W","8","https://nikelectric.com/product/802pe24/","https://nikelectric.eu/product/802pe24","6a4880f6f41576d1de5dd252"
"802PE315","Четкодържатели к-т прах.  - 6x10x32","15","https://nikelectric.com/product/802pe315/","https://nikelectric.eu/product/802pe315","6a4880f3f41576d1de5dd1ec"
"802PE36","Мотор прах.- ML22160B","1","https://nikelectric.com/product/802pe36/","https://nikelectric.eu/product/802pe36","6a487fccf41576d1de5db1d6"
"802PE39","Мотор прах. ZXC29","1","https://nikelectric.com/product/802pe39/","https://nikelectric.eu/product/802pe39","6a487fb0f41576d1de5daebe"
"802PE44","Мотор прахосмукачка - 1400W","7","https://nikelectric.com/product/802pe44/","https://nikelectric.eu/product/802pe44","6a487f74f41576d1de5da828"
"802PE67","Мотор прах.420W - HX-84ZC - борд","2","https://nikelectric.com/product/802pe67/","https://nikelectric.eu/product/802pe67","6a488020f41576d1de5dbb06"
"802PE68","Мотор прах.800W - DH-15-08 AL - борд","1","https://nikelectric.com/product/802pe68/","https://nikelectric.eu/product/802pe68","6a488020f41576d1de5dbb0c"
"802PE92","Мотор прах. Самсунг - DJ31-30114G","4","https://nikelectric.com/product/802pe92/","https://nikelectric.eu/product/802pe92","6a4880bff41576d1de5dcc46"
"802PE94","Мотор прах. ETA тип 0986.30","1","https://nikelectric.com/product/802pe94/","https://nikelectric.eu/product/802pe94","6a487fd7f41576d1de5db308"
"803EL05","ELIT NEO CROWN - Хепа филтър кръгъл","2","https://nikelectric.com/product/803el05/","https://nikelectric.eu/product/803el05","6a488008f41576d1de5db872"
"803PE506","T 272 торби Zelmer","2","https://nikelectric.com/product/803pe506/","https://nikelectric.eu/product/803pe506","6a488002f41576d1de5db7ca"
"803PE512","Торба постоянна - 10 х11 см","9","https://nikelectric.com/product/803pe512/","https://nikelectric.eu/product/803pe512","6a48800ff41576d1de5db92c"
"803PE513","Торбичка Беко - 9178010701","5","https://nikelectric.com/product/803pe513/","https://nikelectric.eu/product/803pe513","6a488027f41576d1de5dbbc6"
"803PE524OR","Торби за прахосмукачка ELECTROLUX 5+1","5","https://nikelectric.com/product/803pe524or/","https://nikelectric.eu/product/803pe524or","6a488097f41576d1de5dc7f6"
"803PE804","T603 торби Самсунг - използва се","3","https://nikelectric.com/product/803pe804/","https://nikelectric.eu/product/803pe804","6a4880fbf41576d1de5dd2e2"
"803PH06","PHILIPS филтър MICRO - FC8030-EF17","1","https://nikelectric.com/product/803ph06/","https://nikelectric.eu/product/803ph06","6a487fc0f41576d1de5db086"
"803PH10","PHILIPS филтър - 432200493471","1","https://nikelectric.com/product/803ph10/","https://nikelectric.eu/product/803ph10","6a487ffcf41576d1de5db71c"
"803SU04","Хепа филтър за прахосмукачка SAMSUNG","1","https://nikelectric.com/product/803su04/","https://nikelectric.eu/product/803su04","6a487facf41576d1de5dae46"
"803SU05","Хепа филтър за прахосмукачка SAMSUNG","1","https://nikelectric.com/product/803su05/","https://nikelectric.eu/product/803su05","6a487facf41576d1de5dae4c"
"803SU13","SAMSUNG  Хепа филтър","7","https://nikelectric.com/product/803su13/","https://nikelectric.eu/product/803su13","6a487fe9f41576d1de5db500"
"803SU21","SAMSUNG  хепа филтър  - DJ97-01670B","5","https://nikelectric.com/product/803su21/","https://nikelectric.eu/product/803su21","6a488039f41576d1de5dbdca"
"803TR03","TAURUS","1","https://nikelectric.com/product/taurus-11/","https://nikelectric.eu/product/taurus-11","69b44416c23d34935c3b8e3c"
"803TR04","TAURUS Хепа филтър","1","https://nikelectric.com/product/803tr04/","https://nikelectric.eu/product/803tr04","6a48801ff41576d1de5dbae8"
"803TR05","TAURUS","3","https://nikelectric.com/product/taurus-10/","https://nikelectric.eu/product/taurus-10","69b44416c23d34935c3b8e33"
"803TR07","TAURUS Контейнер с Хепа филтър","2","https://nikelectric.com/product/803tr07/","https://nikelectric.eu/product/803tr07","6a48801ff41576d1de5dbaee"
"803VW01","VORWERK Хепа филтър - 130-131","2","https://nikelectric.com/product/803vw01/","https://nikelectric.eu/product/803vw01","6a487fc1f41576d1de5db098"
"803VW02","VORWERK Хепа филтър - 135","2","https://nikelectric.com/product/803vw02/","https://nikelectric.eu/product/803vw02","6a487fc1f41576d1de5db09e"
"803ZL12A","микрофилтър - 52 800.0015 - 140х50мм","4","https://nikelectric.com/product/803zl12a/","https://nikelectric.eu/product/803zl12a","6a487ff1f41576d1de5db5e4"
"803ZN08OR","ZANUSSI AEG Хепа филтър - 50297034006 - 9001959494","23","https://nikelectric.com/product/803zn08or/","https://nikelectric.eu/product/803zn08or","6a48801df41576d1de5dbaac"
"804PE02","НАКРАЙНИК","4","http://nikelectric.com/produkt/%d0%bd%d0%b0%d0%ba%d1%80%d0%b0%d0%b9%d0%bd%d0%b8%d0%ba-3/","https://nikelectric.eu/product/d0bdd0b0d0bad180d0b0d0b9d0bdd0b8d0ba-3","69b43f5ec23d34935c3b0401"
"806PE107","Гр.четка 5х25 с 2 каб.искрогас. - индустриални","12","https://nikelectric.com/product/806pe107/","https://nikelectric.eu/product/806pe107","6a487f7df41576d1de5da91e"
"806PE11","Ключ Борм. Capax реверс - малка пъпка","1","https://nikelectric.com/product/806pe11/","https://nikelectric.eu/product/806pe11","6a487f76f41576d1de5da86a"
"806PE121","Гр.четка 6.3х12.5х22   с два кабела","160","https://nikelectric.com/product/806pe121/","https://nikelectric.eu/product/806pe121","6a487f76f41576d1de5da864"
"806PE140","Гр.четка 6х16х23 - 5-30-24-025 - БОШ","5","https://nikelectric.com/product/806pe140/","https://nikelectric.eu/product/806pe140","6a487f79f41576d1de5da8be"
"806PE145","Гр.четка 6х9х12 - Макита HR 2410","2","https://nikelectric.com/product/806pe145/","https://nikelectric.eu/product/806pe145","6a487f76f41576d1de5da85e"
"806PE157","7x10x13.5","17","https://nikelectric.com/product/7x10x13-5/","https://nikelectric.eu/product/7x10x13-5","69b44846c23d34935c3c0115"
"806PE162","Гр.четка 5х8х15 - BUR 162 - оригинален","1","https://nikelectric.com/product/806pe162/","https://nikelectric.eu/product/806pe162","6a487fbcf41576d1de5db00e"
"806PE163","Гр.четка 5х10x17 - BZ-16 - алтернативни","7","https://nikelectric.com/product/806pe163/","https://nikelectric.eu/product/806pe163","6a487f78f41576d1de5da8a0"
"806PE172","Гр.четка 8х16x26 - М2300 - алтернативни","1","https://nikelectric.com/product/806pe172/","https://nikelectric.eu/product/806pe172","6a487f77f41576d1de5da88e"
"806PE177","Гр.четка 6x8x15 - М850 н.м","3","https://nikelectric.com/product/806pe177/","https://nikelectric.eu/product/806pe177","6a487f7cf41576d1de5da912"
"806PE196","8x14,5x18","21","http://nikelectric.com/produkt/8x11x18/","https://nikelectric.eu/product/8x11x18","69b43ff3c23d34935c3b1605"
"806PE21","Ключ бормашина","5","https://nikelectric.com/product/806pe21/","https://nikelectric.eu/product/806pe21","6a487fe3f41576d1de5db452"
"806PE223","Гр.четка 6х16х24 - Metabo","1","https://nikelectric.com/product/806pe223/","https://nikelectric.eu/product/806pe223","6a487fe7f41576d1de5db4ca"
"806PE234","Гр.четка 6.3х16х22 - Bosch Telli","23","https://nikelectric.com/product/806pe234/","https://nikelectric.eu/product/806pe234","6a487fe6f41576d1de5db4be"
"806PE237","Гр.четка 6.4х10х14 - Dewalt","8","https://nikelectric.com/product/806pe237/","https://nikelectric.eu/product/806pe237","6a487fe7f41576d1de5db4c4"
"806PE244","Гр.четка 7х17х22 - Hitachi","6","https://nikelectric.com/product/806pe244/","https://nikelectric.eu/product/806pe244","6a487fe7f41576d1de5db4d6"
"806PE252","Гр.четка 6.5х6.5х17.5","9","https://nikelectric.com/product/806pe252----6565175/","https://nikelectric.eu/product/806pe252----6565175","69ff2f8958138c72b910dc09"
"806PE260","806PE260","1","https://nikelectric.com/product/806pe260/","https://nikelectric.eu/product/806pe260","6a487fecf41576d1de5db560"
"806PE262","Гр.четка 6х10х13 с канал и скоба","2","https://nikelectric.com/product/806pe262/","https://nikelectric.eu/product/806pe262","6a487ff8f41576d1de5db6aa"
"806PE263","6x8x15 - пружина + скоба щипка","1","https://nikelectric.com/product/806pe263/","https://nikelectric.eu/product/806pe263","6a487ffff41576d1de5db770"
"806PE264","Гр. четки 6.5x10x32","2","https://nikelectric.com/product/806pe264/","https://nikelectric.eu/product/806pe264","6a487ffff41576d1de5db77c"
"806PE35","Ключ Борм.KAUTT&BUX -голям палец","1","https://nikelectric.com/product/806pe35/","https://nikelectric.eu/product/806pe35","6a487fd6f41576d1de5db2f6"
"806PE36","Ключ Борм.MARQUARDT - широк палец","1","https://nikelectric.com/product/806pe36/","https://nikelectric.eu/product/806pe36","6a487fd6f41576d1de5db2fc"
"806PE45","Ключ ъглошлайф DUKOS - DKS23 18A","3","https://nikelectric.com/product/806pe45/","https://nikelectric.eu/product/806pe45","6a488010f41576d1de5db93e"
"806PE517","Рамо включващо М850 и нови мод","4","https://nikelectric.com/product/806pe517/","https://nikelectric.eu/product/806pe517","6a487f76f41576d1de5da870"
"806PE519","Лагер за глава М850-0709","3","https://nikelectric.com/product/806pe519/","https://nikelectric.eu/product/806pe519","6a487f77f41576d1de5da87c"
"806PE520","Маслоуловител М850","9","https://nikelectric.com/product/806pe520/","https://nikelectric.eu/product/806pe520","6a487f78f41576d1de5da8ac"
"806PE522","Маслоуловител М2300","4","https://nikelectric.com/product/806pe522/","https://nikelectric.eu/product/806pe522","6a487f78f41576d1de5da8a6"
"806PE532","Ръкохватка за бормашина к-т","10","https://nikelectric.com/product/806pe532/","https://nikelectric.eu/product/806pe532","6a487f79f41576d1de5da8c4"
"806PE536","Четкодържатели разни - китайски","2","https://nikelectric.com/product/806pe536/","https://nikelectric.eu/product/806pe536","6a487ff9f41576d1de5db6ce"
"806PE61","Ключ флекс","10","https://nikelectric.com/product/806pe61/","https://nikelectric.eu/product/806pe61","6a487f7df41576d1de5da930"
"806PE65","Ключ ъглошлайф  КД 24  - CN","11","https://nikelectric.com/product/806pe65/","https://nikelectric.eu/product/806pe65","6a487fb2f41576d1de5daf00"
"806PE81","Ключ ъглошлайф FA2-5/1W - Райдер","4","https://nikelectric.com/product/806pe81/","https://nikelectric.eu/product/806pe81","6a487febf41576d1de5db536"
"806PE91","Ключ перфоратор  GBH 2-24 -  4A - Бош","2","https://nikelectric.com/product/806pe91/","https://nikelectric.eu/product/806pe91","6a487f78f41576d1de5da894"
"806PE92","Ключ перфоратор GBH 4 -  4A - Бош","1","https://nikelectric.com/product/806pe92/","https://nikelectric.eu/product/806pe92","6a487f78f41576d1de5da89a"
"808PE14","808PE44 - Защитен клапан парогенератор TAURUS универсал - 3/8","10","https://nikelectric.com/product/808pe14/","https://nikelectric.eu/product/808pe14","6a48801bf41576d1de5dba7c"
"810PE03","Захр.кабел с щепсел 3х0.75 - бял","8","https://nikelectric.com/product/810pe03/","https://nikelectric.eu/product/810pe03","6a487f8ef41576d1de5dab0a"
"810PE10","Кабел ютия","9","https://nikelectric.com/product/810pe10/","https://nikelectric.eu/product/810pe10","6a48801df41576d1de5dbab2"
"810PE102","кабел силиконов 1.5 мм2","120.5","https://nikelectric.com/product/810pe102-----15-2/","https://nikelectric.eu/product/810pe102-----15-2","6a3e28e263ce2a8468e5358c"
"810PE103","кабел силиконов 2.5 мм2","160","https://nikelectric.com/product/810pe103-----25-2/","https://nikelectric.eu/product/810pe103-----25-2","6a3e28e263ce2a8468e53594"
"810PE104","кабел  силиконов 4 мм2","90","https://nikelectric.com/product/810pe104/","https://nikelectric.eu/product/810pe104","6a487f95f41576d1de5dabd0"
"810PE105","кабел силиконов  1.5 мм2  - 90см с обувки","2.5","https://nikelectric.com/product/810pe105/","https://nikelectric.eu/product/810pe105","6a488028f41576d1de5dbbe4"
"810PE106","К-т кабели силиконови с обувки  -1.5 мм2 за фурна","5","https://nikelectric.com/product/810pe106/","https://nikelectric.eu/product/810pe106","6a488028f41576d1de5dbbea"
"810PE107","кабел силиконов  1.5 мм2  - 45 см с обувки","3","https://nikelectric.com/product/810pe107/","https://nikelectric.eu/product/810pe107","6a488034f41576d1de5dbd3a"
"810PE108","кабел ШКПЛ 2х1","37","https://nikelectric.com/product/810pe108/","https://nikelectric.eu/product/810pe108","6a488042f41576d1de5dbeb4"
"810PE12","Захр.кабел за ел.възглавница","7","https://nikelectric.com/product/810pe12/","https://nikelectric.eu/product/810pe12","6a48803af41576d1de5dbdd6"
"811PE152","СР Кана Мулинекс - AROMA CRISTAL","1","https://nikelectric.com/product/811pe152/","https://nikelectric.eu/product/811pe152","6a487f81f41576d1de5da9a8"
"811PE156","Кана - бяла/черна","4","https://nikelectric.com/product/811pe156/","https://nikelectric.eu/product/811pe156","6a4880bbf41576d1de5dcbe0"
"811PE159","Кана -  Eлит Хюндай Нео","3","https://nikelectric.com/product/811pe159/","https://nikelectric.eu/product/811pe159","6a487f80f41576d1de5da98a"
"811PE160","Кана НЕО черна","2","https://nikelectric.com/product/811pe160/","https://nikelectric.eu/product/811pe160","6a4880bbf41576d1de5dcbe6"
"811PE161","Кана НЕО черна заоблена","1","https://nikelectric.com/product/811pe161/","https://nikelectric.eu/product/811pe161","6a4880bbf41576d1de5dcbec"
"811PE162","СР Кана Мулинекс","1","https://nikelectric.com/product/811pe162/","https://nikelectric.eu/product/811pe162","6a4880bcf41576d1de5dcbf2"
"811PE200","Ръкохватка Солак - Плевен","3","https://nikelectric.com/product/811pe200/","https://nikelectric.eu/product/811pe200","6a487f80f41576d1de5da978"
"811PE209","Ръкохватка НЕО-ES-151","1","https://nikelectric.com/product/811pe209/","https://nikelectric.eu/product/811pe209","6a487f81f41576d1de5da990"
"811PE224","Цедка за глава кафемашина","1","https://nikelectric.com/product/811pe224/","https://nikelectric.eu/product/811pe224","6a487ff1f41576d1de5db5ea"
"811PE231","Ръкохватка  под налягане 3 зъба","1","https://nikelectric.com/product/811pe231/","https://nikelectric.eu/product/811pe231","6a487ffbf41576d1de5db70a"
"811PE233OR","Ръкохватка за кафемашина DELONGHI с  3 зъба","2","https://nikelectric.com/product/811pe233or/","https://nikelectric.eu/product/811pe233or","6a488019f41576d1de5dba4c"
"811PE253","Крем шайба Солак","1","https://nikelectric.com/product/811pe253/","https://nikelectric.eu/product/811pe253","6a487f84f41576d1de5da9fc"
"811PE254","Цедка душова AEG","6","https://nikelectric.com/product/811pe254/","https://nikelectric.eu/product/811pe254","6a488047f41576d1de5dbf3e"
"811PE261","Крем шайба Кортина-К1","9","https://nikelectric.com/product/811pe261/","https://nikelectric.eu/product/811pe261","6a487f85f41576d1de5daa02"
"811PE262","Крем шайба Кортина-К2","5","https://nikelectric.com/product/811pe262/","https://nikelectric.eu/product/811pe262","6a487f85f41576d1de5daa08"
"811PE266","Глава кафемашина - метална","4","https://nikelectric.com/product/811pe266/","https://nikelectric.eu/product/811pe266","6a48801af41576d1de5dba6a"
"811PE271","SAECO","1","https://nikelectric.com/product/saeco-40/","https://nikelectric.eu/product/saeco-40","69b44263c23d34935c3b5d86"
"811PE305","врътка за кафемашина","22","https://nikelectric.com/product/811pe305/","https://nikelectric.eu/product/811pe305","6a487f81f41576d1de5da996"
"811PE324","Бойлер с нагревател - кръгъл","2","https://nikelectric.com/product/811pe324/","https://nikelectric.eu/product/811pe324","6a48800cf41576d1de5db8d8"
"811PE326","Бойлер с нагревател - Елит Нео Краун - комплект","1","https://nikelectric.com/product/811pe326/","https://nikelectric.eu/product/811pe326","6a488022f41576d1de5dbb30"
"811PE328","Бойлер с нагревател - Елит Нео Краун - комплект","2","https://nikelectric.com/product/811pe328/","https://nikelectric.eu/product/811pe328","6a488024f41576d1de5dbb6c"
"811PE332","Бойлер с нагревател Delonghi 2x600W -120V","2","https://nikelectric.com/product/811pe332/","https://nikelectric.eu/product/811pe332","6a48802ff41576d1de5dbcb6"
"811PE334","Н-л шварц машини 500W - TAURUS","3","https://nikelectric.com/product/811pe334/","https://nikelectric.eu/product/811pe334","6a488088f41576d1de5dc652"
"811PE338","Държач ръкохватка","5","https://nikelectric.com/product/811pe338/","https://nikelectric.eu/product/811pe338","6a4880d6f41576d1de5dced4"
"811PE364","упл.ТЕН проф.машина - триъгълна клингерит.","8","https://nikelectric.com/product/811pe364/","https://nikelectric.eu/product/811pe364","6a487f77f41576d1de5da882"
"811PE391","възвратен клапан кафемашина","2","https://nikelectric.com/product/811pe391/","https://nikelectric.eu/product/811pe391","6a488001f41576d1de5db7b2"
"811PE393","накрайник за KRUPS - MS-0A01531","1","https://nikelectric.com/product/811pe393/","https://nikelectric.eu/product/811pe393","6a48800ef41576d1de5db90e"
"811PE410","Накрайник кафемаш. JURA Ф4мм.","1","https://nikelectric.com/product/811pe410/","https://nikelectric.eu/product/811pe410","6a48804ef41576d1de5dc00a"
"811PE415OR","Филтър за вода на кафемашина PHILIPS SAECO","9","https://nikelectric.com/product/811pe415or/","https://nikelectric.eu/product/811pe415or","6a4880a3f41576d1de5dc94c"
"811PE500","поставка за чаши- кафемашина","17","https://nikelectric.com/product/811pe500/","https://nikelectric.eu/product/811pe500","6a488047f41576d1de5dbf4a"
"811PE503","Зъбно колело за кафемелачка Саеко","1","https://nikelectric.com/product/811pe503/","https://nikelectric.eu/product/811pe503","6a488053f41576d1de5dc094"
"811PE550","Ръкохватки кафемашина","1","https://nikelectric.com/product/811pe550/","https://nikelectric.eu/product/811pe550","6a48801cf41576d1de5dba9a"
"811PE601","Филтър за кафемашина  ø 110/360","3","https://nikelectric.com/product/811pe601/","https://nikelectric.eu/product/811pe601","6a488105f41576d1de5dd3f6"
"813PE121","Упл. кафеварка 12 кафета - силикон","1","https://nikelectric.com/product/813pe121/","https://nikelectric.eu/product/813pe121","6a48800df41576d1de5db902"
"813PE206","№ 068А 0-пръстен б-р Президент -  силикон","31","https://nikelectric.com/product/813pe206/","https://nikelectric.eu/product/813pe206","6a487f80f41576d1de5da972"
"813PE208","№ 052А 0-пръс.73х3.5 сил - Плевен / Сан Марко","25","https://nikelectric.com/product/813pe208/","https://nikelectric.eu/product/813pe208","6a487f7ff41576d1de5da966"
"813PE217","№249А О-пръстен - разпределител бойлер  Саеко","13","https://nikelectric.com/product/813pe217/","https://nikelectric.eu/product/813pe217","6a488012f41576d1de5db97a"
"813PE220","У-тел  бойлер парогенератор - силикон","19","https://nikelectric.com/product/813pe220/","https://nikelectric.eu/product/813pe220","6a488023f41576d1de5dbb54"
"813PE234","Капак за кафем.Саеко - 996530001005","1","https://nikelectric.com/product/813pe234/","https://nikelectric.eu/product/813pe234","6a48808cf41576d1de5dc6ca"
"813PE401","О-ринг 4х2","1","https://nikelectric.com/product/813pe401-----42/","https://nikelectric.eu/product/813pe401-----42","6a33106763ce2a8468da9173"
"813PE402","О-ринг 5х2","51","https://nikelectric.com/product/813pe402/","https://nikelectric.eu/product/813pe402","6a487f82f41576d1de5da9b4"
"813PE403","О-ринг 6х2","53","https://nikelectric.com/product/813pe403/","https://nikelectric.eu/product/813pe403","6a487f82f41576d1de5da9ba"
"813PE404","О-ринг 7х2","60","https://nikelectric.com/product/813pe404-----72/","https://nikelectric.eu/product/813pe404-----72","69ff2f8958138c72b910dc01"
"813PE405","О-ринг 8х2","60","https://nikelectric.com/product/813pe405-----82/","https://nikelectric.eu/product/813pe405-----82","6a33106763ce2a8468da917b"
"813PE406","О-ринг 10х2","3","https://nikelectric.com/product/813pe406/","https://nikelectric.eu/product/813pe406","6a487f86f41576d1de5daa26"
"813PE407","О-ринг 10х2.5","8","https://nikelectric.com/product/813pe407/","https://nikelectric.eu/product/813pe407","6a487f86f41576d1de5daa2c"
"813PE408","О-ринг 11х2.5","10","https://nikelectric.com/product/813pe408-----1125/","https://nikelectric.eu/product/813pe408-----1125","6a33106763ce2a8468da9183"
"813PE409","О-ринг 12х2.5","13","https://nikelectric.com/product/813pe409/","https://nikelectric.eu/product/813pe409","6a487f86f41576d1de5daa32"
"813PE412","О-ринг 16х2.5","25","https://nikelectric.com/product/813pe412/","https://nikelectric.eu/product/813pe412","6a487f87f41576d1de5daa3e"
"813PE413","О-ринг 17х2.5","33","https://nikelectric.com/product/813pe413/","https://nikelectric.eu/product/813pe413","6a487f87f41576d1de5daa44"
"813PE414","О-ринг 19х2.5","27","https://nikelectric.com/product/813pe414/","https://nikelectric.eu/product/813pe414","6a487f87f41576d1de5daa4a"
"813PE415","О-ринг 19х3","42","https://nikelectric.com/product/813pe415/","https://nikelectric.eu/product/813pe415","6a487f87f41576d1de5daa50"
"813PE416","О-ринг 20х2","10","https://nikelectric.com/product/813pe416/","https://nikelectric.eu/product/813pe416","6a487f84f41576d1de5da9e4"
"813PE417","О-ринг 20х2.5","10","https://nikelectric.com/product/813pe417/","https://nikelectric.eu/product/813pe417","6a487f84f41576d1de5da9ea"
"813PE418","О-ринг 20х3","14","https://nikelectric.com/product/813pe418/","https://nikelectric.eu/product/813pe418","6a487f88f41576d1de5daa56"
"813PE419","О-ринг 22х3","23","https://nikelectric.com/product/813pe419/","https://nikelectric.eu/product/813pe419","6a487f88f41576d1de5daa5c"
"813PE420","О-ринг 24х3","12","https://nikelectric.com/product/813pe420/","https://nikelectric.eu/product/813pe420","6a487f88f41576d1de5daa62"
"813PE421","О-ринг 25х3","43","https://nikelectric.com/product/813pe421/","https://nikelectric.eu/product/813pe421","6a487f88f41576d1de5daa68"
"813PE423","О-ринг 28х3","44","https://nikelectric.com/product/813pe423/","https://nikelectric.eu/product/813pe423","6a487f89f41576d1de5daa74"
"813PE424","О-ринг 30х3","3","https://nikelectric.com/product/813pe424/","https://nikelectric.eu/product/813pe424","6a487f89f41576d1de5daa7a"
"813PE425","О-ринг 32х3","58","https://nikelectric.com/product/813pe425/","https://nikelectric.eu/product/813pe425","6a487f89f41576d1de5daa80"
"813PE426","О-ринг 33х3","41","https://nikelectric.com/product/813pe426/","https://nikelectric.eu/product/813pe426","6a487f82f41576d1de5da9c0"
"813PE427","О-ринг 35х2","10","https://nikelectric.com/product/813pe427/","https://nikelectric.eu/product/813pe427","6a487f84f41576d1de5da9f0"
"813PE428","О-ринг 35х3","47","https://nikelectric.com/product/813pe428/","https://nikelectric.eu/product/813pe428","6a487f82f41576d1de5da9c6"
"813PE429","О-ринг 36х2","9","https://nikelectric.com/product/813pe429/","https://nikelectric.eu/product/813pe429","6a487f84f41576d1de5da9f6"
"813PE430","О-ринг 36х3","38","https://nikelectric.com/product/813pe430/","https://nikelectric.eu/product/813pe430","6a487f83f41576d1de5da9cc"
"813PE431","О-ринг 38х3","7","https://nikelectric.com/product/813pe431/","https://nikelectric.eu/product/813pe431","6a487f83f41576d1de5da9d2"
"813PE432","О-ринг 39х3","8","https://nikelectric.com/product/813pe432/","https://nikelectric.eu/product/813pe432","6a487f89f41576d1de5daa86"
"813PE433","О-ринг 42х4","14","https://nikelectric.com/product/813pe433/","https://nikelectric.eu/product/813pe433","6a487f83f41576d1de5da9d8"
"813PE434","О-ринг 45х4","53","https://nikelectric.com/product/813pe434/","https://nikelectric.eu/product/813pe434","6a487f83f41576d1de5da9de"
"813PE435","О-ринг 55х3.5","100","https://nikelectric.com/product/813pe435/","https://nikelectric.eu/product/813pe435","6a487f89f41576d1de5daa8c"
"813PE436","О-ринг 56х4","5","https://nikelectric.com/product/813pe436/","https://nikelectric.eu/product/813pe436","6a487f8af41576d1de5daa92"
"813PE437","О-ринг 62х3.5","10","https://nikelectric.com/product/813pe437/","https://nikelectric.eu/product/813pe437","6a487f7ff41576d1de5da96c"
"813PE438","О-ринг 63х3","7","https://nikelectric.com/product/813pe438/","https://nikelectric.eu/product/813pe438","6a487f8af41576d1de5daa98"
"813PE439","О-ринг 65х3.5","7","https://nikelectric.com/product/813pe439/","https://nikelectric.eu/product/813pe439","6a487f8af41576d1de5daa9e"
"813PE440","О-ринг 65х4","3","https://nikelectric.com/product/813pe440/","https://nikelectric.eu/product/813pe440","6a487f8af41576d1de5daaa4"
"813PE450","O-ринг","267","https://nikelectric.com/product/813pe450/","https://nikelectric.eu/product/813pe450","6a487f81f41576d1de5da9a2"
"813PE91","№047  Душово Плевен, Сан Марко","7","https://nikelectric.com/product/813pe91/","https://nikelectric.eu/product/813pe91","6a488001f41576d1de5db79a"
"813PE92","Душово NEO ES-151NEW","1","https://nikelectric.com/product/813pe92/","https://nikelectric.eu/product/813pe92","6a48800af41576d1de5db8a8"
"813PE96","№297А душово Елит","20","https://nikelectric.com/product/813pe96/","https://nikelectric.eu/product/813pe96","6a488091f41576d1de5dc742"
"815PE123","ТОС - NC 190 С - керамично с винт","4","https://nikelectric.com/product/815pe123/","https://nikelectric.eu/product/815pe123","6a487fedf41576d1de5db56c"
"815PE131","ТОС - NC 125 С - 10A","3","https://nikelectric.com/product/815pe131/","https://nikelectric.eu/product/815pe131","6a488010f41576d1de5db94a"
"815PE139","ТОС - NC 175 C","6","https://nikelectric.com/product/815pe139/","https://nikelectric.eu/product/815pe139","6a4880ecf41576d1de5dd144"
"815PE161","ТОС - NC 155 С керамичен","1","https://nikelectric.com/product/815pe161/","https://nikelectric.eu/product/815pe161","6a487fbff41576d1de5db062"
"815PE162","ТОС - NC 280 С керамичен","3","https://nikelectric.com/product/815pe162/","https://nikelectric.eu/product/815pe162","6a487fb3f41576d1de5daf1e"
"815PE511","ТОС - NC 130 С с фланче - ВУ","19","https://nikelectric.com/product/815pe511/","https://nikelectric.eu/product/815pe511","6a488010f41576d1de5db950"
"816PE18","Защита Фритюрник 240 С- къс осезател","1","https://nikelectric.com/product/816pe18/","https://nikelectric.eu/product/816pe18","6a487fd1f41576d1de5db25a"
"816PE38","ТРМ ютия","3","https://nikelectric.com/product/816pe38/","https://nikelectric.eu/product/816pe38","6a487f5df41576d1de5da5c4"
"817PE25","защита 150 С - 15А - керамична","1","https://nikelectric.com/product/817pe25/","https://nikelectric.eu/product/817pe25","6a487f5ef41576d1de5da5d0"
"817PE30","ТР 240 С с кабел","8","https://nikelectric.com/product/817pe30/","https://nikelectric.eu/product/817pe30","6a487f5cf41576d1de5da5b2"
"817PE33","ТР 120 С - 16A с кабел - за проточен бойлер MUHLER","3","https://nikelectric.com/product/817pe33/","https://nikelectric.eu/product/817pe33","6a48803cf41576d1de5dbe12"
"817PE35","ТР 227 С с кабел","13","https://nikelectric.com/product/817pe35/","https://nikelectric.eu/product/817pe35","6a488088f41576d1de5dc64c"
"818LG100","Предпазител - 6х30 - 8А  - стъклен","67","https://nikelectric.com/product/818lg100/","https://nikelectric.eu/product/818lg100","6a488005f41576d1de5db80c"
"818LG101","Предпазител - 6х30 - 10А  - стъклен","340","https://nikelectric.com/product/818lg101/","https://nikelectric.eu/product/818lg101","6a488005f41576d1de5db812"
"818LG102","Предпазител - 6х30 - 13А  - стъклен","61","https://nikelectric.com/product/818lg102/","https://nikelectric.eu/product/818lg102","6a488005f41576d1de5db818"
"818LG103","Предпазител - 6х30 - 15А  - стъклен","149","https://nikelectric.com/product/818lg103/","https://nikelectric.eu/product/818lg103","6a488005f41576d1de5db81e"
"818LG104","Предпазител - 6х30 - 20А  - стъклен","65","https://nikelectric.com/product/818lg104/","https://nikelectric.eu/product/818lg104","6a488005f41576d1de5db824"
"818LG40","Гнездо за предпазител 5х20","60","https://nikelectric.com/product/818lg40/","https://nikelectric.eu/product/818lg40","6a487f8bf41576d1de5daab0"
"818LG50","Предпазител - 10х38 - 2А 500V","9","https://nikelectric.com/product/818lg50/","https://nikelectric.eu/product/818lg50","6a487fd2f41576d1de5db28a"
"818LG51","Предпазител - 10х38 - 4А 500V","5","https://nikelectric.com/product/818lg51/","https://nikelectric.eu/product/818lg51","6a487fd3f41576d1de5db290"
"819PE28","Защита 90 С - 16А  Tecasa","1","https://nikelectric.com/product/819pe28/","https://nikelectric.eu/product/819pe28","6a487f5df41576d1de5da5be"
"819PE49","ТОБС РЕЛАКС - NC 57 С + защита 80 С - 45 А","2","https://nikelectric.com/product/819pe49/","https://nikelectric.eu/product/819pe49","6a487ff9f41576d1de5db6bc"
"819PE53","Електронен термостат за бойлер ARISTON","1","https://nikelectric.com/product/819pe53/","https://nikelectric.eu/product/819pe53","6a488016f41576d1de5db9f2"
"819PE55","Температурен изключвател Юнга АЗ","3","https://nikelectric.com/product/819pe55/","https://nikelectric.eu/product/819pe55","6a488025f41576d1de5dbb8a"
"819PE63","Защита сива CN -20A -400V-90 C къса сонда","19","https://nikelectric.com/product/819pe63/","https://nikelectric.eu/product/819pe63","6a48804ef41576d1de5dc010"
"819PE71","FAGOR","25","https://nikelectric.com/product/fagor-57/","https://nikelectric.eu/product/fagor-57","69b44735c23d34935c3be404"
"820PE113","ключ кафяв - болтове","5","https://nikelectric.com/product/820pe113/","https://nikelectric.eu/product/820pe113","6a4880baf41576d1de5dcbce"
"820PE114","МИКРОКЛЮЧ 16A","67","https://nikelectric.com/product/d0bcd0b8d0bad180d0bed0bad0bbd18ed187-16a-4/","https://nikelectric.eu/product/d0bcd0b8d0bad180d0bed0bad0bbd18ed187-16a-4","69b44820c23d34935c3bfd24"
"820PE130","Ключ","6","https://nikelectric.com/product/820pe130/","https://nikelectric.eu/product/820pe130","6a487f8cf41576d1de5daac8"
"820PE219","Ключ тесен  10А с маншон","4","https://nikelectric.com/product/820pe219/","https://nikelectric.eu/product/820pe219","6a488029f41576d1de5dbc08"
"820PE600","Ключ прахосмукачка","10","https://nikelectric.com/product/820pe600/","https://nikelectric.eu/product/820pe600","6a487f86f41576d1de5daa20"
"820PE606","Ключ прахосмукачка- Taurus","1","https://nikelectric.com/product/820pe606/","https://nikelectric.eu/product/820pe606","6a487ff5f41576d1de5db64a"
"901CU08","Упл.тенджера DECOR - Ф23см","2","https://nikelectric.com/product/901cu08/","https://nikelectric.eu/product/901cu08","6a487fcdf41576d1de5db1ee"
"901CU12","901CU12  Уплътнител тенджера  - D260 мм - външен","10","https://nikelectric.com/product/901cu12/","https://nikelectric.eu/product/901cu12","6a488040f41576d1de5dbe7e"
"901FA02","901FA02  Уплътнител тенджера FAGOR - Ф25см","1","https://nikelectric.com/product/901fa02/","https://nikelectric.eu/product/901fa02","6a487f5cf41576d1de5da5a6"
"901FA16","Kлапан FAGOR","3","https://nikelectric.com/product/901fa16/","https://nikelectric.eu/product/901fa16","6a488018f41576d1de5dba2e"
"901FA17","Kлапан FAGOR","2","https://nikelectric.com/product/901fa17/","https://nikelectric.eu/product/901fa17","6a488019f41576d1de5dba34"
"905LG01","Н-л за радиатор 500W - 600mm - 624893030","1","https://nikelectric.com/product/905lg01/","https://nikelectric.eu/product/905lg01","6a488003f41576d1de5db7e2"
"905LG02","Н-л за радиатор 1000W - 1000mm - 624893080","1","https://nikelectric.com/product/905lg02/","https://nikelectric.eu/product/905lg02","6a488003f41576d1de5db7e8"
"906LG01","Механизъм за вентилатор баня","2","https://nikelectric.com/product/906lg01/","https://nikelectric.eu/product/906lg01","6a48804bf41576d1de5dbfaa"
